0,3.7601e+05,14545,0
1,3.7598e+05,14531,0
2,3.7596e+05,14516,0
3,3.7593e+05,14501,0
4,3.7591e+05,14486,0
5,3.7588e+05,14471,0
6,3.7586e+05,14457,0
7,3.7583e+05,14442,0
8,3.7581e+05,14427,0
9,3.7579e+05,14412,0
10,3.7576e+05,14396,0
11,3.7574e+05,14381,0
12,3.7571e+05,14366,0
13,3.7569e+05,14351,0
14,3.7566e+05,14336,0
15,3.7564e+05,14320,0
16,3.7561e+05,14305,0
17,3.7559e+05,14289,0
18,3.7556e+05,14274,0
19,3.7554e+05,14258,0
20,3.7552e+05,14243,0
21,3.7549e+05,14227,0
22,3.7547e+05,14212,0
23,3.7544e+05,14196,0
24,3.7542e+05,14180,0
25,3.7539e+05,14165,0
26,3.7537e+05,14149,0
27,3.7535e+05,14133,0
28,3.7532e+05,14117,0
29,3.753e+05,14101,0
30,3.7527e+05,14085,0
31,3.7525e+05,14069,0
32,3.7523e+05,14053,0
33,3.752e+05,14037,0
34,3.7518e+05,14021,0
35,3.7515e+05,14005,0
36,3.7513e+05,13988,0
37,3.7511e+05,13972,0
38,3.7508e+05,13956,0
39,3.7506e+05,13939,0
40,3.7503e+05,13923,0
41,3.7501e+05,13907,0
42,3.7499e+05,13890,0
43,3.7496e+05,13874,0
44,3.7494e+05,13857,0
45,3.7492e+05,13840,0
46,3.7489e+05,13824,0
47,3.7487e+05,13807,0
48,3.7484e+05,13790,0
49,3.7482e+05,13774,0
50,3.748e+05,13757,0
51,3.7477e+05,13740,0
52,3.7475e+05,13723,0
53,3.7473e+05,13706,0
54,3.747e+05,13689,0
55,3.7468e+05,13672,0
56,3.7466e+05,13655,0
57,3.7463e+05,13638,0
58,3.7461e+05,13621,0
59,3.7459e+05,13603,0
60,3.7456e+05,13586,0
61,3.7454e+05,13569,0
62,3.7452e+05,13552,0
63,3.7449e+05,13534,0
64,3.7447e+05,13517,0
65,3.7445e+05,13499,0
66,3.7442e+05,13482,0
67,3.744e+05,13464,0
68,3.7438e+05,13447,0
69,3.7436e+05,13429,0
70,3.7433e+05,13411,0
71,3.7431e+05,13394,0
72,3.7429e+05,13376,0
73,3.7426e+05,13358,0
74,3.7424e+05,13340,0
75,3.7422e+05,13323,0
76,3.742e+05,13305,0
77,3.7417e+05,13287,0
78,3.7415e+05,13269,0
79,3.7413e+05,13251,0
80,3.741e+05,13233,0
81,3.7408e+05,13215,0
82,3.7406e+05,13196,0
83,3.7404e+05,13178,0
84,3.7401e+05,13160,0
85,3.7399e+05,13142,0
86,3.7397e+05,13123,0
87,3.7395e+05,13105,0
88,3.7392e+05,13087,0
89,3.739e+05,13068,0
90,3.7388e+05,13050,0
91,3.7386e+05,13031,0
92,3.7384e+05,13013,0
93,3.7381e+05,12994,0
94,3.7379e+05,12976,0
95,3.7377e+05,12957,0
96,3.7375e+05,12938,0
97,3.7372e+05,12919,0
98,3.737e+05,12901,0
99,3.7368e+05,12882,0
100,3.7366e+05,12863,0
101,3.7364e+05,12844,0
102,3.7361e+05,12825,0
103,3.7359e+05,12806,0
104,3.7357e+05,12787,0
105,3.7355e+05,12768,0
106,3.7353e+05,12749,0
107,3.735e+05,12730,0
108,3.7348e+05,12711,0
109,3.7346e+05,12691,0
110,3.7344e+05,12672,0
111,3.7342e+05,12653,0
112,3.734e+05,12634,0
113,3.7337e+05,12614,0
114,3.7335e+05,12595,0
115,3.7333e+05,12575,0
116,3.7331e+05,12556,0
117,3.7329e+05,12536,0
118,3.7327e+05,12517,0
119,3.7325e+05,12497,0
120,3.7322e+05,12478,0
121,3.732e+05,12458,0
122,3.7318e+05,12438,0
123,3.7316e+05,12418,0
124,3.7314e+05,12399,0
125,3.7312e+05,12379,0
126,3.731e+05,12359,0
127,3.7308e+05,12339,0
128,3.7305e+05,12319,0
129,3.7303e+05,12299,0
130,3.7301e+05,12279,0
131,3.7299e+05,12259,0
132,3.7297e+05,12239,0
133,3.7295e+05,12219,0
134,3.7293e+05,12199,0
135,3.7291e+05,12178,0
136,3.7289e+05,12158,0
137,3.7287e+05,12138,0
138,3.7285e+05,12117,0
139,3.7282e+05,12097,0
140,3.728e+05,12077,0
141,3.7278e+05,12056,0
142,3.7276e+05,12036,0
143,3.7274e+05,12015,0
144,3.7272e+05,11995,0
145,3.727e+05,11974,0
146,3.7268e+05,11954,0
147,3.7266e+05,11933,0
148,3.7264e+05,11912,0
149,3.7262e+05,11892,0
150,3.726e+05,11871,0
151,3.7258e+05,11850,0
152,3.7256e+05,11829,0
153,3.7254e+05,11808,0
154,3.7252e+05,11787,0
155,3.725e+05,11766,0
156,3.7248e+05,11745,0
157,3.7246e+05,11724,0
158,3.7244e+05,11703,0
159,3.7242e+05,11682,0
160,3.724e+05,11661,0
161,3.7238e+05,11640,0
162,3.7236e+05,11619,0
163,3.7234e+05,11598,0
164,3.7232e+05,11576,0
165,3.723e+05,11555,0
166,3.7228e+05,11534,0
167,3.7226e+05,11512,0
168,3.7224e+05,11491,0
169,3.7222e+05,11469,0
170,3.722e+05,11448,0
171,3.7218e+05,11426,0
172,3.7216e+05,11405,0
173,3.7214e+05,11383,0
174,3.7212e+05,11362,0
175,3.721e+05,11340,0
176,3.7208e+05,11318,0
177,3.7206e+05,11297,0
178,3.7204e+05,11275,0
179,3.7202e+05,11253,0
180,3.72e+05,11231,0
181,3.7199e+05,11209,0
182,3.7197e+05,11187,0
183,3.7195e+05,11165,0
184,3.7193e+05,11143,0
185,3.7191e+05,11121,0
186,3.7189e+05,11099,0
187,3.7187e+05,11077,0
188,3.7185e+05,11055,0
189,3.7183e+05,11033,0
190,3.7181e+05,11011,0
191,3.718e+05,10989,0
192,3.7178e+05,10966,0
193,3.7176e+05,10944,0
194,3.7174e+05,10922,0
195,3.7172e+05,10900,0
196,3.717e+05,10877,0
197,3.7168e+05,10855,0
198,3.7166e+05,10832,0
199,3.7165e+05,10810,0
200,3.7163e+05,10787,0
201,3.7161e+05,10765,0
202,3.7159e+05,10742,0
203,3.7157e+05,10720,0
204,3.7155e+05,10697,0
205,3.7154e+05,10674,0
206,3.7152e+05,10652,0
207,3.715e+05,10629,0
208,3.7148e+05,10606,0
209,3.7146e+05,10583,0
210,3.7144e+05,10560,0
211,3.7143e+05,10537,0
212,3.7141e+05,10515,0
213,3.7139e+05,10492,0
214,3.7137e+05,10469,0
215,3.7135e+05,10446,0
216,3.7134e+05,10423,0
217,3.7132e+05,10400,0
218,3.713e+05,10376,0
219,3.7128e+05,10353,0
220,3.7127e+05,10330,0
221,3.7125e+05,10307,0
222,3.7123e+05,10284,0
223,3.7121e+05,10260,0
224,3.7119e+05,10237,0
225,3.7118e+05,10214,0
226,3.7116e+05,10190,0
227,3.7114e+05,10167,0
228,3.7112e+05,10144,0
229,3.7111e+05,10120,0
230,3.7109e+05,10097,0
231,3.7107e+05,10073,0
232,3.7106e+05,10050,0
233,3.7104e+05,10026,0
234,3.7102e+05,10002,0
235,3.71e+05,9978.8,0
236,3.7099e+05,9955.1,0
237,3.7097e+05,9931.4,0
238,3.7095e+05,9907.7,0
239,3.7094e+05,9883.9,0
240,3.7092e+05,9860.1,0
241,3.709e+05,9836.3,0
242,3.7089e+05,9812.5,0
243,3.7087e+05,9788.6,0
244,3.7085e+05,9764.7,0
245,3.7083e+05,9740.7,0
246,3.7082e+05,9716.7,0
247,3.708e+05,9692.7,0
248,3.7078e+05,9668.7,0
249,3.7077e+05,9644.6,0
250,3.7075e+05,9620.5,0
251,3.7074e+05,9596.4,0
252,3.7072e+05,9572.3,0
253,3.707e+05,9548.1,0
254,3.7069e+05,9523.9,0
255,3.7067e+05,9499.6,0
256,3.7065e+05,9475.3,0
257,3.7064e+05,9451,0
258,3.7062e+05,9426.7,0
259,3.706e+05,9402.3,0
260,3.7059e+05,9378,0
261,3.7057e+05,9353.5,0
262,3.7056e+05,9329.1,0
263,3.7054e+05,9304.6,0
264,3.7052e+05,9280.1,0
265,3.7051e+05,9255.6,0
266,3.7049e+05,9231,0
267,3.7048e+05,9206.4,0
268,3.7046e+05,9181.8,0
269,3.7045e+05,9157.1,0
270,3.7043e+05,9132.5,0
271,3.7041e+05,9107.8,0
272,3.704e+05,9083,0
273,3.7038e+05,9058.3,0
274,3.7037e+05,9033.5,0
275,3.7035e+05,9008.6,0
276,3.7034e+05,8983.8,0
277,3.7032e+05,8958.9,0
278,3.7031e+05,8934,0
279,3.7029e+05,8909.1,0
280,3.7028e+05,8884.1,0
281,3.7026e+05,8859.1,0
282,3.7024e+05,8834.1,0
283,3.7023e+05,8809.1,0
284,3.7021e+05,8784,0
285,3.702e+05,8758.9,0
286,3.7018e+05,8733.8,0
287,3.7017e+05,8708.6,0
288,3.7015e+05,8683.5,0
289,3.7014e+05,8658.2,0
290,3.7012e+05,8633,0
291,3.7011e+05,8607.8,0
292,3.701e+05,8582.5,0
293,3.7008e+05,8557.2,0
294,3.7007e+05,8531.8,0
295,3.7005e+05,8506.5,0
296,3.7004e+05,8481.1,0
297,3.7002e+05,8455.6,0
298,3.7001e+05,8430.2,0
299,3.6999e+05,8404.7,0
300,3.6998e+05,8379.2,0
301,3.6996e+05,8353.7,0
302,3.6995e+05,8328.2,0
303,3.6994e+05,8302.6,0
304,3.6992e+05,8277,0
305,3.6991e+05,8251.4,0
306,3.6989e+05,8225.7,0
307,3.6988e+05,8200,0
308,3.6986e+05,8174.3,0
309,3.6985e+05,8148.6,0
310,3.6984e+05,8122.8,0
311,3.6982e+05,8097,0
312,3.6981e+05,8071.2,0
313,3.698e+05,8045.4,0
314,3.6978e+05,8019.6,0
315,3.6977e+05,7993.7,0
316,3.6975e+05,7967.8,0
317,3.6974e+05,7941.8,0
318,3.6973e+05,7915.9,0
319,3.6971e+05,7889.9,0
320,3.697e+05,7863.9,0
321,3.6969e+05,7837.9,0
322,3.6967e+05,7811.8,0
323,3.6966e+05,7785.7,0
324,3.6965e+05,7759.6,0
325,3.6963e+05,7733.5,0
326,3.6962e+05,7707.4,0
327,3.6961e+05,7681.2,0
328,3.6959e+05,7655,0
329,3.6958e+05,7628.8,0
330,3.6957e+05,7602.5,0
331,3.6955e+05,7576.2,0
332,3.6954e+05,7549.9,0
333,3.6953e+05,7523.6,0
334,3.6951e+05,7497.3,0
335,3.695e+05,7470.9,0
336,3.6949e+05,7444.5,0
337,3.6948e+05,7418.1,0
338,3.6946e+05,7391.7,0
339,3.6945e+05,7365.2,0
340,3.6944e+05,7338.8,0
341,3.6943e+05,7312.2,0
342,3.6941e+05,7285.7,0
343,3.694e+05,7259.2,0
344,3.6939e+05,7232.6,0
345,3.6938e+05,7206,0
346,3.6936e+05,7179.4,0
347,3.6935e+05,7152.8,0
348,3.6934e+05,7126.1,0
349,3.6933e+05,7099.4,0
350,3.6931e+05,7072.7,0
351,3.693e+05,7046,0
352,3.6929e+05,7019.2,0
353,3.6928e+05,6992.5,0
354,3.6927e+05,6965.7,0
355,3.6925e+05,6938.8,0
356,3.6924e+05,6912,0
357,3.6923e+05,6885.1,0
358,3.6922e+05,6858.3,0
359,3.6921e+05,6831.4,0
360,3.692e+05,6804.4,0
361,3.6918e+05,6777.5,0
362,3.6917e+05,6750.5,0
363,3.6916e+05,6723.5,0
364,3.6915e+05,6696.5,0
365,3.6914e+05,6669.5,0
366,3.6913e+05,6642.5,0
367,3.6911e+05,6615.4,0
368,3.691e+05,6588.3,0
369,3.6909e+05,6561.2,0
370,3.6908e+05,6534,0
371,3.6907e+05,6506.9,0
372,3.6906e+05,6479.7,0
373,3.6905e+05,6452.5,0
374,3.6904e+05,6425.3,0
375,3.6902e+05,6398.1,0
376,3.6901e+05,6370.8,0
377,3.69e+05,6343.5,0
378,3.6899e+05,6316.3,0
379,3.6898e+05,6288.9,0
380,3.6897e+05,6261.6,0
381,3.6896e+05,6234.3,0
382,3.6895e+05,6206.9,0
383,3.6894e+05,6179.5,0
384,3.6893e+05,6152.1,0
385,3.6892e+05,6124.6,0
386,3.6891e+05,6097.2,0
387,3.689e+05,6069.7,0
388,3.6889e+05,6042.2,0
389,3.6888e+05,6014.7,0
390,3.6887e+05,5987.2,0
391,3.6885e+05,5959.7,0
392,3.6884e+05,5932.1,0
393,3.6883e+05,5904.5,0
394,3.6882e+05,5876.9,0
395,3.6881e+05,5849.3,0
396,3.688e+05,5821.7,0
397,3.6879e+05,5794,0
398,3.6878e+05,5766.3,0
399,3.6877e+05,5738.6,0
400,3.6876e+05,5710.9,0
401,3.6875e+05,5683.2,0
402,3.6875e+05,5655.5,0
403,3.6874e+05,5627.7,0
404,3.6873e+05,5599.9,0
405,3.6872e+05,5572.1,0
406,3.6871e+05,5544.3,0
407,3.687e+05,5516.5,0
408,3.6869e+05,5488.6,0
409,3.6868e+05,5460.7,0
410,3.6867e+05,5432.9,0
411,3.6866e+05,5405,0
412,3.6865e+05,5377,0
413,3.6864e+05,5349.1,0
414,3.6863e+05,5321.2,0
415,3.6862e+05,5293.2,0
416,3.6861e+05,5265.2,0
417,3.686e+05,5237.2,0
418,3.686e+05,5209.2,0
419,3.6859e+05,5181.1,0
420,3.6858e+05,5153.1,0
421,3.6857e+05,5125,0
422,3.6856e+05,5096.9,0
423,3.6855e+05,5068.8,0
424,3.6854e+05,5040.7,0
425,3.6853e+05,5012.6,0
426,3.6853e+05,4984.4,0
427,3.6852e+05,4956.3,0
428,3.6851e+05,4928.1,0
429,3.685e+05,4899.9,0
430,3.6849e+05,4871.7,0
431,3.6848e+05,4843.5,0
432,3.6847e+05,4815.2,0
433,3.6847e+05,4787,0
434,3.6846e+05,4758.7,0
435,3.6845e+05,4730.4,0
436,3.6844e+05,4702.1,0
437,3.6843e+05,4673.8,0
438,3.6843e+05,4645.5,0
439,3.6842e+05,4617.1,0
440,3.6841e+05,4588.8,0
441,3.684e+05,4560.4,0
442,3.6839e+05,4532,0
443,3.6839e+05,4503.6,0
444,3.6838e+05,4475.2,0
445,3.6837e+05,4446.8,0
446,3.6836e+05,4418.3,0
447,3.6836e+05,4389.9,0
448,3.6835e+05,4361.4,0
449,3.6834e+05,4332.9,0
450,3.6833e+05,4304.4,0
451,3.6833e+05,4275.9,0
452,3.6832e+05,4247.4,0
453,3.6831e+05,4218.8,0
454,3.683e+05,4190.3,0
455,3.683e+05,4161.7,0
456,3.6829e+05,4133.1,0
457,3.6828e+05,4104.6,0
458,3.6828e+05,4075.9,0
459,3.6827e+05,4047.3,0
460,3.6826e+05,4018.7,0
461,3.6825e+05,3990.1,0
462,3.6825e+05,3961.4,0
463,3.6824e+05,3932.7,0
464,3.6823e+05,3904.1,0
465,3.6823e+05,3875.4,0
466,3.6822e+05,3846.7,0
467,3.6821e+05,3817.9,0
468,3.6821e+05,3789.2,0
469,3.682e+05,3760.5,0
470,3.682e+05,3731.7,0
471,3.6819e+05,3703,0
472,3.6818e+05,3674.2,0
473,3.6818e+05,3645.4,0
474,3.6817e+05,3616.6,0
475,3.6816e+05,3587.8,0
476,3.6816e+05,3559,0
477,3.6815e+05,3530.1,0
478,3.6815e+05,3501.3,0
479,3.6814e+05,3472.4,0
480,3.6813e+05,3443.6,0
481,3.6813e+05,3414.7,0
482,3.6812e+05,3385.8,0
483,3.6812e+05,3356.9,0
484,3.6811e+05,3328,0
485,3.681e+05,3299.1,0
486,3.681e+05,3270.1,0
487,3.6809e+05,3241.2,0
488,3.6809e+05,3212.3,0
489,3.6808e+05,3183.3,0
490,3.6808e+05,3154.3,0
491,3.6807e+05,3125.3,0
492,3.6807e+05,3096.4,0
493,3.6806e+05,3067.4,0
494,3.6806e+05,3038.3,0
495,3.6805e+05,3009.3,0
496,3.6804e+05,2980.3,0
497,3.6804e+05,2951.3,0
498,3.6803e+05,2922.2,0
499,3.6803e+05,2893.2,0
500,3.6802e+05,2864.1,0
501,3.6802e+05,2835,0
502,3.6802e+05,2805.9,0
503,3.6801e+05,2776.8,0
504,3.6801e+05,2747.7,0
505,3.68e+05,2718.6,0
506,3.68e+05,2689.5,0
507,3.6799e+05,2660.4,0
508,3.6799e+05,2631.2,0
509,3.6798e+05,2602.1,0
510,3.6798e+05,2573,0
511,3.6797e+05,2543.8,0
512,3.6797e+05,2514.6,0
513,3.6796e+05,2485.5,0
514,3.6796e+05,2456.3,0
515,3.6796e+05,2427.1,0
516,3.6795e+05,2397.9,0
517,3.6795e+05,2368.7,0
518,3.6794e+05,2339.5,0
519,3.6794e+05,2310.2,0
520,3.6794e+05,2281,0
521,3.6793e+05,2251.8,0
522,3.6793e+05,2222.5,0
523,3.6792e+05,2193.3,0
524,3.6792e+05,2164,0
525,3.6792e+05,2134.8,0
526,3.6791e+05,2105.5,0
527,3.6791e+05,2076.2,0
528,3.6791e+05,2046.9,0
529,3.679e+05,2017.6,0
530,3.679e+05,1988.3,0
531,3.679e+05,1959,0
532,3.6789e+05,1929.7,0
533,3.6789e+05,1900.4,0
534,3.6789e+05,1871.1,0
535,3.6788e+05,1841.8,0
536,3.6788e+05,1812.4,0
537,3.6788e+05,1783.1,0
538,3.6787e+05,1753.8,0
539,3.6787e+05,1724.4,0
540,3.6787e+05,1695,0
541,3.6786e+05,1665.7,0
542,3.6786e+05,1636.3,0
543,3.6786e+05,1607,0
544,3.6786e+05,1577.6,0
545,3.6785e+05,1548.2,0
546,3.6785e+05,1518.8,0
547,3.6785e+05,1489.4,0
548,3.6785e+05,1460,0
549,3.6784e+05,1430.6,0
550,3.6784e+05,1401.2,0
551,3.6784e+05,1371.8,0
552,3.6784e+05,1342.4,0
553,3.6783e+05,1313,0
554,3.6783e+05,1283.6,0
555,3.6783e+05,1254.1,0
556,3.6783e+05,1224.7,0
557,3.6783e+05,1195.3,0
558,3.6782e+05,1165.8,0
559,3.6782e+05,1136.4,0
560,3.6782e+05,1107,0
561,3.6782e+05,1077.5,0
562,3.6782e+05,1048.1,0
563,3.6781e+05,1018.6,0
564,3.6781e+05,989.14,0
565,3.6781e+05,959.68,0
566,3.6781e+05,930.22,0
567,3.6781e+05,900.75,0
568,3.6781e+05,871.28,0
569,3.678e+05,841.81,0
570,3.678e+05,812.33,0
571,3.678e+05,782.86,0
572,3.678e+05,753.38,0
573,3.678e+05,723.89,0
574,3.678e+05,694.41,0
575,3.678e+05,664.92,0
576,3.678e+05,635.43,0
577,3.6779e+05,605.94,0
578,3.6779e+05,576.45,0
579,3.6779e+05,546.95,0
580,3.6779e+05,517.46,0
581,3.6779e+05,487.96,0
582,3.6779e+05,458.46,0
583,3.6779e+05,428.96,0
584,3.6779e+05,399.46,0
585,3.6779e+05,369.95,0
586,3.6779e+05,340.45,0
587,3.6779e+05,310.94,0
588,3.6779e+05,281.44,0
589,3.6779e+05,251.93,0
590,3.6779e+05,222.42,0
591,3.6778e+05,192.91,0
592,3.6778e+05,163.4,0
593,3.6778e+05,133.89,0
594,3.6778e+05,104.38,0
595,3.6778e+05,74.868,0
596,3.6778e+05,45.357,0
597,3.6778e+05,15.846,0
598,3.6778e+05,-13.666,0
599,3.6778e+05,-43.177,0
600,3.6778e+05,-72.689,0
601,3.6778e+05,-102.2,0
602,3.6778e+05,-131.71,0
603,3.6778e+05,-161.22,0
604,3.6778e+05,-190.73,0
605,3.6779e+05,-220.24,0
606,3.6779e+05,-249.75,0
607,3.6779e+05,-279.26,0
608,3.6779e+05,-308.76,0
609,3.6779e+05,-338.27,0
610,3.6779e+05,-367.77,0
611,3.6779e+05,-397.28,0
612,3.6779e+05,-426.78,0
613,3.6779e+05,-456.28,0
614,3.6779e+05,-485.78,0
615,3.6779e+05,-515.28,0
616,3.6779e+05,-544.78,0
617,3.6779e+05,-574.27,0
618,3.6779e+05,-603.76,0
619,3.678e+05,-633.25,0
620,3.678e+05,-662.74,0
621,3.678e+05,-692.23,0
622,3.678e+05,-721.72,0
623,3.678e+05,-751.2,0
624,3.678e+05,-780.68,0
625,3.678e+05,-810.16,0
626,3.678e+05,-839.63,0
627,3.6781e+05,-869.1,0
628,3.6781e+05,-898.57,0
629,3.6781e+05,-928.04,0
630,3.6781e+05,-957.5,0
631,3.6781e+05,-986.96,0
632,3.6781e+05,-1016.4,0
633,3.6782e+05,-1045.9,0
634,3.6782e+05,-1075.3,0
635,3.6782e+05,-1104.8,0
636,3.6782e+05,-1134.2,0
637,3.6782e+05,-1163.7,0
638,3.6783e+05,-1193.1,0
639,3.6783e+05,-1222.5,0
640,3.6783e+05,-1252,0
641,3.6783e+05,-1281.4,0
642,3.6783e+05,-1310.8,0
643,3.6784e+05,-1340.2,0
644,3.6784e+05,-1369.6,0
645,3.6784e+05,-1399,0
646,3.6784e+05,-1428.5,0
647,3.6785e+05,-1457.9,0
648,3.6785e+05,-1487.2,0
649,3.6785e+05,-1516.6,0
650,3.6785e+05,-1546,0
651,3.6786e+05,-1575.4,0
652,3.6786e+05,-1604.8,0
653,3.6786e+05,-1634.2,0
654,3.6786e+05,-1663.5,0
655,3.6787e+05,-1692.9,0
656,3.6787e+05,-1722.2,0
657,3.6787e+05,-1751.6,0
658,3.6788e+05,-1780.9,0
659,3.6788e+05,-1810.3,0
660,3.6788e+05,-1839.6,0
661,3.6789e+05,-1868.9,0
662,3.6789e+05,-1898.2,0
663,3.6789e+05,-1927.6,0
664,3.679e+05,-1956.9,0
665,3.679e+05,-1986.2,0
666,3.679e+05,-2015.5,0
667,3.6791e+05,-2044.8,0
668,3.6791e+05,-2074,0
669,3.6791e+05,-2103.3,0
670,3.6792e+05,-2132.6,0
671,3.6792e+05,-2161.9,0
672,3.6792e+05,-2191.1,0
673,3.6793e+05,-2220.4,0
674,3.6793e+05,-2249.6,0
675,3.6794e+05,-2278.8,0
676,3.6794e+05,-2308.1,0
677,3.6794e+05,-2337.3,0
678,3.6795e+05,-2366.5,0
679,3.6795e+05,-2395.7,0
680,3.6796e+05,-2424.9,0
681,3.6796e+05,-2454.1,0
682,3.6796e+05,-2483.3,0
683,3.6797e+05,-2512.5,0
684,3.6797e+05,-2541.6,0
685,3.6798e+05,-2570.8,0
686,3.6798e+05,-2600,0
687,3.6799e+05,-2629.1,0
688,3.6799e+05,-2658.2,0
689,3.68e+05,-2687.4,0
690,3.68e+05,-2716.5,0
691,3.6801e+05,-2745.6,0
692,3.6801e+05,-2774.7,0
693,3.6801e+05,-2803.8,0
694,3.6802e+05,-2832.9,0
695,3.6802e+05,-2861.9,0
696,3.6803e+05,-2891,0
697,3.6803e+05,-2920.1,0
698,3.6804e+05,-2949.1,0
699,3.6804e+05,-2978.2,0
700,3.6805e+05,-3007.2,0
701,3.6805e+05,-3036.2,0
702,3.6806e+05,-3065.2,0
703,3.6807e+05,-3094.2,0
704,3.6807e+05,-3123.2,0
705,3.6808e+05,-3152.2,0
706,3.6808e+05,-3181.2,0
707,3.6809e+05,-3210.1,0
708,3.6809e+05,-3239.1,0
709,3.681e+05,-3268,0
710,3.681e+05,-3296.9,0
711,3.6811e+05,-3325.9,0
712,3.6812e+05,-3354.8,0
713,3.6812e+05,-3383.7,0
714,3.6813e+05,-3412.6,0
715,3.6813e+05,-3441.4,0
716,3.6814e+05,-3470.3,0
717,3.6814e+05,-3499.2,0
718,3.6815e+05,-3528,0
719,3.6816e+05,-3556.8,0
720,3.6816e+05,-3585.7,0
721,3.6817e+05,-3614.5,0
722,3.6818e+05,-3643.3,0
723,3.6818e+05,-3672.1,0
724,3.6819e+05,-3700.8,0
725,3.6819e+05,-3729.6,0
726,3.682e+05,-3758.3,0
727,3.6821e+05,-3787.1,0
728,3.6821e+05,-3815.8,0
729,3.6822e+05,-3844.5,0
730,3.6823e+05,-3873.2,0
731,3.6823e+05,-3901.9,0
732,3.6824e+05,-3930.6,0
733,3.6825e+05,-3959.3,0
734,3.6825e+05,-3987.9,0
735,3.6826e+05,-4016.6,0
736,3.6827e+05,-4045.2,0
737,3.6828e+05,-4073.8,0
738,3.6828e+05,-4102.4,0
739,3.6829e+05,-4131,0
740,3.683e+05,-4159.6,0
741,3.683e+05,-4188.2,0
742,3.6831e+05,-4216.7,0
743,3.6832e+05,-4245.3,0
744,3.6833e+05,-4273.8,0
745,3.6833e+05,-4302.3,0
746,3.6834e+05,-4330.8,0
747,3.6835e+05,-4359.3,0
748,3.6836e+05,-4387.8,0
749,3.6836e+05,-4416.2,0
750,3.6837e+05,-4444.7,0
751,3.6838e+05,-4473.1,0
752,3.6839e+05,-4501.5,0
753,3.6839e+05,-4529.9,0
754,3.684e+05,-4558.3,0
755,3.6841e+05,-4586.7,0
756,3.6842e+05,-4615,0
757,3.6843e+05,-4643.4,0
758,3.6843e+05,-4671.7,0
759,3.6844e+05,-4700,0
760,3.6845e+05,-4728.3,0
761,3.6846e+05,-4756.6,0
762,3.6847e+05,-4784.9,0
763,3.6847e+05,-4813.2,0
764,3.6848e+05,-4841.4,0
765,3.6849e+05,-4869.6,0
766,3.685e+05,-4897.8,0
767,3.6851e+05,-4926,0
768,3.6852e+05,-4954.2,0
769,3.6852e+05,-4982.4,0
770,3.6853e+05,-5010.5,0
771,3.6854e+05,-5038.6,0
772,3.6855e+05,-5066.8,0
773,3.6856e+05,-5094.9,0
774,3.6857e+05,-5123,0
775,3.6858e+05,-5151,0
776,3.6859e+05,-5179.1,0
777,3.6859e+05,-5207.1,0
778,3.686e+05,-5235.1,0
779,3.6861e+05,-5263.1,0
780,3.6862e+05,-5291.1,0
781,3.6863e+05,-5319.1,0
782,3.6864e+05,-5347,0
783,3.6865e+05,-5375,0
784,3.6866e+05,-5402.9,0
785,3.6867e+05,-5430.8,0
786,3.6868e+05,-5458.7,0
787,3.6869e+05,-5486.6,0
788,3.687e+05,-5514.4,0
789,3.6871e+05,-5542.2,0
790,3.6872e+05,-5570.1,0
791,3.6872e+05,-5597.9,0
792,3.6873e+05,-5625.6,0
793,3.6874e+05,-5653.4,0
794,3.6875e+05,-5681.2,0
795,3.6876e+05,-5708.9,0
796,3.6877e+05,-5736.6,0
797,3.6878e+05,-5764.3,0
798,3.6879e+05,-5792,0
799,3.688e+05,-5819.6,0
800,3.6881e+05,-5847.3,0
801,3.6882e+05,-5874.9,0
802,3.6883e+05,-5902.5,0
803,3.6884e+05,-5930.1,0
804,3.6885e+05,-5957.6,0
805,3.6886e+05,-5985.2,0
806,3.6887e+05,-6012.7,0
807,3.6889e+05,-6040.2,0
808,3.689e+05,-6067.7,0
809,3.6891e+05,-6095.2,0
810,3.6892e+05,-6122.6,0
811,3.6893e+05,-6150.1,0
812,3.6894e+05,-6177.5,0
813,3.6895e+05,-6204.9,0
814,3.6896e+05,-6232.2,0
815,3.6897e+05,-6259.6,0
816,3.6898e+05,-6286.9,0
817,3.6899e+05,-6314.2,0
818,3.69e+05,-6341.5,0
819,3.6901e+05,-6368.8,0
820,3.6902e+05,-6396.1,0
821,3.6904e+05,-6423.3,0
822,3.6905e+05,-6450.5,0
823,3.6906e+05,-6477.7,0
824,3.6907e+05,-6504.9,0
825,3.6908e+05,-6532,0
826,3.6909e+05,-6559.2,0
827,3.691e+05,-6586.3,0
828,3.6911e+05,-6613.4,0
829,3.6913e+05,-6640.5,0
830,3.6914e+05,-6667.5,0
831,3.6915e+05,-6694.5,0
832,3.6916e+05,-6721.5,0
833,3.6917e+05,-6748.5,0
834,3.6918e+05,-6775.5,0
835,3.6919e+05,-6802.4,0
836,3.6921e+05,-6829.4,0
837,3.6922e+05,-6856.3,0
838,3.6923e+05,-6883.2,0
839,3.6924e+05,-6910,0
840,3.6925e+05,-6936.9,0
841,3.6927e+05,-6963.7,0
842,3.6928e+05,-6990.5,0
843,3.6929e+05,-7017.2,0
844,3.693e+05,-7044,0
845,3.6931e+05,-7070.7,0
846,3.6933e+05,-7097.4,0
847,3.6934e+05,-7124.1,0
848,3.6935e+05,-7150.8,0
849,3.6936e+05,-7177.4,0
850,3.6937e+05,-7204,0
851,3.6939e+05,-7230.6,0
852,3.694e+05,-7257.2,0
853,3.6941e+05,-7283.8,0
854,3.6942e+05,-7310.3,0
855,3.6944e+05,-7336.8,0
856,3.6945e+05,-7363.3,0
857,3.6946e+05,-7389.7,0
858,3.6948e+05,-7416.2,0
859,3.6949e+05,-7442.6,0
860,3.695e+05,-7469,0
861,3.6951e+05,-7495.3,0
862,3.6953e+05,-7521.7,0
863,3.6954e+05,-7548,0
864,3.6955e+05,-7574.3,0
865,3.6957e+05,-7600.6,0
866,3.6958e+05,-7626.8,0
867,3.6959e+05,-7653,0
868,3.6961e+05,-7679.2,0
869,3.6962e+05,-7705.4,0
870,3.6963e+05,-7731.6,0
871,3.6964e+05,-7757.7,0
872,3.6966e+05,-7783.8,0
873,3.6967e+05,-7809.9,0
874,3.6969e+05,-7835.9,0
875,3.697e+05,-7862,0
876,3.6971e+05,-7888,0
877,3.6973e+05,-7914,0
878,3.6974e+05,-7939.9,0
879,3.6975e+05,-7965.9,0
880,3.6977e+05,-7991.8,0
881,3.6978e+05,-8017.6,0
882,3.6979e+05,-8043.5,0
883,3.6981e+05,-8069.3,0
884,3.6982e+05,-8095.1,0
885,3.6984e+05,-8120.9,0
886,3.6985e+05,-8146.7,0
887,3.6986e+05,-8172.4,0
888,3.6988e+05,-8198.1,0
889,3.6989e+05,-8223.8,0
890,3.6991e+05,-8249.5,0
891,3.6992e+05,-8275.1,0
892,3.6993e+05,-8300.7,0
893,3.6995e+05,-8326.3,0
894,3.6996e+05,-8351.8,0
895,3.6998e+05,-8377.3,0
896,3.6999e+05,-8402.8,0
897,3.7001e+05,-8428.3,0
898,3.7002e+05,-8453.8,0
899,3.7004e+05,-8479.2,0
900,3.7005e+05,-8504.6,0
901,3.7006e+05,-8529.9,0
902,3.7008e+05,-8555.3,0
903,3.7009e+05,-8580.6,0
904,3.7011e+05,-8605.9,0
905,3.7012e+05,-8631.2,0
906,3.7014e+05,-8656.4,0
907,3.7015e+05,-8681.6,0
908,3.7017e+05,-8706.8,0
909,3.7018e+05,-8731.9,0
910,3.702e+05,-8757.1,0
911,3.7021e+05,-8782.2,0
912,3.7023e+05,-8807.2,0
913,3.7024e+05,-8832.3,0
914,3.7026e+05,-8857.3,0
915,3.7027e+05,-8882.3,0
916,3.7029e+05,-8907.2,0
917,3.703e+05,-8932.2,0
918,3.7032e+05,-8957.1,0
919,3.7034e+05,-8982,0
920,3.7035e+05,-9006.8,0
921,3.7037e+05,-9031.6,0
922,3.7038e+05,-9056.4,0
923,3.704e+05,-9081.2,0
924,3.7041e+05,-9105.9,0
925,3.7043e+05,-9130.6,0
926,3.7044e+05,-9155.3,0
927,3.7046e+05,-9180,0
928,3.7048e+05,-9204.6,0
929,3.7049e+05,-9229.2,0
930,3.7051e+05,-9253.8,0
931,3.7052e+05,-9278.3,0
932,3.7054e+05,-9302.8,0
933,3.7056e+05,-9327.3,0
934,3.7057e+05,-9351.7,0
935,3.7059e+05,-9376.2,0
936,3.706e+05,-9400.5,0
937,3.7062e+05,-9424.9,0
938,3.7064e+05,-9449.2,0
939,3.7065e+05,-9473.6,0
940,3.7067e+05,-9497.8,0
941,3.7068e+05,-9522.1,0
942,3.707e+05,-9546.3,0
943,3.7072e+05,-9570.5,0
944,3.7073e+05,-9594.6,0
945,3.7075e+05,-9618.8,0
946,3.7077e+05,-9642.9,0
947,3.7078e+05,-9666.9,0
948,3.708e+05,-9691,0
949,3.7082e+05,-9715,0
950,3.7083e+05,-9739,0
951,3.7085e+05,-9762.9,0
952,3.7087e+05,-9786.8,0
953,3.7088e+05,-9810.7,0
954,3.709e+05,-9834.6,0
955,3.7092e+05,-9858.4,0
956,3.7093e+05,-9882.2,0
957,3.7095e+05,-9906,0
958,3.7097e+05,-9929.7,0
959,3.7099e+05,-9953.4,0
960,3.71e+05,-9977.1,0
961,3.7102e+05,-10001,0
962,3.7104e+05,-10024,0
963,3.7105e+05,-10048,0
964,3.7107e+05,-10071,0
965,3.7109e+05,-10095,0
966,3.7111e+05,-10118,0
967,3.7112e+05,-10142,0
968,3.7114e+05,-10165,0
969,3.7116e+05,-10189,0
970,3.7118e+05,-10212,0
971,3.7119e+05,-10235,0
972,3.7121e+05,-10259,0
973,3.7123e+05,-10282,0
974,3.7125e+05,-10305,0
975,3.7126e+05,-10328,0
976,3.7128e+05,-10352,0
977,3.713e+05,-10375,0
978,3.7132e+05,-10398,0
979,3.7134e+05,-10421,0
980,3.7135e+05,-10444,0
981,3.7137e+05,-10467,0
982,3.7139e+05,-10490,0
983,3.7141e+05,-10513,0
984,3.7142e+05,-10536,0
985,3.7144e+05,-10559,0
986,3.7146e+05,-10581,0
987,3.7148e+05,-10604,0
988,3.715e+05,-10627,0
989,3.7152e+05,-10650,0
990,3.7153e+05,-10673,0
991,3.7155e+05,-10695,0
992,3.7157e+05,-10718,0
993,3.7159e+05,-10740,0
994,3.7161e+05,-10763,0
995,3.7163e+05,-10786,0
996,3.7164e+05,-10808,0
997,3.7166e+05,-10831,0
998,3.7168e+05,-10853,0
999,3.717e+05,-10875,0
1000,3.7172e+05,-10898,0
1001,3.7174e+05,-10920,0
1002,3.7176e+05,-10943,0
1003,3.7178e+05,-10965,0
1004,3.7179e+05,-10987,0
1005,3.7181e+05,-11009,0
1006,3.7183e+05,-11031,0
1007,3.7185e+05,-11054,0
1008,3.7187e+05,-11076,0
1009,3.7189e+05,-11098,0
1010,3.7191e+05,-11120,0
1011,3.7193e+05,-11142,0
1012,3.7195e+05,-11164,0
1013,3.7197e+05,-11186,0
1014,3.7198e+05,-11208,0
1015,3.72e+05,-11230,0
1016,3.7202e+05,-11251,0
1017,3.7204e+05,-11273,0
1018,3.7206e+05,-11295,0
1019,3.7208e+05,-11317,0
1020,3.721e+05,-11338,0
1021,3.7212e+05,-11360,0
1022,3.7214e+05,-11382,0
1023,3.7216e+05,-11403,0
1024,3.7218e+05,-11425,0
1025,3.722e+05,-11446,0
1026,3.7222e+05,-11468,0
1027,3.7224e+05,-11489,0
1028,3.7226e+05,-11511,0
1029,3.7228e+05,-11532,0
1030,3.723e+05,-11553,0
1031,3.7232e+05,-11575,0
1032,3.7234e+05,-11596,0
1033,3.7236e+05,-11617,0
1034,3.7238e+05,-11638,0
1035,3.724e+05,-11660,0
1036,3.7242e+05,-11681,0
1037,3.7244e+05,-11702,0
1038,3.7246e+05,-11723,0
1039,3.7248e+05,-11744,0
1040,3.725e+05,-11765,0
1041,3.7252e+05,-11786,0
1042,3.7254e+05,-11807,0
1043,3.7256e+05,-11828,0
1044,3.7258e+05,-11848,0
1045,3.726e+05,-11869,0
1046,3.7262e+05,-11890,0
1047,3.7264e+05,-11911,0
1048,3.7266e+05,-11931,0
1049,3.7268e+05,-11952,0
1050,3.727e+05,-11973,0
1051,3.7272e+05,-11993,0
1052,3.7274e+05,-12014,0
1053,3.7276e+05,-12034,0
1054,3.7278e+05,-12055,0
1055,3.728e+05,-12075,0
1056,3.7282e+05,-12096,0
1057,3.7284e+05,-12116,0
1058,3.7286e+05,-12136,0
1059,3.7289e+05,-12157,0
1060,3.7291e+05,-12177,0
1061,3.7293e+05,-12197,0
1062,3.7295e+05,-12217,0
1063,3.7297e+05,-12237,0
1064,3.7299e+05,-12257,0
1065,3.7301e+05,-12278,0
1066,3.7303e+05,-12298,0
1067,3.7305e+05,-12318,0
1068,3.7307e+05,-12337,0
1069,3.731e+05,-12357,0
1070,3.7312e+05,-12377,0
1071,3.7314e+05,-12397,0
1072,3.7316e+05,-12417,0
1073,3.7318e+05,-12437,0
1074,3.732e+05,-12456,0
1075,3.7322e+05,-12476,0
1076,3.7324e+05,-12496,0
1077,3.7327e+05,-12515,0
1078,3.7329e+05,-12535,0
1079,3.7331e+05,-12554,0
1080,3.7333e+05,-12574,0
1081,3.7335e+05,-12593,0
1082,3.7337e+05,-12613,0
1083,3.7339e+05,-12632,0
1084,3.7342e+05,-12651,0
1085,3.7344e+05,-12671,0
1086,3.7346e+05,-12690,0
1087,3.7348e+05,-12709,0
1088,3.735e+05,-12728,0
1089,3.7353e+05,-12748,0
1090,3.7355e+05,-12767,0
1091,3.7357e+05,-12786,0
1092,3.7359e+05,-12805,0
1093,3.7361e+05,-12824,0
1094,3.7363e+05,-12843,0
1095,3.7366e+05,-12862,0
1096,3.7368e+05,-12880,0
1097,3.737e+05,-12899,0
1098,3.7372e+05,-12918,0
1099,3.7374e+05,-12937,0
1100,3.7377e+05,-12956,0
1101,3.7379e+05,-12974,0
1102,3.7381e+05,-12993,0
1103,3.7383e+05,-13011,0
1104,3.7386e+05,-13030,0
1105,3.7388e+05,-13048,0
1106,3.739e+05,-13067,0
1107,3.7392e+05,-13085,0
1108,3.7395e+05,-13104,0
1109,3.7397e+05,-13122,0
1110,3.7399e+05,-13140,0
1111,3.7401e+05,-13159,0
1112,3.7404e+05,-13177,0
1113,3.7406e+05,-13195,0
1114,3.7408e+05,-13213,0
1115,3.741e+05,-13231,0
1116,3.7413e+05,-13249,0
1117,3.7415e+05,-13267,0
1118,3.7417e+05,-13285,0
1119,3.7419e+05,-13303,0
1120,3.7422e+05,-13321,0
1121,3.7424e+05,-13339,0
1122,3.7426e+05,-13357,0
1123,3.7429e+05,-13375,0
1124,3.7431e+05,-13392,0
1125,3.7433e+05,-13410,0
1126,3.7435e+05,-13428,0
1127,3.7438e+05,-13445,0
1128,3.744e+05,-13463,0
1129,3.7442e+05,-13481,0
1130,3.7445e+05,-13498,0
1131,3.7447e+05,-13515,0
1132,3.7449e+05,-13533,0
1133,3.7452e+05,-13550,0
1134,3.7454e+05,-13568,0
1135,3.7456e+05,-13585,0
1136,3.7459e+05,-13602,0
1137,3.7461e+05,-13619,0
1138,3.7463e+05,-13636,0
1139,3.7466e+05,-13654,0
1140,3.7468e+05,-13671,0
1141,3.747e+05,-13688,0
1142,3.7473e+05,-13705,0
1143,3.7475e+05,-13722,0
1144,3.7477e+05,-13739,0
1145,3.748e+05,-13755,0
1146,3.7482e+05,-13772,0
1147,3.7484e+05,-13789,0
1148,3.7487e+05,-13806,0
1149,3.7489e+05,-13823,0
1150,3.7491e+05,-13839,0
1151,3.7494e+05,-13856,0
1152,3.7496e+05,-13872,0
1153,3.7498e+05,-13889,0
1154,3.7501e+05,-13905,0
1155,3.7503e+05,-13922,0
1156,3.7506e+05,-13938,0
1157,3.7508e+05,-13955,0
1158,3.751e+05,-13971,0
1159,3.7513e+05,-13987,0
1160,3.7515e+05,-14003,0
1161,3.7518e+05,-14020,0
1162,3.752e+05,-14036,0
1163,3.7522e+05,-14052,0
1164,3.7525e+05,-14068,0
1165,3.7527e+05,-14084,0
1166,3.753e+05,-14100,0
1167,3.7532e+05,-14116,0
1168,3.7534e+05,-14132,0
1169,3.7537e+05,-14148,0
1170,3.7539e+05,-14163,0
1171,3.7542e+05,-14179,0
1172,3.7544e+05,-14195,0
1173,3.7547e+05,-14211,0
1174,3.7549e+05,-14226,0
1175,3.7551e+05,-14242,0
1176,3.7554e+05,-14257,0
1177,3.7556e+05,-14273,0
1178,3.7559e+05,-14288,0
1179,3.7561e+05,-14304,0
1180,3.7564e+05,-14319,0
1181,3.7566e+05,-14334,0
1182,3.7568e+05,-14350,0
1183,3.7571e+05,-14365,0
1184,3.7573e+05,-14380,0
1185,3.7576e+05,-14395,0
1186,3.7578e+05,-14410,0
1187,3.7581e+05,-14425,0
1188,3.7583e+05,-14440,0
1189,3.7586e+05,-14455,0
1190,3.7588e+05,-14470,0
1191,3.7591e+05,-14485,0
1192,3.7593e+05,-14500,0
1193,3.7596e+05,-14515,0
1194,3.7598e+05,-14530,0
1195,3.7601e+05,-14544,0
1196,3.7603e+05,-14559,0
1197,3.7606e+05,-14574,0
1198,3.7608e+05,-14588,0
1199,3.7611e+05,-14603,0
1200,3.7613e+05,-14617,0
1201,3.7616e+05,-14632,0
1202,3.7618e+05,-14646,0
1203,3.7621e+05,-14660,0
1204,3.7623e+05,-14675,0
1205,3.7626e+05,-14689,0
1206,3.7628e+05,-14703,0
1207,3.7631e+05,-14717,0
1208,3.7633e+05,-14732,0
1209,3.7636e+05,-14746,0
1210,3.7638e+05,-14760,0
1211,3.7641e+05,-14774,0
1212,3.7643e+05,-14788,0
1213,3.7646e+05,-14802,0
1214,3.7648e+05,-14815,0
1215,3.7651e+05,-14829,0
1216,3.7653e+05,-14843,0
1217,3.7656e+05,-14857,0
1218,3.7658e+05,-14870,0
1219,3.7661e+05,-14884,0
1220,3.7663e+05,-14898,0
1221,3.7666e+05,-14911,0
1222,3.7669e+05,-14925,0
1223,3.7671e+05,-14938,0
1224,3.7674e+05,-14952,0
1225,3.7676e+05,-14965,0
1226,3.7679e+05,-14978,0
1227,3.7681e+05,-14992,0
1228,3.7684e+05,-15005,0
1229,3.7686e+05,-15018,0
1230,3.7689e+05,-15031,0
1231,3.7692e+05,-15044,0
1232,3.7694e+05,-15057,0
1233,3.7697e+05,-15070,0
1234,3.7699e+05,-15083,0
1235,3.7702e+05,-15096,0
1236,3.7705e+05,-15109,0
1237,3.7707e+05,-15122,0
1238,3.771e+05,-15135,0
1239,3.7712e+05,-15147,0
1240,3.7715e+05,-15160,0
1241,3.7717e+05,-15173,0
1242,3.772e+05,-15185,0
1243,3.7723e+05,-15198,0
1244,3.7725e+05,-15210,0
1245,3.7728e+05,-15223,0
1246,3.773e+05,-15235,0
1247,3.7733e+05,-15248,0
1248,3.7736e+05,-15260,0
1249,3.7738e+05,-15272,0
1250,3.7741e+05,-15284,0
1251,3.7743e+05,-15297,0
1252,3.7746e+05,-15309,0
1253,3.7749e+05,-15321,0
1254,3.7751e+05,-15333,0
1255,3.7754e+05,-15345,0
1256,3.7757e+05,-15357,0
1257,3.7759e+05,-15369,0
1258,3.7762e+05,-15380,0
1259,3.7764e+05,-15392,0
1260,3.7767e+05,-15404,0
1261,3.777e+05,-15416,0
1262,3.7772e+05,-15427,0
1263,3.7775e+05,-15439,0
1264,3.7778e+05,-15451,0
1265,3.778e+05,-15462,0
1266,3.7783e+05,-15474,0
1267,3.7786e+05,-15485,0
1268,3.7788e+05,-15496,0
1269,3.7791e+05,-15508,0
1270,3.7793e+05,-15519,0
1271,3.7796e+05,-15530,0
1272,3.7799e+05,-15541,0
1273,3.7801e+05,-15553,0
1274,3.7804e+05,-15564,0
1275,3.7807e+05,-15575,0
1276,3.7809e+05,-15586,0
1277,3.7812e+05,-15597,0
1278,3.7815e+05,-15608,0
1279,3.7817e+05,-15618,0
1280,3.782e+05,-15629,0
1281,3.7823e+05,-15640,0
1282,3.7825e+05,-15651,0
1283,3.7828e+05,-15661,0
1284,3.7831e+05,-15672,0
1285,3.7833e+05,-15683,0
1286,3.7836e+05,-15693,0
1287,3.7839e+05,-15704,0
1288,3.7841e+05,-15714,0
1289,3.7844e+05,-15724,0
1290,3.7847e+05,-15735,0
1291,3.785e+05,-15745,0
1292,3.7852e+05,-15755,0
1293,3.7855e+05,-15765,0
1294,3.7858e+05,-15776,0
1295,3.786e+05,-15786,0
1296,3.7863e+05,-15796,0
1297,3.7866e+05,-15806,0
1298,3.7868e+05,-15816,0
1299,3.7871e+05,-15826,0
1300,3.7874e+05,-15836,0
1301,3.7877e+05,-15845,0
1302,3.7879e+05,-15855,0
1303,3.7882e+05,-15865,0
1304,3.7885e+05,-15874,0
1305,3.7887e+05,-15884,0
1306,3.789e+05,-15894,0
1307,3.7893e+05,-15903,0
1308,3.7895e+05,-15913,0
1309,3.7898e+05,-15922,0
1310,3.7901e+05,-15931,0
1311,3.7904e+05,-15941,0
1312,3.7906e+05,-15950,0
1313,3.7909e+05,-15959,0
1314,3.7912e+05,-15969,0
1315,3.7915e+05,-15978,0
1316,3.7917e+05,-15987,0
1317,3.792e+05,-15996,0
1318,3.7923e+05,-16005,0
1319,3.7925e+05,-16014,0
1320,3.7928e+05,-16023,0
1321,3.7931e+05,-16032,0
1322,3.7934e+05,-16040,0
1323,3.7936e+05,-16049,0
1324,3.7939e+05,-16058,0
1325,3.7942e+05,-16066,0
1326,3.7945e+05,-16075,0
1327,3.7947e+05,-16084,0
1328,3.795e+05,-16092,0
1329,3.7953e+05,-16101,0
1330,3.7956e+05,-16109,0
1331,3.7958e+05,-16117,0
1332,3.7961e+05,-16126,0
1333,3.7964e+05,-16134,0
1334,3.7967e+05,-16142,0
1335,3.7969e+05,-16150,0
1336,3.7972e+05,-16158,0
1337,3.7975e+05,-16166,0
1338,3.7978e+05,-16175,0
1339,3.798e+05,-16182,0
1340,3.7983e+05,-16190,0
1341,3.7986e+05,-16198,0
1342,3.7989e+05,-16206,0
1343,3.7992e+05,-16214,0
1344,3.7994e+05,-16222,0
1345,3.7997e+05,-16229,0
1346,3.8e+05,-16237,0
1347,3.8003e+05,-16244,0
1348,3.8005e+05,-16252,0
1349,3.8008e+05,-16260,0
1350,3.8011e+05,-16267,0
1351,3.8014e+05,-16274,0
1352,3.8016e+05,-16282,0
1353,3.8019e+05,-16289,0
1354,3.8022e+05,-16296,0
1355,3.8025e+05,-16303,0
1356,3.8028e+05,-16311,0
1357,3.803e+05,-16318,0
1358,3.8033e+05,-16325,0
1359,3.8036e+05,-16332,0
1360,3.8039e+05,-16339,0
1361,3.8042e+05,-16345,0
1362,3.8044e+05,-16352,0
1363,3.8047e+05,-16359,0
1364,3.805e+05,-16366,0
1365,3.8053e+05,-16373,0
1366,3.8056e+05,-16379,0
1367,3.8058e+05,-16386,0
1368,3.8061e+05,-16392,0
1369,3.8064e+05,-16399,0
1370,3.8067e+05,-16405,0
1371,3.807e+05,-16412,0
1372,3.8072e+05,-16418,0
1373,3.8075e+05,-16424,0
1374,3.8078e+05,-16431,0
1375,3.8081e+05,-16437,0
1376,3.8084e+05,-16443,0
1377,3.8086e+05,-16449,0
1378,3.8089e+05,-16455,0
1379,3.8092e+05,-16461,0
1380,3.8095e+05,-16467,0
1381,3.8098e+05,-16473,0
1382,3.81e+05,-16479,0
1383,3.8103e+05,-16485,0
1384,3.8106e+05,-16490,0
1385,3.8109e+05,-16496,0
1386,3.8112e+05,-16502,0
1387,3.8114e+05,-16507,0
1388,3.8117e+05,-16513,0
1389,3.812e+05,-16518,0
1390,3.8123e+05,-16524,0
1391,3.8126e+05,-16529,0
1392,3.8129e+05,-16534,0
1393,3.8131e+05,-16540,0
1394,3.8134e+05,-16545,0
1395,3.8137e+05,-16550,0
1396,3.814e+05,-16555,0
1397,3.8143e+05,-16560,0
1398,3.8146e+05,-16566,0
1399,3.8148e+05,-16571,0
1400,3.8151e+05,-16575,0
1401,3.8154e+05,-16580,0
1402,3.8157e+05,-16585,0
1403,3.816e+05,-16590,0
1404,3.8163e+05,-16595,0
1405,3.8165e+05,-16599,0
1406,3.8168e+05,-16604,0
1407,3.8171e+05,-16609,0
1408,3.8174e+05,-16613,0
1409,3.8177e+05,-16618,0
1410,3.818e+05,-16622,0
1411,3.8182e+05,-16627,0
1412,3.8185e+05,-16631,0
1413,3.8188e+05,-16635,0
1414,3.8191e+05,-16640,0
1415,3.8194e+05,-16644,0
1416,3.8197e+05,-16648,0
1417,3.8199e+05,-16652,0
1418,3.8202e+05,-16656,0
1419,3.8205e+05,-16660,0
1420,3.8208e+05,-16664,0
1421,3.8211e+05,-16668,0
1422,3.8214e+05,-16672,0
1423,3.8217e+05,-16676,0
1424,3.8219e+05,-16679,0
1425,3.8222e+05,-16683,0
1426,3.8225e+05,-16687,0
1427,3.8228e+05,-16690,0
1428,3.8231e+05,-16694,0
1429,3.8234e+05,-16697,0
1430,3.8236e+05,-16701,0
1431,3.8239e+05,-16704,0
1432,3.8242e+05,-16707,0
1433,3.8245e+05,-16711,0
1434,3.8248e+05,-16714,0
1435,3.8251e+05,-16717,0
1436,3.8254e+05,-16720,0
1437,3.8256e+05,-16723,0
1438,3.8259e+05,-16726,0
1439,3.8262e+05,-16729,0
1440,3.8265e+05,-16732,0
1441,3.8268e+05,-16735,0
1442,3.8271e+05,-16738,0
1443,3.8274e+05,-16741,0
1444,3.8276e+05,-16744,0
1445,3.8279e+05,-16746,0
1446,3.8282e+05,-16749,0
1447,3.8285e+05,-16751,0
1448,3.8288e+05,-16754,0
1449,3.8291e+05,-16756,0
1450,3.8294e+05,-16759,0
1451,3.8296e+05,-16761,0
1452,3.8299e+05,-16764,0
1453,3.8302e+05,-16766,0
1454,3.8305e+05,-16768,0
1455,3.8308e+05,-16770,0
1456,3.8311e+05,-16772,0
1457,3.8314e+05,-16775,0
1458,3.8317e+05,-16777,0
1459,3.8319e+05,-16779,0
1460,3.8322e+05,-16780,0
1461,3.8325e+05,-16782,0
1462,3.8328e+05,-16784,0
1463,3.8331e+05,-16786,0
1464,3.8334e+05,-16788,0
1465,3.8337e+05,-16789,0
1466,3.8339e+05,-16791,0
1467,3.8342e+05,-16792,0
1468,3.8345e+05,-16794,0
1469,3.8348e+05,-16795,0
1470,3.8351e+05,-16797,0
1471,3.8354e+05,-16798,0
1472,3.8357e+05,-16800,0
1473,3.836e+05,-16801,0
1474,3.8362e+05,-16802,0
1475,3.8365e+05,-16803,0
1476,3.8368e+05,-16804,0
1477,3.8371e+05,-16805,0
1478,3.8374e+05,-16806,0
1479,3.8377e+05,-16807,0
1480,3.838e+05,-16808,0
1481,3.8383e+05,-16809,0
1482,3.8385e+05,-16810,0
1483,3.8388e+05,-16811,0
1484,3.8391e+05,-16811,0
1485,3.8394e+05,-16812,0
1486,3.8397e+05,-16813,0
1487,3.84e+05,-16813,0
1488,3.8403e+05,-16814,0
1489,3.8406e+05,-16814,0
1490,3.8408e+05,-16815,0
1491,3.8411e+05,-16815,0
1492,3.8414e+05,-16815,0
1493,3.8417e+05,-16815,0
1494,3.842e+05,-16816,0
1495,3.8423e+05,-16816,0
1496,3.8426e+05,-16816,0
1497,3.8429e+05,-16816,0
1498,3.8431e+05,-16816,0
1499,3.8434e+05,-16816,0
1500,3.8437e+05,-16816,0
1501,3.844e+05,-16816,0
1502,3.8443e+05,-16815,0
1503,3.8446e+05,-16815,0
1504,3.8449e+05,-16815,0
1505,3.8452e+05,-16814,0
1506,3.8454e+05,-16814,0
1507,3.8457e+05,-16814,0
1508,3.846e+05,-16813,0
1509,3.8463e+05,-16812,0
1510,3.8466e+05,-16812,0
1511,3.8469e+05,-16811,0
1512,3.8472e+05,-16810,0
1513,3.8474e+05,-16810,0
1514,3.8477e+05,-16809,0
1515,3.848e+05,-16808,0
1516,3.8483e+05,-16807,0
1517,3.8486e+05,-16806,0
1518,3.8489e+05,-16805,0
1519,3.8492e+05,-16804,0
1520,3.8495e+05,-16803,0
1521,3.8497e+05,-16802,0
1522,3.85e+05,-16800,0
1523,3.8503e+05,-16799,0
1524,3.8506e+05,-16798,0
1525,3.8509e+05,-16796,0
1526,3.8512e+05,-16795,0
1527,3.8515e+05,-16794,0
1528,3.8518e+05,-16792,0
1529,3.852e+05,-16790,0
1530,3.8523e+05,-16789,0
1531,3.8526e+05,-16787,0
1532,3.8529e+05,-16785,0
1533,3.8532e+05,-16784,0
1534,3.8535e+05,-16782,0
1535,3.8538e+05,-16780,0
1536,3.8541e+05,-16778,0
1537,3.8543e+05,-16776,0
1538,3.8546e+05,-16774,0
1539,3.8549e+05,-16772,0
1540,3.8552e+05,-16770,0
1541,3.8555e+05,-16767,0
1542,3.8558e+05,-16765,0
1543,3.8561e+05,-16763,0
1544,3.8563e+05,-16761,0
1545,3.8566e+05,-16758,0
1546,3.8569e+05,-16756,0
1547,3.8572e+05,-16753,0
1548,3.8575e+05,-16751,0
1549,3.8578e+05,-16748,0
1550,3.8581e+05,-16745,0
1551,3.8584e+05,-16743,0
1552,3.8586e+05,-16740,0
1553,3.8589e+05,-16737,0
1554,3.8592e+05,-16734,0
1555,3.8595e+05,-16731,0
1556,3.8598e+05,-16728,0
1557,3.8601e+05,-16725,0
1558,3.8604e+05,-16722,0
1559,3.8606e+05,-16719,0
1560,3.8609e+05,-16716,0
1561,3.8612e+05,-16713,0
1562,3.8615e+05,-16710,0
1563,3.8618e+05,-16706,0
1564,3.8621e+05,-16703,0
1565,3.8624e+05,-16700,0
1566,3.8626e+05,-16696,0
1567,3.8629e+05,-16693,0
1568,3.8632e+05,-16689,0
1569,3.8635e+05,-16685,0
1570,3.8638e+05,-16682,0
1571,3.8641e+05,-16678,0
1572,3.8644e+05,-16674,0
1573,3.8646e+05,-16670,0
1574,3.8649e+05,-16667,0
1575,3.8652e+05,-16663,0
1576,3.8655e+05,-16659,0
1577,3.8658e+05,-16655,0
1578,3.8661e+05,-16651,0
1579,3.8664e+05,-16646,0
1580,3.8666e+05,-16642,0
1581,3.8669e+05,-16638,0
1582,3.8672e+05,-16634,0
1583,3.8675e+05,-16629,0
1584,3.8678e+05,-16625,0
1585,3.8681e+05,-16621,0
1586,3.8683e+05,-16616,0
1587,3.8686e+05,-16612,0
1588,3.8689e+05,-16607,0
1589,3.8692e+05,-16602,0
1590,3.8695e+05,-16598,0
1591,3.8698e+05,-16593,0
1592,3.8701e+05,-16588,0
1593,3.8703e+05,-16583,0
1594,3.8706e+05,-16579,0
1595,3.8709e+05,-16574,0
1596,3.8712e+05,-16569,0
1597,3.8715e+05,-16564,0
1598,3.8718e+05,-16558,0
1599,3.872e+05,-16553,0
1600,3.8723e+05,-16548,0
1601,3.8726e+05,-16543,0
1602,3.8729e+05,-16538,0
1603,3.8732e+05,-16532,0
1604,3.8735e+05,-16527,0
1605,3.8737e+05,-16522,0
1606,3.874e+05,-16516,0
1607,3.8743e+05,-16510,0
1608,3.8746e+05,-16505,0
1609,3.8749e+05,-16499,0
1610,3.8752e+05,-16494,0
1611,3.8754e+05,-16488,0
1612,3.8757e+05,-16482,0
1613,3.876e+05,-16476,0
1614,3.8763e+05,-16470,0
1615,3.8766e+05,-16464,0
1616,3.8768e+05,-16458,0
1617,3.8771e+05,-16452,0
1618,3.8774e+05,-16446,0
1619,3.8777e+05,-16440,0
1620,3.878e+05,-16434,0
1621,3.8783e+05,-16428,0
1622,3.8785e+05,-16421,0
1623,3.8788e+05,-16415,0
1624,3.8791e+05,-16409,0
1625,3.8794e+05,-16402,0
1626,3.8797e+05,-16396,0
1627,3.8799e+05,-16389,0
1628,3.8802e+05,-16383,0
1629,3.8805e+05,-16376,0
1630,3.8808e+05,-16369,0
1631,3.8811e+05,-16363,0
1632,3.8813e+05,-16356,0
1633,3.8816e+05,-16349,0
1634,3.8819e+05,-16342,0
1635,3.8822e+05,-16335,0
1636,3.8825e+05,-16328,0
1637,3.8827e+05,-16321,0
1638,3.883e+05,-16314,0
1639,3.8833e+05,-16307,0
1640,3.8836e+05,-16300,0
1641,3.8839e+05,-16293,0
1642,3.8841e+05,-16285,0
1643,3.8844e+05,-16278,0
1644,3.8847e+05,-16271,0
1645,3.885e+05,-16263,0
1646,3.8853e+05,-16256,0
1647,3.8855e+05,-16248,0
1648,3.8858e+05,-16240,0
1649,3.8861e+05,-16233,0
1650,3.8864e+05,-16225,0
1651,3.8866e+05,-16217,0
1652,3.8869e+05,-16210,0
1653,3.8872e+05,-16202,0
1654,3.8875e+05,-16194,0
1655,3.8878e+05,-16186,0
1656,3.888e+05,-16178,0
1657,3.8883e+05,-16170,0
1658,3.8886e+05,-16162,0
1659,3.8889e+05,-16154,0
1660,3.8891e+05,-16146,0
1661,3.8894e+05,-16137,0
1662,3.8897e+05,-16129,0
1663,3.89e+05,-16121,0
1664,3.8903e+05,-16112,0
1665,3.8905e+05,-16104,0
1666,3.8908e+05,-16096,0
1667,3.8911e+05,-16087,0
1668,3.8914e+05,-16078,0
1669,3.8916e+05,-16070,0
1670,3.8919e+05,-16061,0
1671,3.8922e+05,-16052,0
1672,3.8925e+05,-16044,0
1673,3.8927e+05,-16035,0
1674,3.893e+05,-16026,0
1675,3.8933e+05,-16017,0
1676,3.8936e+05,-16008,0
1677,3.8938e+05,-15999,0
1678,3.8941e+05,-15990,0
1679,3.8944e+05,-15981,0
1680,3.8947e+05,-15972,0
1681,3.8949e+05,-15963,0
1682,3.8952e+05,-15953,0
1683,3.8955e+05,-15944,0
1684,3.8957e+05,-15935,0
1685,3.896e+05,-15925,0
1686,3.8963e+05,-15916,0
1687,3.8966e+05,-15906,0
1688,3.8968e+05,-15897,0
1689,3.8971e+05,-15887,0
1690,3.8974e+05,-15878,0
1691,3.8977e+05,-15868,0
1692,3.8979e+05,-15858,0
1693,3.8982e+05,-15848,0
1694,3.8985e+05,-15838,0
1695,3.8987e+05,-15829,0
1696,3.899e+05,-15819,0
1697,3.8993e+05,-15809,0
1698,3.8996e+05,-15799,0
1699,3.8998e+05,-15788,0
1700,3.9001e+05,-15778,0
1701,3.9004e+05,-15768,0
1702,3.9006e+05,-15758,0
1703,3.9009e+05,-15748,0
1704,3.9012e+05,-15737,0
1705,3.9015e+05,-15727,0
1706,3.9017e+05,-15717,0
1707,3.902e+05,-15706,0
1708,3.9023e+05,-15696,0
1709,3.9025e+05,-15685,0
1710,3.9028e+05,-15674,0
1711,3.9031e+05,-15664,0
1712,3.9033e+05,-15653,0
1713,3.9036e+05,-15642,0
1714,3.9039e+05,-15631,0
1715,3.9041e+05,-15621,0
1716,3.9044e+05,-15610,0
1717,3.9047e+05,-15599,0
1718,3.905e+05,-15588,0
1719,3.9052e+05,-15577,0
1720,3.9055e+05,-15566,0
1721,3.9058e+05,-15554,0
1722,3.906e+05,-15543,0
1723,3.9063e+05,-15532,0
1724,3.9066e+05,-15521,0
1725,3.9068e+05,-15509,0
1726,3.9071e+05,-15498,0
1727,3.9074e+05,-15487,0
1728,3.9076e+05,-15475,0
1729,3.9079e+05,-15464,0
1730,3.9082e+05,-15452,0
1731,3.9084e+05,-15440,0
1732,3.9087e+05,-15429,0
1733,3.9089e+05,-15417,0
1734,3.9092e+05,-15405,0
1735,3.9095e+05,-15393,0
1736,3.9097e+05,-15382,0
1737,3.91e+05,-15370,0
1738,3.9103e+05,-15358,0
1739,3.9105e+05,-15346,0
1740,3.9108e+05,-15334,0
1741,3.9111e+05,-15322,0
1742,3.9113e+05,-15309,0
1743,3.9116e+05,-15297,0
1744,3.9119e+05,-15285,0
1745,3.9121e+05,-15273,0
1746,3.9124e+05,-15260,0
1747,3.9126e+05,-15248,0
1748,3.9129e+05,-15236,0
1749,3.9132e+05,-15223,0
1750,3.9134e+05,-15211,0
1751,3.9137e+05,-15198,0
1752,3.9139e+05,-15185,0
1753,3.9142e+05,-15173,0
1754,3.9145e+05,-15160,0
1755,3.9147e+05,-15147,0
1756,3.915e+05,-15135,0
1757,3.9152e+05,-15122,0
1758,3.9155e+05,-15109,0
1759,3.9158e+05,-15096,0
1760,3.916e+05,-15083,0
1761,3.9163e+05,-15070,0
1762,3.9165e+05,-15057,0
1763,3.9168e+05,-15044,0
1764,3.9171e+05,-15030,0
1765,3.9173e+05,-15017,0
1766,3.9176e+05,-15004,0
1767,3.9178e+05,-14991,0
1768,3.9181e+05,-14977,0
1769,3.9184e+05,-14964,0
1770,3.9186e+05,-14950,0
1771,3.9189e+05,-14937,0
1772,3.9191e+05,-14923,0
1773,3.9194e+05,-14910,0
1774,3.9196e+05,-14896,0
1775,3.9199e+05,-14883,0
1776,3.9202e+05,-14869,0
1777,3.9204e+05,-14855,0
1778,3.9207e+05,-14841,0
1779,3.9209e+05,-14827,0
1780,3.9212e+05,-14813,0
1781,3.9214e+05,-14799,0
1782,3.9217e+05,-14785,0
1783,3.9219e+05,-14771,0
1784,3.9222e+05,-14757,0
1785,3.9224e+05,-14743,0
1786,3.9227e+05,-14729,0
1787,3.923e+05,-14715,0
1788,3.9232e+05,-14701,0
1789,3.9235e+05,-14686,0
1790,3.9237e+05,-14672,0
1791,3.924e+05,-14657,0
1792,3.9242e+05,-14643,0
1793,3.9245e+05,-14628,0
1794,3.9247e+05,-14614,0
1795,3.925e+05,-14599,0
1796,3.9252e+05,-14585,0
1797,3.9255e+05,-14570,0
1798,3.9257e+05,-14555,0
1799,3.926e+05,-14541,0
1800,3.9262e+05,-14526,0
1801,3.9265e+05,-14511,0
1802,3.9267e+05,-14496,0
1803,3.927e+05,-14481,0
1804,3.9272e+05,-14466,0
1805,3.9275e+05,-14451,0
1806,3.9277e+05,-14436,0
1807,3.928e+05,-14421,0
1808,3.9282e+05,-14406,0
1809,3.9285e+05,-14390,0
1810,3.9287e+05,-14375,0
1811,3.929e+05,-14360,0
1812,3.9292e+05,-14344,0
1813,3.9295e+05,-14329,0
1814,3.9297e+05,-14314,0
1815,3.93e+05,-14298,0
1816,3.9302e+05,-14282,0
1817,3.9304e+05,-14267,0
1818,3.9307e+05,-14251,0
1819,3.9309e+05,-14236,0
1820,3.9312e+05,-14220,0
1821,3.9314e+05,-14204,0
1822,3.9317e+05,-14188,0
1823,3.9319e+05,-14173,0
1824,3.9322e+05,-14157,0
1825,3.9324e+05,-14141,0
1826,3.9326e+05,-14125,0
1827,3.9329e+05,-14109,0
1828,3.9331e+05,-14093,0
1829,3.9334e+05,-14077,0
1830,3.9336e+05,-14060,0
1831,3.9339e+05,-14044,0
1832,3.9341e+05,-14028,0
1833,3.9343e+05,-14012,0
1834,3.9346e+05,-13995,0
1835,3.9348e+05,-13979,0
1836,3.9351e+05,-13963,0
1837,3.9353e+05,-13946,0
1838,3.9355e+05,-13930,0
1839,3.9358e+05,-13913,0
1840,3.936e+05,-13896,0
1841,3.9363e+05,-13880,0
1842,3.9365e+05,-13863,0
1843,3.9367e+05,-13846,0
1844,3.937e+05,-13830,0
1845,3.9372e+05,-13813,0
1846,3.9375e+05,-13796,0
1847,3.9377e+05,-13779,0
1848,3.9379e+05,-13762,0
1849,3.9382e+05,-13745,0
1850,3.9384e+05,-13728,0
1851,3.9386e+05,-13711,0
1852,3.9389e+05,-13694,0
1853,3.9391e+05,-13677,0
1854,3.9394e+05,-13660,0
1855,3.9396e+05,-13642,0
1856,3.9398e+05,-13625,0
1857,3.9401e+05,-13608,0
1858,3.9403e+05,-13591,0
1859,3.9405e+05,-13573,0
1860,3.9408e+05,-13556,0
1861,3.941e+05,-13538,0
1862,3.9412e+05,-13521,0
1863,3.9415e+05,-13503,0
1864,3.9417e+05,-13485,0
1865,3.9419e+05,-13468,0
1866,3.9422e+05,-13450,0
1867,3.9424e+05,-13432,0
1868,3.9426e+05,-13415,0
1869,3.9429e+05,-13397,0
1870,3.9431e+05,-13379,0
1871,3.9433e+05,-13361,0
1872,3.9436e+05,-13343,0
1873,3.9438e+05,-13325,0
1874,3.944e+05,-13307,0
1875,3.9442e+05,-13289,0
1876,3.9445e+05,-13271,0
1877,3.9447e+05,-13253,0
1878,3.9449e+05,-13235,0
1879,3.9452e+05,-13216,0
1880,3.9454e+05,-13198,0
1881,3.9456e+05,-13180,0
1882,3.9458e+05,-13161,0
1883,3.9461e+05,-13143,0
1884,3.9463e+05,-13124,0
1885,3.9465e+05,-13106,0
1886,3.9467e+05,-13087,0
1887,3.947e+05,-13069,0
1888,3.9472e+05,-13050,0
1889,3.9474e+05,-13032,0
1890,3.9476e+05,-13013,0
1891,3.9479e+05,-12994,0
1892,3.9481e+05,-12975,0
1893,3.9483e+05,-12957,0
1894,3.9485e+05,-12938,0
1895,3.9488e+05,-12919,0
1896,3.949e+05,-12900,0
1897,3.9492e+05,-12881,0
1898,3.9494e+05,-12862,0
1899,3.9497e+05,-12843,0
1900,3.9499e+05,-12824,0
1901,3.9501e+05,-12805,0
1902,3.9503e+05,-12785,0
1903,3.9505e+05,-12766,0
1904,3.9508e+05,-12747,0
1905,3.951e+05,-12728,0
1906,3.9512e+05,-12708,0
1907,3.9514e+05,-12689,0
1908,3.9516e+05,-12670,0
1909,3.9519e+05,-12650,0
1910,3.9521e+05,-12631,0
1911,3.9523e+05,-12611,0
1912,3.9525e+05,-12591,0
1913,3.9527e+05,-12572,0
1914,3.953e+05,-12552,0
1915,3.9532e+05,-12532,0
1916,3.9534e+05,-12513,0
1917,3.9536e+05,-12493,0
1918,3.9538e+05,-12473,0
1919,3.954e+05,-12453,0
1920,3.9543e+05,-12433,0
1921,3.9545e+05,-12413,0
1922,3.9547e+05,-12394,0
1923,3.9549e+05,-12374,0
1924,3.9551e+05,-12353,0
1925,3.9553e+05,-12333,0
1926,3.9555e+05,-12313,0
1927,3.9557e+05,-12293,0
1928,3.956e+05,-12273,0
1929,3.9562e+05,-12253,0
1930,3.9564e+05,-12232,0
1931,3.9566e+05,-12212,0
1932,3.9568e+05,-12192,0
1933,3.957e+05,-12171,0
1934,3.9572e+05,-12151,0
1935,3.9574e+05,-12130,0
1936,3.9576e+05,-12110,0
1937,3.9579e+05,-12089,0
1938,3.9581e+05,-12069,0
1939,3.9583e+05,-12048,0
1940,3.9585e+05,-12027,0
1941,3.9587e+05,-12007,0
1942,3.9589e+05,-11986,0
1943,3.9591e+05,-11965,0
1944,3.9593e+05,-11944,0
1945,3.9595e+05,-11924,0
1946,3.9597e+05,-11903,0
1947,3.9599e+05,-11882,0
1948,3.9601e+05,-11861,0
1949,3.9603e+05,-11840,0
1950,3.9605e+05,-11819,0
1951,3.9608e+05,-11798,0
1952,3.961e+05,-11777,0
1953,3.9612e+05,-11755,0
1954,3.9614e+05,-11734,0
1955,3.9616e+05,-11713,0
1956,3.9618e+05,-11692,0
1957,3.962e+05,-11670,0
1958,3.9622e+05,-11649,0
1959,3.9624e+05,-11628,0
1960,3.9626e+05,-11606,0
1961,3.9628e+05,-11585,0
1962,3.963e+05,-11563,0
1963,3.9632e+05,-11542,0
1964,3.9634e+05,-11520,0
1965,3.9636e+05,-11499,0
1966,3.9638e+05,-11477,0
1967,3.964e+05,-11455,0
1968,3.9642e+05,-11434,0
1969,3.9644e+05,-11412,0
1970,3.9646e+05,-11390,0
1971,3.9648e+05,-11368,0
1972,3.965e+05,-11347,0
1973,3.9652e+05,-11325,0
1974,3.9654e+05,-11303,0
1975,3.9656e+05,-11281,0
1976,3.9657e+05,-11259,0
1977,3.9659e+05,-11237,0
1978,3.9661e+05,-11215,0
1979,3.9663e+05,-11193,0
1980,3.9665e+05,-11170,0
1981,3.9667e+05,-11148,0
1982,3.9669e+05,-11126,0
1983,3.9671e+05,-11104,0
1984,3.9673e+05,-11082,0
1985,3.9675e+05,-11059,0
1986,3.9677e+05,-11037,0
1987,3.9679e+05,-11015,0
1988,3.9681e+05,-10992,0
1989,3.9683e+05,-10970,0
1990,3.9684e+05,-10947,0
1991,3.9686e+05,-10925,0
1992,3.9688e+05,-10902,0
1993,3.969e+05,-10880,0
1994,3.9692e+05,-10857,0
1995,3.9694e+05,-10834,0
1996,3.9696e+05,-10812,0
1997,3.9698e+05,-10789,0
1998,3.9699e+05,-10766,0
1999,3.9701e+05,-10743,0
2000,3.9703e+05,-10720,0
2001,3.9705e+05,-10698,0
2002,3.9707e+05,-10675,0
2003,3.9709e+05,-10652,0
2004,3.9711e+05,-10629,0
2005,3.9712e+05,-10606,0
2006,3.9714e+05,-10583,0
2007,3.9716e+05,-10560,0
2008,3.9718e+05,-10537,0
2009,3.972e+05,-10513,0
2010,3.9722e+05,-10490,0
2011,3.9723e+05,-10467,0
2012,3.9725e+05,-10444,0
2013,3.9727e+05,-10421,0
2014,3.9729e+05,-10397,0
2015,3.9731e+05,-10374,0
2016,3.9732e+05,-10351,0
2017,3.9734e+05,-10327,0
2018,3.9736e+05,-10304,0
2019,3.9738e+05,-10280,0
2020,3.974e+05,-10257,0
2021,3.9741e+05,-10233,0
2022,3.9743e+05,-10210,0
2023,3.9745e+05,-10186,0
2024,3.9747e+05,-10162,0
2025,3.9748e+05,-10139,0
2026,3.975e+05,-10115,0
2027,3.9752e+05,-10091,0
2028,3.9754e+05,-10068,0
2029,3.9755e+05,-10044,0
2030,3.9757e+05,-10020,0
2031,3.9759e+05,-9996.2,0
2032,3.9761e+05,-9972.3,0
2033,3.9762e+05,-9948.4,0
2034,3.9764e+05,-9924.4,0
2035,3.9766e+05,-9900.5,0
2036,3.9768e+05,-9876.4,0
2037,3.9769e+05,-9852.4,0
2038,3.9771e+05,-9828.3,0
2039,3.9773e+05,-9804.2,0
2040,3.9774e+05,-9780.1,0
2041,3.9776e+05,-9755.9,0
2042,3.9778e+05,-9731.7,0
2043,3.978e+05,-9707.5,0
2044,3.9781e+05,-9683.2,0
2045,3.9783e+05,-9658.9,0
2046,3.9785e+05,-9634.6,0
2047,3.9786e+05,-9610.3,0
2048,3.9788e+05,-9585.9,0
2049,3.979e+05,-9561.5,0
2050,3.9791e+05,-9537,0
2051,3.9793e+05,-9512.5,0
2052,3.9795e+05,-9488,0
2053,3.9796e+05,-9463.5,0
2054,3.9798e+05,-9438.9,0
2055,3.9799e+05,-9414.3,0
2056,3.9801e+05,-9389.7,0
2057,3.9803e+05,-9365,0
2058,3.9804e+05,-9340.4,0
2059,3.9806e+05,-9315.6,0
2060,3.9808e+05,-9290.9,0
2061,3.9809e+05,-9266.1,0
2062,3.9811e+05,-9241.3,0
2063,3.9812e+05,-9216.5,0
2064,3.9814e+05,-9191.6,0
2065,3.9816e+05,-9166.7,0
2066,3.9817e+05,-9141.8,0
2067,3.9819e+05,-9116.8,0
2068,3.982e+05,-9091.8,0
2069,3.9822e+05,-9066.8,0
2070,3.9824e+05,-9041.8,0
2071,3.9825e+05,-9016.7,0
2072,3.9827e+05,-8991.6,0
2073,3.9828e+05,-8966.5,0
2074,3.983e+05,-8941.3,0
2075,3.9831e+05,-8916.1,0
2076,3.9833e+05,-8890.9,0
2077,3.9834e+05,-8865.7,0
2078,3.9836e+05,-8840.4,0
2079,3.9837e+05,-8815.1,0
2080,3.9839e+05,-8789.8,0
2081,3.9841e+05,-8764.4,0
2082,3.9842e+05,-8739.1,0
2083,3.9844e+05,-8713.6,0
2084,3.9845e+05,-8688.2,0
2085,3.9847e+05,-8662.7,0
2086,3.9848e+05,-8637.2,0
2087,3.985e+05,-8611.7,0
2088,3.9851e+05,-8586.2,0
2089,3.9853e+05,-8560.6,0
2090,3.9854e+05,-8535,0
2091,3.9856e+05,-8509.3,0
2092,3.9857e+05,-8483.7,0
2093,3.9859e+05,-8458,0
2094,3.986e+05,-8432.3,0
2095,3.9861e+05,-8406.5,0
2096,3.9863e+05,-8380.8,0
2097,3.9864e+05,-8355,0
2098,3.9866e+05,-8329.2,0
2099,3.9867e+05,-8303.3,0
2100,3.9869e+05,-8277.4,0
2101,3.987e+05,-8251.5,0
2102,3.9872e+05,-8225.6,0
2103,3.9873e+05,-8199.6,0
2104,3.9874e+05,-8173.7,0
2105,3.9876e+05,-8147.6,0
2106,3.9877e+05,-8121.6,0
2107,3.9879e+05,-8095.5,0
2108,3.988e+05,-8069.5,0
2109,3.9881e+05,-8043.3,0
2110,3.9883e+05,-8017.2,0
2111,3.9884e+05,-7991,0
2112,3.9886e+05,-7964.9,0
2113,3.9887e+05,-7938.6,0
2114,3.9888e+05,-7912.4,0
2115,3.989e+05,-7886.1,0
2116,3.9891e+05,-7859.8,0
2117,3.9893e+05,-7833.5,0
2118,3.9894e+05,-7807.2,0
2119,3.9895e+05,-7780.8,0
2120,3.9897e+05,-7754.4,0
2121,3.9898e+05,-7728,0
2122,3.9899e+05,-7701.6,0
2123,3.9901e+05,-7675.1,0
2124,3.9902e+05,-7648.6,0
2125,3.9903e+05,-7622.1,0
2126,3.9905e+05,-7595.5,0
2127,3.9906e+05,-7569,0
2128,3.9907e+05,-7542.4,0
2129,3.9909e+05,-7515.8,0
2130,3.991e+05,-7489.1,0
2131,3.9911e+05,-7462.5,0
2132,3.9912e+05,-7435.8,0
2133,3.9914e+05,-7409.1,0
2134,3.9915e+05,-7382.3,0
2135,3.9916e+05,-7355.6,0
2136,3.9918e+05,-7328.8,0
2137,3.9919e+05,-7302,0
2138,3.992e+05,-7275.1,0
2139,3.9921e+05,-7248.3,0
2140,3.9923e+05,-7221.4,0
2141,3.9924e+05,-7194.5,0
2142,3.9925e+05,-7167.6,0
2143,3.9926e+05,-7140.6,0
2144,3.9928e+05,-7113.7,0
2145,3.9929e+05,-7086.7,0
2146,3.993e+05,-7059.7,0
2147,3.9931e+05,-7032.6,0
2148,3.9933e+05,-7005.6,0
2149,3.9934e+05,-6978.5,0
2150,3.9935e+05,-6951.4,0
2151,3.9936e+05,-6924.2,0
2152,3.9937e+05,-6897.1,0
2153,3.9939e+05,-6869.9,0
2154,3.994e+05,-6842.7,0
2155,3.9941e+05,-6815.5,0
2156,3.9942e+05,-6788.3,0
2157,3.9943e+05,-6761,0
2158,3.9945e+05,-6733.7,0
2159,3.9946e+05,-6706.4,0
2160,3.9947e+05,-6679.1,0
2161,3.9948e+05,-6651.7,0
2162,3.9949e+05,-6624.4,0
2163,3.995e+05,-6597,0
2164,3.9952e+05,-6569.6,0
2165,3.9953e+05,-6542.1,0
2166,3.9954e+05,-6514.7,0
2167,3.9955e+05,-6487.2,0
2168,3.9956e+05,-6459.7,0
2169,3.9957e+05,-6432.2,0
2170,3.9958e+05,-6404.6,0
2171,3.9959e+05,-6377.1,0
2172,3.9961e+05,-6349.5,0
2173,3.9962e+05,-6321.9,0
2174,3.9963e+05,-6294.3,0
2175,3.9964e+05,-6266.6,0
2176,3.9965e+05,-6239,0
2177,3.9966e+05,-6211.3,0
2178,3.9967e+05,-6183.6,0
2179,3.9968e+05,-6155.9,0
2180,3.9969e+05,-6128.1,0
2181,3.997e+05,-6100.4,0
2182,3.9971e+05,-6072.6,0
2183,3.9972e+05,-6044.8,0
2184,3.9974e+05,-6017,0
2185,3.9975e+05,-5989.1,0
2186,3.9976e+05,-5961.3,0
2187,3.9977e+05,-5933.4,0
2188,3.9978e+05,-5905.5,0
2189,3.9979e+05,-5877.6,0
2190,3.998e+05,-5849.6,0
2191,3.9981e+05,-5821.7,0
2192,3.9982e+05,-5793.7,0
2193,3.9983e+05,-5765.7,0
2194,3.9984e+05,-5737.7,0
2195,3.9985e+05,-5709.7,0
2196,3.9986e+05,-5681.6,0
2197,3.9987e+05,-5653.5,0
2198,3.9988e+05,-5625.5,0
2199,3.9989e+05,-5597.4,0
2200,3.999e+05,-5569.2,0
2201,3.9991e+05,-5541.1,0
2202,3.9992e+05,-5512.9,0
2203,3.9993e+05,-5484.8,0
2204,3.9994e+05,-5456.6,0
2205,3.9994e+05,-5428.3,0
2206,3.9995e+05,-5400.1,0
2207,3.9996e+05,-5371.9,0
2208,3.9997e+05,-5343.6,0
2209,3.9998e+05,-5315.3,0
2210,3.9999e+05,-5287,0
2211,4e+05,-5258.7,0
2212,4.0001e+05,-5230.4,0
2213,4.0002e+05,-5202,0
2214,4.0003e+05,-5173.7,0
2215,4.0004e+05,-5145.3,0
2216,4.0005e+05,-5116.9,0
2217,4.0005e+05,-5088.5,0
2218,4.0006e+05,-5060,0
2219,4.0007e+05,-5031.6,0
2220,4.0008e+05,-5003.1,0
2221,4.0009e+05,-4974.6,0
2222,4.001e+05,-4946.1,0
2223,4.0011e+05,-4917.6,0
2224,4.0012e+05,-4889.1,0
2225,4.0012e+05,-4860.5,0
2226,4.0013e+05,-4832,0
2227,4.0014e+05,-4803.4,0
2228,4.0015e+05,-4774.8,0
2229,4.0016e+05,-4746.2,0
2230,4.0017e+05,-4717.6,0
2231,4.0017e+05,-4688.9,0
2232,4.0018e+05,-4660.3,0
2233,4.0019e+05,-4631.6,0
2234,4.002e+05,-4602.9,0
2235,4.0021e+05,-4574.2,0
2236,4.0021e+05,-4545.5,0
2237,4.0022e+05,-4516.8,0
2238,4.0023e+05,-4488,0
2239,4.0024e+05,-4459.3,0
2240,4.0025e+05,-4430.5,0
2241,4.0025e+05,-4401.7,0
2242,4.0026e+05,-4372.9,0
2243,4.0027e+05,-4344.1,0
2244,4.0028e+05,-4315.2,0
2245,4.0028e+05,-4286.4,0
2246,4.0029e+05,-4257.5,0
2247,4.003e+05,-4228.7,0
2248,4.0031e+05,-4199.8,0
2249,4.0031e+05,-4170.9,0
2250,4.0032e+05,-4142,0
2251,4.0033e+05,-4113,0
2252,4.0034e+05,-4084.1,0
2253,4.0034e+05,-4055.1,0
2254,4.0035e+05,-4026.2,0
2255,4.0036e+05,-3997.2,0
2256,4.0036e+05,-3968.2,0
2257,4.0037e+05,-3939.2,0
2258,4.0038e+05,-3910.2,0
2259,4.0038e+05,-3881.1,0
2260,4.0039e+05,-3852.1,0
2261,4.004e+05,-3823,0
2262,4.004e+05,-3794,0
2263,4.0041e+05,-3764.9,0
2264,4.0042e+05,-3735.8,0
2265,4.0042e+05,-3706.7,0
2266,4.0043e+05,-3677.6,0
2267,4.0044e+05,-3648.4,0
2268,4.0044e+05,-3619.3,0
2269,4.0045e+05,-3590.1,0
2270,4.0046e+05,-3561,0
2271,4.0046e+05,-3531.8,0
2272,4.0047e+05,-3502.6,0
2273,4.0047e+05,-3473.4,0
2274,4.0048e+05,-3444.2,0
2275,4.0049e+05,-3415,0
2276,4.0049e+05,-3385.7,0
2277,4.005e+05,-3356.5,0
2278,4.005e+05,-3327.2,0
2279,4.0051e+05,-3298,0
2280,4.0052e+05,-3268.7,0
2281,4.0052e+05,-3239.4,0
2282,4.0053e+05,-3210.1,0
2283,4.0053e+05,-3180.8,0
2284,4.0054e+05,-3151.5,0
2285,4.0054e+05,-3122.2,0
2286,4.0055e+05,-3092.8,0
2287,4.0055e+05,-3063.5,0
2288,4.0056e+05,-3034.1,0
2289,4.0056e+05,-3004.7,0
2290,4.0057e+05,-2975.4,0
2291,4.0057e+05,-2946,0
2292,4.0058e+05,-2916.6,0
2293,4.0059e+05,-2887.2,0
2294,4.0059e+05,-2857.7,0
2295,4.006e+05,-2828.3,0
2296,4.006e+05,-2798.9,0
2297,4.006e+05,-2769.4,0
2298,4.0061e+05,-2740,0
2299,4.0061e+05,-2710.5,0
2300,4.0062e+05,-2681,0
2301,4.0062e+05,-2651.6,0
2302,4.0063e+05,-2622.1,0
2303,4.0063e+05,-2592.6,0
2304,4.0064e+05,-2563.1,0
2305,4.0064e+05,-2533.5,0
2306,4.0065e+05,-2504,0
2307,4.0065e+05,-2474.5,0
2308,4.0066e+05,-2444.9,0
2309,4.0066e+05,-2415.4,0
2310,4.0066e+05,-2385.8,0
2311,4.0067e+05,-2356.3,0
2312,4.0067e+05,-2326.7,0
2313,4.0068e+05,-2297.1,0
2314,4.0068e+05,-2267.5,0
2315,4.0068e+05,-2237.9,0
2316,4.0069e+05,-2208.3,0
2317,4.0069e+05,-2178.7,0
2318,4.007e+05,-2149.1,0
2319,4.007e+05,-2119.5,0
2320,4.007e+05,-2089.9,0
2321,4.0071e+05,-2060.2,0
2322,4.0071e+05,-2030.6,0
2323,4.0071e+05,-2000.9,0
2324,4.0072e+05,-1971.3,0
2325,4.0072e+05,-1941.6,0
2326,4.0072e+05,-1912,0
2327,4.0073e+05,-1882.3,0
2328,4.0073e+05,-1852.6,0
2329,4.0073e+05,-1822.9,0
2330,4.0074e+05,-1793.2,0
2331,4.0074e+05,-1763.5,0
2332,4.0074e+05,-1733.8,0
2333,4.0075e+05,-1704.1,0
2334,4.0075e+05,-1674.4,0
2335,4.0075e+05,-1644.7,0
2336,4.0075e+05,-1614.9,0
2337,4.0076e+05,-1585.2,0
2338,4.0076e+05,-1555.5,0
2339,4.0076e+05,-1525.7,0
2340,4.0077e+05,-1496,0
2341,4.0077e+05,-1466.2,0
2342,4.0077e+05,-1436.5,0
2343,4.0077e+05,-1406.7,0
2344,4.0078e+05,-1376.9,0
2345,4.0078e+05,-1347.2,0
2346,4.0078e+05,-1317.4,0
2347,4.0078e+05,-1287.6,0
2348,4.0078e+05,-1257.8,0
2349,4.0079e+05,-1228,0
2350,4.0079e+05,-1198.3,0
2351,4.0079e+05,-1168.5,0
2352,4.0079e+05,-1138.7,0
2353,4.0079e+05,-1108.9,0
2354,4.008e+05,-1079.1,0
2355,4.008e+05,-1049.2,0
2356,4.008e+05,-1019.4,0
2357,4.008e+05,-989.61,0
2358,4.008e+05,-959.79,0
2359,4.0081e+05,-929.97,0
2360,4.0081e+05,-900.14,0
2361,4.0081e+05,-870.31,0
2362,4.0081e+05,-840.48,0
2363,4.0081e+05,-810.64,0
2364,4.0081e+05,-780.8,0
2365,4.0081e+05,-750.96,0
2366,4.0082e+05,-721.12,0
2367,4.0082e+05,-691.28,0
2368,4.0082e+05,-661.43,0
2369,4.0082e+05,-631.58,0
2370,4.0082e+05,-601.73,0
2371,4.0082e+05,-571.87,0
2372,4.0082e+05,-542.02,0
2373,4.0082e+05,-512.16,0
2374,4.0082e+05,-482.3,0
2375,4.0082e+05,-452.44,0
2376,4.0083e+05,-422.58,0
2377,4.0083e+05,-392.72,0
2378,4.0083e+05,-362.85,0
2379,4.0083e+05,-332.99,0
2380,4.0083e+05,-303.12,0
2381,4.0083e+05,-273.25,0
2382,4.0083e+05,-243.38,0
2383,4.0083e+05,-213.51,0
2384,4.0083e+05,-183.64,0
2385,4.0083e+05,-153.77,0
2386,4.0083e+05,-123.9,0
2387,4.0083e+05,-94.029,0
2388,4.0083e+05,-64.157,0
2389,4.0083e+05,-34.285,0
2390,4.0083e+05,-4.4127,0
2391,4.0083e+05,25.46,0
2392,4.0083e+05,55.332,0
2393,4.0083e+05,85.204,0
2394,4.0083e+05,115.08,0
2395,4.0083e+05,144.95,0
2396,4.0083e+05,174.82,0
2397,4.0083e+05,204.69,0
2398,4.0083e+05,234.56,0
2399,4.0083e+05,264.43,0
2400,4.0083e+05,294.3,0
2401,4.0083e+05,324.16,0
2402,4.0083e+05,354.03,0
2403,4.0083e+05,383.89,0
2404,4.0083e+05,413.76,0
2405,4.0083e+05,443.62,0
2406,4.0082e+05,473.48,0
2407,4.0082e+05,503.34,0
2408,4.0082e+05,533.2,0
2409,4.0082e+05,563.05,0
2410,4.0082e+05,592.91,0
2411,4.0082e+05,622.76,0
2412,4.0082e+05,652.61,0
2413,4.0082e+05,682.46,0
2414,4.0082e+05,712.3,0
2415,4.0081e+05,742.15,0
2416,4.0081e+05,771.99,0
2417,4.0081e+05,801.83,0
2418,4.0081e+05,831.66,0
2419,4.0081e+05,861.5,0
2420,4.0081e+05,891.33,0
2421,4.0081e+05,921.15,0
2422,4.008e+05,950.98,0
2423,4.008e+05,980.8,0
2424,4.008e+05,1010.6,0
2425,4.008e+05,1040.4,0
2426,4.008e+05,1070.2,0
2427,4.008e+05,1100.1,0
2428,4.0079e+05,1129.9,0
2429,4.0079e+05,1159.7,0
2430,4.0079e+05,1189.5,0
2431,4.0079e+05,1219.2,0
2432,4.0079e+05,1249,0
2433,4.0078e+05,1278.8,0
2434,4.0078e+05,1308.6,0
2435,4.0078e+05,1338.4,0
2436,4.0078e+05,1368.2,0
2437,4.0077e+05,1397.9,0
2438,4.0077e+05,1427.7,0
2439,4.0077e+05,1457.4,0
2440,4.0077e+05,1487.2,0
2441,4.0076e+05,1516.9,0
2442,4.0076e+05,1546.7,0
2443,4.0076e+05,1576.4,0
2444,4.0076e+05,1606.2,0
2445,4.0075e+05,1635.9,0
2446,4.0075e+05,1665.6,0
2447,4.0075e+05,1695.3,0
2448,4.0074e+05,1725,0
2449,4.0074e+05,1754.7,0
2450,4.0074e+05,1784.4,0
2451,4.0073e+05,1814.1,0
2452,4.0073e+05,1843.8,0
2453,4.0073e+05,1873.5,0
2454,4.0072e+05,1903.2,0
2455,4.0072e+05,1932.9,0
2456,4.0072e+05,1962.5,0
2457,4.0071e+05,1992.2,0
2458,4.0071e+05,2021.8,0
2459,4.0071e+05,2051.5,0
2460,4.007e+05,2081.1,0
2461,4.007e+05,2110.7,0
2462,4.007e+05,2140.4,0
2463,4.0069e+05,2170,0
2464,4.0069e+05,2199.6,0
2465,4.0068e+05,2229.2,0
2466,4.0068e+05,2258.8,0
2467,4.0068e+05,2288.4,0
2468,4.0067e+05,2318,0
2469,4.0067e+05,2347.5,0
2470,4.0066e+05,2377.1,0
2471,4.0066e+05,2406.7,0
2472,4.0066e+05,2436.2,0
2473,4.0065e+05,2465.8,0
2474,4.0065e+05,2495.3,0
2475,4.0064e+05,2524.8,0
2476,4.0064e+05,2554.3,0
2477,4.0063e+05,2583.8,0
2478,4.0063e+05,2613.3,0
2479,4.0063e+05,2642.8,0
2480,4.0062e+05,2672.3,0
2481,4.0062e+05,2701.8,0
2482,4.0061e+05,2731.3,0
2483,4.0061e+05,2760.7,0
2484,4.006e+05,2790.2,0
2485,4.006e+05,2819.6,0
2486,4.0059e+05,2849,0
2487,4.0059e+05,2878.5,0
2488,4.0058e+05,2907.9,0
2489,4.0058e+05,2937.3,0
2490,4.0057e+05,2966.7,0
2491,4.0057e+05,2996.1,0
2492,4.0056e+05,3025.4,0
2493,4.0056e+05,3054.8,0
2494,4.0055e+05,3084.1,0
2495,4.0054e+05,3113.5,0
2496,4.0054e+05,3142.8,0
2497,4.0053e+05,3172.1,0
2498,4.0053e+05,3201.5,0
2499,4.0052e+05,3230.8,0
2500,4.0052e+05,3260,0
2501,4.0051e+05,3289.3,0
2502,4.0051e+05,3318.6,0
2503,4.005e+05,3347.9,0
2504,4.0049e+05,3377.1,0
2505,4.0049e+05,3406.3,0
2506,4.0048e+05,3435.6,0
2507,4.0048e+05,3464.8,0
2508,4.0047e+05,3494,0
2509,4.0046e+05,3523.2,0
2510,4.0046e+05,3552.4,0
2511,4.0045e+05,3581.5,0
2512,4.0044e+05,3610.7,0
2513,4.0044e+05,3639.8,0
2514,4.0043e+05,3669,0
2515,4.0043e+05,3698.1,0
2516,4.0042e+05,3727.2,0
2517,4.0041e+05,3756.3,0
2518,4.0041e+05,3785.4,0
2519,4.004e+05,3814.5,0
2520,4.0039e+05,3843.5,0
2521,4.0039e+05,3872.6,0
2522,4.0038e+05,3901.6,0
2523,4.0037e+05,3930.6,0
2524,4.0037e+05,3959.6,0
2525,4.0036e+05,3988.6,0
2526,4.0035e+05,4017.6,0
2527,4.0034e+05,4046.6,0
2528,4.0034e+05,4075.5,0
2529,4.0033e+05,4104.5,0
2530,4.0032e+05,4133.4,0
2531,4.0032e+05,4162.3,0
2532,4.0031e+05,4191.2,0
2533,4.003e+05,4220.1,0
2534,4.0029e+05,4249,0
2535,4.0029e+05,4277.9,0
2536,4.0028e+05,4306.7,0
2537,4.0027e+05,4335.6,0
2538,4.0026e+05,4364.4,0
2539,4.0026e+05,4393.2,0
2540,4.0025e+05,4422,0
2541,4.0024e+05,4450.8,0
2542,4.0023e+05,4479.5,0
2543,4.0022e+05,4508.3,0
2544,4.0022e+05,4537,0
2545,4.0021e+05,4565.7,0
2546,4.002e+05,4594.4,0
2547,4.0019e+05,4623.1,0
2548,4.0019e+05,4651.8,0
2549,4.0018e+05,4680.5,0
2550,4.0017e+05,4709.1,0
2551,4.0016e+05,4737.7,0
2552,4.0015e+05,4766.3,0
2553,4.0014e+05,4794.9,0
2554,4.0014e+05,4823.5,0
2555,4.0013e+05,4852.1,0
2556,4.0012e+05,4880.6,0
2557,4.0011e+05,4909.2,0
2558,4.001e+05,4937.7,0
2559,4.0009e+05,4966.2,0
2560,4.0008e+05,4994.7,0
2561,4.0008e+05,5023.2,0
2562,4.0007e+05,5051.6,0
2563,4.0006e+05,5080.1,0
2564,4.0005e+05,5108.5,0
2565,4.0004e+05,5136.9,0
2566,4.0003e+05,5165.3,0
2567,4.0002e+05,5193.6,0
2568,4.0001e+05,5222,0
2569,4e+05,5250.3,0
2570,3.9999e+05,5278.7,0
2571,3.9999e+05,5307,0
2572,3.9998e+05,5335.3,0
2573,3.9997e+05,5363.5,0
2574,3.9996e+05,5391.8,0
2575,3.9995e+05,5420,0
2576,3.9994e+05,5448.2,0
2577,3.9993e+05,5476.4,0
2578,3.9992e+05,5504.6,0
2579,3.9991e+05,5532.8,0
2580,3.999e+05,5560.9,0
2581,3.9989e+05,5589,0
2582,3.9988e+05,5617.2,0
2583,3.9987e+05,5645.2,0
2584,3.9986e+05,5673.3,0
2585,3.9985e+05,5701.4,0
2586,3.9984e+05,5729.4,0
2587,3.9983e+05,5757.4,0
2588,3.9982e+05,5785.4,0
2589,3.9981e+05,5813.4,0
2590,3.998e+05,5841.4,0
2591,3.9979e+05,5869.3,0
2592,3.9978e+05,5897.2,0
2593,3.9977e+05,5925.1,0
2594,3.9976e+05,5953,0
2595,3.9975e+05,5980.9,0
2596,3.9974e+05,6008.7,0
2597,3.9973e+05,6036.6,0
2598,3.9972e+05,6064.4,0
2599,3.9971e+05,6092.2,0
2600,3.997e+05,6119.9,0
2601,3.9969e+05,6147.7,0
2602,3.9967e+05,6175.4,0
2603,3.9966e+05,6203.1,0
2604,3.9965e+05,6230.8,0
2605,3.9964e+05,6258.5,0
2606,3.9963e+05,6286.1,0
2607,3.9962e+05,6313.7,0
2608,3.9961e+05,6341.4,0
2609,3.996e+05,6368.9,0
2610,3.9959e+05,6396.5,0
2611,3.9958e+05,6424,0
2612,3.9956e+05,6451.6,0
2613,3.9955e+05,6479.1,0
2614,3.9954e+05,6506.6,0
2615,3.9953e+05,6534,0
2616,3.9952e+05,6561.5,0
2617,3.9951e+05,6588.9,0
2618,3.995e+05,6616.3,0
2619,3.9948e+05,6643.7,0
2620,3.9947e+05,6671,0
2621,3.9946e+05,6698.3,0
2622,3.9945e+05,6725.7,0
2623,3.9944e+05,6752.9,0
2624,3.9943e+05,6780.2,0
2625,3.9941e+05,6807.5,0
2626,3.994e+05,6834.7,0
2627,3.9939e+05,6861.9,0
2628,3.9938e+05,6889.1,0
2629,3.9937e+05,6916.2,0
2630,3.9935e+05,6943.4,0
2631,3.9934e+05,6970.5,0
2632,3.9933e+05,6997.6,0
2633,3.9932e+05,7024.6,0
2634,3.9931e+05,7051.7,0
2635,3.9929e+05,7078.7,0
2636,3.9928e+05,7105.7,0
2637,3.9927e+05,7132.7,0
2638,3.9926e+05,7159.6,0
2639,3.9924e+05,7186.6,0
2640,3.9923e+05,7213.5,0
2641,3.9922e+05,7240.4,0
2642,3.9921e+05,7267.2,0
2643,3.9919e+05,7294,0
2644,3.9918e+05,7320.9,0
2645,3.9917e+05,7347.7,0
2646,3.9915e+05,7374.4,0
2647,3.9914e+05,7401.2,0
2648,3.9913e+05,7427.9,0
2649,3.9912e+05,7454.6,0
2650,3.991e+05,7481.2,0
2651,3.9909e+05,7507.9,0
2652,3.9908e+05,7534.5,0
2653,3.9906e+05,7561.1,0
2654,3.9905e+05,7587.7,0
2655,3.9904e+05,7614.2,0
2656,3.9902e+05,7640.8,0
2657,3.9901e+05,7667.3,0
2658,3.99e+05,7693.7,0
2659,3.9898e+05,7720.2,0
2660,3.9897e+05,7746.6,0
2661,3.9896e+05,7773,0
2662,3.9894e+05,7799.4,0
2663,3.9893e+05,7825.7,0
2664,3.9892e+05,7852.1,0
2665,3.989e+05,7878.4,0
2666,3.9889e+05,7904.6,0
2667,3.9887e+05,7930.9,0
2668,3.9886e+05,7957.1,0
2669,3.9885e+05,7983.3,0
2670,3.9883e+05,8009.5,0
2671,3.9882e+05,8035.6,0
2672,3.9881e+05,8061.7,0
2673,3.9879e+05,8087.8,0
2674,3.9878e+05,8113.9,0
2675,3.9876e+05,8140,0
2676,3.9875e+05,8166,0
2677,3.9873e+05,8192,0
2678,3.9872e+05,8217.9,0
2679,3.9871e+05,8243.9,0
2680,3.9869e+05,8269.8,0
2681,3.9868e+05,8295.7,0
2682,3.9866e+05,8321.5,0
2683,3.9865e+05,8347.3,0
2684,3.9863e+05,8373.2,0
2685,3.9862e+05,8398.9,0
2686,3.986e+05,8424.7,0
2687,3.9859e+05,8450.4,0
2688,3.9857e+05,8476.1,0
2689,3.9856e+05,8501.8,0
2690,3.9855e+05,8527.4,0
2691,3.9853e+05,8553,0
2692,3.9852e+05,8578.6,0
2693,3.985e+05,8604.2,0
2694,3.9849e+05,8629.7,0
2695,3.9847e+05,8655.2,0
2696,3.9846e+05,8680.7,0
2697,3.9844e+05,8706.1,0
2698,3.9843e+05,8731.6,0
2699,3.9841e+05,8756.9,0
2700,3.9839e+05,8782.3,0
2701,3.9838e+05,8807.6,0
2702,3.9836e+05,8833,0
2703,3.9835e+05,8858.2,0
2704,3.9833e+05,8883.5,0
2705,3.9832e+05,8908.7,0
2706,3.983e+05,8933.9,0
2707,3.9829e+05,8959.1,0
2708,3.9827e+05,8984.2,0
2709,3.9826e+05,9009.3,0
2710,3.9824e+05,9034.4,0
2711,3.9822e+05,9059.4,0
2712,3.9821e+05,9084.5,0
2713,3.9819e+05,9109.4,0
2714,3.9818e+05,9134.4,0
2715,3.9816e+05,9159.3,0
2716,3.9814e+05,9184.2,0
2717,3.9813e+05,9209.1,0
2718,3.9811e+05,9234,0
2719,3.981e+05,9258.8,0
2720,3.9808e+05,9283.6,0
2721,3.9806e+05,9308.3,0
2722,3.9805e+05,9333.1,0
2723,3.9803e+05,9357.8,0
2724,3.9802e+05,9382.4,0
2725,3.98e+05,9407.1,0
2726,3.9798e+05,9431.7,0
2727,3.9797e+05,9456.2,0
2728,3.9795e+05,9480.8,0
2729,3.9793e+05,9505.3,0
2730,3.9792e+05,9529.8,0
2731,3.979e+05,9554.2,0
2732,3.9788e+05,9578.7,0
2733,3.9787e+05,9603.1,0
2734,3.9785e+05,9627.4,0
2735,3.9783e+05,9651.8,0
2736,3.9782e+05,9676.1,0
2737,3.978e+05,9700.3,0
2738,3.9778e+05,9724.6,0
2739,3.9777e+05,9748.8,0
2740,3.9775e+05,9772.9,0
2741,3.9773e+05,9797.1,0
2742,3.9772e+05,9821.2,0
2743,3.977e+05,9845.3,0
2744,3.9768e+05,9869.3,0
2745,3.9766e+05,9893.4,0
2746,3.9765e+05,9917.4,0
2747,3.9763e+05,9941.3,0
2748,3.9761e+05,9965.2,0
2749,3.9759e+05,9989.1,0
2750,3.9758e+05,10013,0
2751,3.9756e+05,10037,0
2752,3.9754e+05,10061,0
2753,3.9753e+05,10084,0
2754,3.9751e+05,10108,0
2755,3.9749e+05,10132,0
2756,3.9747e+05,10155,0
2757,3.9745e+05,10179,0
2758,3.9744e+05,10203,0
2759,3.9742e+05,10226,0
2760,3.974e+05,10250,0
2761,3.9738e+05,10273,0
2762,3.9737e+05,10297,0
2763,3.9735e+05,10320,0
2764,3.9733e+05,10344,0
2765,3.9731e+05,10367,0
2766,3.9729e+05,10390,0
2767,3.9728e+05,10414,0
2768,3.9726e+05,10437,0
2769,3.9724e+05,10460,0
2770,3.9722e+05,10483,0
2771,3.972e+05,10507,0
2772,3.9719e+05,10530,0
2773,3.9717e+05,10553,0
2774,3.9715e+05,10576,0
2775,3.9713e+05,10599,0
2776,3.9711e+05,10622,0
2777,3.9709e+05,10645,0
2778,3.9707e+05,10668,0
2779,3.9706e+05,10691,0
2780,3.9704e+05,10714,0
2781,3.9702e+05,10737,0
2782,3.97e+05,10759,0
2783,3.9698e+05,10782,0
2784,3.9696e+05,10805,0
2785,3.9694e+05,10828,0
2786,3.9693e+05,10850,0
2787,3.9691e+05,10873,0
2788,3.9689e+05,10895,0
2789,3.9687e+05,10918,0
2790,3.9685e+05,10941,0
2791,3.9683e+05,10963,0
2792,3.9681e+05,10985,0
2793,3.9679e+05,11008,0
2794,3.9677e+05,11030,0
2795,3.9675e+05,11053,0
2796,3.9674e+05,11075,0
2797,3.9672e+05,11097,0
2798,3.967e+05,11119,0
2799,3.9668e+05,11142,0
2800,3.9666e+05,11164,0
2801,3.9664e+05,11186,0
2802,3.9662e+05,11208,0
2803,3.966e+05,11230,0
2804,3.9658e+05,11252,0
2805,3.9656e+05,11274,0
2806,3.9654e+05,11296,0
2807,3.9652e+05,11318,0
2808,3.965e+05,11340,0
2809,3.9648e+05,11362,0
2810,3.9646e+05,11384,0
2811,3.9644e+05,11406,0
2812,3.9642e+05,11427,0
2813,3.964e+05,11449,0
2814,3.9638e+05,11471,0
2815,3.9636e+05,11492,0
2816,3.9634e+05,11514,0
2817,3.9632e+05,11535,0
2818,3.963e+05,11557,0
2819,3.9628e+05,11578,0
2820,3.9626e+05,11600,0
2821,3.9624e+05,11621,0
2822,3.9622e+05,11643,0
2823,3.962e+05,11664,0
2824,3.9618e+05,11685,0
2825,3.9616e+05,11707,0
2826,3.9614e+05,11728,0
2827,3.9612e+05,11749,0
2828,3.961e+05,11770,0
2829,3.9608e+05,11791,0
2830,3.9606e+05,11813,0
2831,3.9604e+05,11834,0
2832,3.9602e+05,11855,0
2833,3.96e+05,11876,0
2834,3.9598e+05,11896,0
2835,3.9596e+05,11917,0
2836,3.9594e+05,11938,0
2837,3.9592e+05,11959,0
2838,3.959e+05,11980,0
2839,3.9588e+05,12001,0
2840,3.9585e+05,12021,0
2841,3.9583e+05,12042,0
2842,3.9581e+05,12063,0
2843,3.9579e+05,12083,0
2844,3.9577e+05,12104,0
2845,3.9575e+05,12124,0
2846,3.9573e+05,12145,0
2847,3.9571e+05,12165,0
2848,3.9569e+05,12186,0
2849,3.9567e+05,12206,0
2850,3.9564e+05,12226,0
2851,3.9562e+05,12247,0
2852,3.956e+05,12267,0
2853,3.9558e+05,12287,0
2854,3.9556e+05,12307,0
2855,3.9554e+05,12327,0
2856,3.9552e+05,12348,0
2857,3.955e+05,12368,0
2858,3.9547e+05,12388,0
2859,3.9545e+05,12408,0
2860,3.9543e+05,12428,0
2861,3.9541e+05,12447,0
2862,3.9539e+05,12467,0
2863,3.9537e+05,12487,0
2864,3.9535e+05,12507,0
2865,3.9532e+05,12527,0
2866,3.953e+05,12546,0
2867,3.9528e+05,12566,0
2868,3.9526e+05,12586,0
2869,3.9524e+05,12605,0
2870,3.9521e+05,12625,0
2871,3.9519e+05,12644,0
2872,3.9517e+05,12664,0
2873,3.9515e+05,12683,0
2874,3.9513e+05,12703,0
2875,3.9511e+05,12722,0
2876,3.9508e+05,12741,0
2877,3.9506e+05,12761,0
2878,3.9504e+05,12780,0
2879,3.9502e+05,12799,0
2880,3.9499e+05,12818,0
2881,3.9497e+05,12837,0
2882,3.9495e+05,12856,0
2883,3.9493e+05,12875,0
2884,3.9491e+05,12894,0
2885,3.9488e+05,12913,0
2886,3.9486e+05,12932,0
2887,3.9484e+05,12951,0
2888,3.9482e+05,12970,0
2889,3.9479e+05,12989,0
2890,3.9477e+05,13007,0
2891,3.9475e+05,13026,0
2892,3.9473e+05,13045,0
2893,3.947e+05,13063,0
2894,3.9468e+05,13082,0
2895,3.9466e+05,13100,0
2896,3.9464e+05,13119,0
2897,3.9461e+05,13137,0
2898,3.9459e+05,13156,0
2899,3.9457e+05,13174,0
2900,3.9455e+05,13193,0
2901,3.9452e+05,13211,0
2902,3.945e+05,13229,0
2903,3.9448e+05,13247,0
2904,3.9445e+05,13266,0
2905,3.9443e+05,13284,0
2906,3.9441e+05,13302,0
2907,3.9439e+05,13320,0
2908,3.9436e+05,13338,0
2909,3.9434e+05,13356,0
2910,3.9432e+05,13374,0
2911,3.9429e+05,13392,0
2912,3.9427e+05,13409,0
2913,3.9425e+05,13427,0
2914,3.9422e+05,13445,0
2915,3.942e+05,13463,0
2916,3.9418e+05,13480,0
2917,3.9415e+05,13498,0
2918,3.9413e+05,13515,0
2919,3.9411e+05,13533,0
2920,3.9408e+05,13551,0
2921,3.9406e+05,13568,0
2922,3.9404e+05,13585,0
2923,3.9401e+05,13603,0
2924,3.9399e+05,13620,0
2925,3.9397e+05,13637,0
2926,3.9394e+05,13655,0
2927,3.9392e+05,13672,0
2928,3.939e+05,13689,0
2929,3.9387e+05,13706,0
2930,3.9385e+05,13723,0
2931,3.9382e+05,13740,0
2932,3.938e+05,13757,0
2933,3.9378e+05,13774,0
2934,3.9375e+05,13791,0
2935,3.9373e+05,13808,0
2936,3.9371e+05,13825,0
2937,3.9368e+05,13841,0
2938,3.9366e+05,13858,0
2939,3.9363e+05,13875,0
2940,3.9361e+05,13892,0
2941,3.9359e+05,13908,0
2942,3.9356e+05,13925,0
2943,3.9354e+05,13941,0
2944,3.9351e+05,13958,0
2945,3.9349e+05,13974,0
2946,3.9347e+05,13991,0
2947,3.9344e+05,14007,0
2948,3.9342e+05,14023,0
2949,3.9339e+05,14039,0
2950,3.9337e+05,14056,0
2951,3.9334e+05,14072,0
2952,3.9332e+05,14088,0
2953,3.933e+05,14104,0
2954,3.9327e+05,14120,0
2955,3.9325e+05,14136,0
2956,3.9322e+05,14152,0
2957,3.932e+05,14168,0
2958,3.9317e+05,14184,0
2959,3.9315e+05,14199,0
2960,3.9313e+05,14215,0
2961,3.931e+05,14231,0
2962,3.9308e+05,14247,0
2963,3.9305e+05,14262,0
2964,3.9303e+05,14278,0
2965,3.93e+05,14293,0
2966,3.9298e+05,14309,0
2967,3.9295e+05,14324,0
2968,3.9293e+05,14340,0
2969,3.929e+05,14355,0
2970,3.9288e+05,14371,0
2971,3.9285e+05,14386,0
2972,3.9283e+05,14401,0
2973,3.928e+05,14416,0
2974,3.9278e+05,14431,0
2975,3.9275e+05,14446,0
2976,3.9273e+05,14462,0
2977,3.927e+05,14477,0
2978,3.9268e+05,14492,0
2979,3.9265e+05,14506,0
2980,3.9263e+05,14521,0
2981,3.926e+05,14536,0
2982,3.9258e+05,14551,0
2983,3.9255e+05,14566,0
2984,3.9253e+05,14580,0
2985,3.925e+05,14595,0
2986,3.9248e+05,14610,0
2987,3.9245e+05,14624,0
2988,3.9243e+05,14639,0
2989,3.924e+05,14653,0
2990,3.9238e+05,14668,0
2991,3.9235e+05,14682,0
2992,3.9233e+05,14696,0
2993,3.923e+05,14711,0
2994,3.9228e+05,14725,0
2995,3.9225e+05,14739,0
2996,3.9223e+05,14753,0
2997,3.922e+05,14767,0
2998,3.9218e+05,14781,0
2999,3.9215e+05,14795,0
3000,3.9212e+05,14809,0
3001,3.921e+05,14823,0
3002,3.9207e+05,14837,0
3003,3.9205e+05,14851,0
3004,3.9202e+05,14865,0
3005,3.92e+05,14878,0
3006,3.9197e+05,14892,0
3007,3.9195e+05,14906,0
3008,3.9192e+05,14919,0
3009,3.9189e+05,14933,0
3010,3.9187e+05,14946,0
3011,3.9184e+05,14960,0
3012,3.9182e+05,14973,0
3013,3.9179e+05,14987,0
3014,3.9177e+05,15000,0
3015,3.9174e+05,15013,0
3016,3.9171e+05,15027,0
3017,3.9169e+05,15040,0
3018,3.9166e+05,15053,0
3019,3.9164e+05,15066,0
3020,3.9161e+05,15079,0
3021,3.9158e+05,15092,0
3022,3.9156e+05,15105,0
3023,3.9153e+05,15118,0
3024,3.9151e+05,15131,0
3025,3.9148e+05,15144,0
3026,3.9145e+05,15156,0
3027,3.9143e+05,15169,0
3028,3.914e+05,15182,0
3029,3.9138e+05,15194,0
3030,3.9135e+05,15207,0
3031,3.9132e+05,15219,0
3032,3.913e+05,15232,0
3033,3.9127e+05,15244,0
3034,3.9125e+05,15257,0
3035,3.9122e+05,15269,0
3036,3.9119e+05,15281,0
3037,3.9117e+05,15294,0
3038,3.9114e+05,15306,0
3039,3.9111e+05,15318,0
3040,3.9109e+05,15330,0
3041,3.9106e+05,15342,0
3042,3.9103e+05,15354,0
3043,3.9101e+05,15366,0
3044,3.9098e+05,15378,0
3045,3.9096e+05,15390,0
3046,3.9093e+05,15402,0
3047,3.909e+05,15414,0
3048,3.9088e+05,15425,0
3049,3.9085e+05,15437,0
3050,3.9082e+05,15449,0
3051,3.908e+05,15460,0
3052,3.9077e+05,15472,0
3053,3.9074e+05,15483,0
3054,3.9072e+05,15495,0
3055,3.9069e+05,15506,0
3056,3.9066e+05,15517,0
3057,3.9064e+05,15529,0
3058,3.9061e+05,15540,0
3059,3.9058e+05,15551,0
3060,3.9056e+05,15562,0
3061,3.9053e+05,15573,0
3062,3.905e+05,15584,0
3063,3.9048e+05,15595,0
3064,3.9045e+05,15606,0
3065,3.9042e+05,15617,0
3066,3.904e+05,15628,0
3067,3.9037e+05,15639,0
3068,3.9034e+05,15650,0
3069,3.9032e+05,15661,0
3070,3.9029e+05,15671,0
3071,3.9026e+05,15682,0
3072,3.9023e+05,15692,0
3073,3.9021e+05,15703,0
3074,3.9018e+05,15713,0
3075,3.9015e+05,15724,0
3076,3.9013e+05,15734,0
3077,3.901e+05,15745,0
3078,3.9007e+05,15755,0
3079,3.9005e+05,15765,0
3080,3.9002e+05,15775,0
3081,3.8999e+05,15786,0
3082,3.8996e+05,15796,0
3083,3.8994e+05,15806,0
3084,3.8991e+05,15816,0
3085,3.8988e+05,15826,0
3086,3.8986e+05,15836,0
3087,3.8983e+05,15845,0
3088,3.898e+05,15855,0
3089,3.8977e+05,15865,0
3090,3.8975e+05,15875,0
3091,3.8972e+05,15884,0
3092,3.8969e+05,15894,0
3093,3.8966e+05,15903,0
3094,3.8964e+05,15913,0
3095,3.8961e+05,15922,0
3096,3.8958e+05,15932,0
3097,3.8956e+05,15941,0
3098,3.8953e+05,15951,0
3099,3.895e+05,15960,0
3100,3.8947e+05,15969,0
3101,3.8945e+05,15978,0
3102,3.8942e+05,15987,0
3103,3.8939e+05,15996,0
3104,3.8936e+05,16005,0
3105,3.8934e+05,16014,0
3106,3.8931e+05,16023,0
3107,3.8928e+05,16032,0
3108,3.8925e+05,16041,0
3109,3.8923e+05,16050,0
3110,3.892e+05,16059,0
3111,3.8917e+05,16067,0
3112,3.8914e+05,16076,0
3113,3.8912e+05,16084,0
3114,3.8909e+05,16093,0
3115,3.8906e+05,16102,0
3116,3.8903e+05,16110,0
3117,3.8901e+05,16118,0
3118,3.8898e+05,16127,0
3119,3.8895e+05,16135,0
3120,3.8892e+05,16143,0
3121,3.8889e+05,16151,0
3122,3.8887e+05,16160,0
3123,3.8884e+05,16168,0
3124,3.8881e+05,16176,0
3125,3.8878e+05,16184,0
3126,3.8876e+05,16192,0
3127,3.8873e+05,16200,0
3128,3.887e+05,16207,0
3129,3.8867e+05,16215,0
3130,3.8865e+05,16223,0
3131,3.8862e+05,16231,0
3132,3.8859e+05,16238,0
3133,3.8856e+05,16246,0
3134,3.8853e+05,16253,0
3135,3.8851e+05,16261,0
3136,3.8848e+05,16268,0
3137,3.8845e+05,16276,0
3138,3.8842e+05,16283,0
3139,3.8839e+05,16290,0
3140,3.8837e+05,16298,0
3141,3.8834e+05,16305,0
3142,3.8831e+05,16312,0
3143,3.8828e+05,16319,0
3144,3.8825e+05,16326,0
3145,3.8823e+05,16333,0
3146,3.882e+05,16340,0
3147,3.8817e+05,16347,0
3148,3.8814e+05,16354,0
3149,3.8811e+05,16361,0
3150,3.8809e+05,16367,0
3151,3.8806e+05,16374,0
3152,3.8803e+05,16381,0
3153,3.88e+05,16387,0
3154,3.8797e+05,16394,0
3155,3.8795e+05,16400,0
3156,3.8792e+05,16407,0
3157,3.8789e+05,16413,0
3158,3.8786e+05,16420,0
3159,3.8783e+05,16426,0
3160,3.8781e+05,16432,0
3161,3.8778e+05,16438,0
3162,3.8775e+05,16444,0
3163,3.8772e+05,16451,0
3164,3.8769e+05,16457,0
3165,3.8766e+05,16463,0
3166,3.8764e+05,16469,0
3167,3.8761e+05,16475,0
3168,3.8758e+05,16480,0
3169,3.8755e+05,16486,0
3170,3.8752e+05,16492,0
3171,3.875e+05,16498,0
3172,3.8747e+05,16503,0
3173,3.8744e+05,16509,0
3174,3.8741e+05,16514,0
3175,3.8738e+05,16520,0
3176,3.8735e+05,16525,0
3177,3.8733e+05,16531,0
3178,3.873e+05,16536,0
3179,3.8727e+05,16541,0
3180,3.8724e+05,16547,0
3181,3.8721e+05,16552,0
3182,3.8718e+05,16557,0
3183,3.8716e+05,16562,0
3184,3.8713e+05,16567,0
3185,3.871e+05,16572,0
3186,3.8707e+05,16577,0
3187,3.8704e+05,16582,0
3188,3.8701e+05,16587,0
3189,3.8699e+05,16592,0
3190,3.8696e+05,16596,0
3191,3.8693e+05,16601,0
3192,3.869e+05,16606,0
3193,3.8687e+05,16610,0
3194,3.8684e+05,16615,0
3195,3.8681e+05,16619,0
3196,3.8679e+05,16624,0
3197,3.8676e+05,16628,0
3198,3.8673e+05,16632,0
3199,3.867e+05,16637,0
3200,3.8667e+05,16641,0
3201,3.8664e+05,16645,0
3202,3.8662e+05,16649,0
3203,3.8659e+05,16653,0
3204,3.8656e+05,16657,0
3205,3.8653e+05,16661,0
3206,3.865e+05,16665,0
3207,3.8647e+05,16669,0
3208,3.8644e+05,16673,0
3209,3.8642e+05,16677,0
3210,3.8639e+05,16681,0
3211,3.8636e+05,16684,0
3212,3.8633e+05,16688,0
3213,3.863e+05,16692,0
3214,3.8627e+05,16695,0
3215,3.8624e+05,16699,0
3216,3.8622e+05,16702,0
3217,3.8619e+05,16705,0
3218,3.8616e+05,16709,0
3219,3.8613e+05,16712,0
3220,3.861e+05,16715,0
3221,3.8607e+05,16718,0
3222,3.8604e+05,16721,0
3223,3.8602e+05,16725,0
3224,3.8599e+05,16728,0
3225,3.8596e+05,16731,0
3226,3.8593e+05,16733,0
3227,3.859e+05,16736,0
3228,3.8587e+05,16739,0
3229,3.8584e+05,16742,0
3230,3.8582e+05,16745,0
3231,3.8579e+05,16747,0
3232,3.8576e+05,16750,0
3233,3.8573e+05,16752,0
3234,3.857e+05,16755,0
3235,3.8567e+05,16757,0
3236,3.8564e+05,16760,0
3237,3.8561e+05,16762,0
3238,3.8559e+05,16765,0
3239,3.8556e+05,16767,0
3240,3.8553e+05,16769,0
3241,3.855e+05,16771,0
3242,3.8547e+05,16773,0
3243,3.8544e+05,16775,0
3244,3.8541e+05,16777,0
3245,3.8539e+05,16779,0
3246,3.8536e+05,16781,0
3247,3.8533e+05,16783,0
3248,3.853e+05,16785,0
3249,3.8527e+05,16787,0
3250,3.8524e+05,16788,0
3251,3.8521e+05,16790,0
3252,3.8518e+05,16792,0
3253,3.8516e+05,16793,0
3254,3.8513e+05,16795,0
3255,3.851e+05,16796,0
3256,3.8507e+05,16797,0
3257,3.8504e+05,16799,0
3258,3.8501e+05,16800,0
3259,3.8498e+05,16801,0
3260,3.8495e+05,16803,0
3261,3.8493e+05,16804,0
3262,3.849e+05,16805,0
3263,3.8487e+05,16806,0
3264,3.8484e+05,16807,0
3265,3.8481e+05,16808,0
3266,3.8478e+05,16809,0
3267,3.8475e+05,16809,0
3268,3.8472e+05,16810,0
3269,3.847e+05,16811,0
3270,3.8467e+05,16812,0
3271,3.8464e+05,16812,0
3272,3.8461e+05,16813,0
3273,3.8458e+05,16813,0
3274,3.8455e+05,16814,0
3275,3.8452e+05,16814,0
3276,3.8449e+05,16815,0
3277,3.8447e+05,16815,0
3278,3.8444e+05,16815,0
3279,3.8441e+05,16816,0
3280,3.8438e+05,16816,0
3281,3.8435e+05,16816,0
3282,3.8432e+05,16816,0
3283,3.8429e+05,16816,0
3284,3.8426e+05,16816,0
3285,3.8424e+05,16816,0
3286,3.8421e+05,16816,0
3287,3.8418e+05,16815,0
3288,3.8415e+05,16815,0
3289,3.8412e+05,16815,0
3290,3.8409e+05,16815,0
3291,3.8406e+05,16814,0
3292,3.8403e+05,16814,0
3293,3.8401e+05,16813,0
3294,3.8398e+05,16813,0
3295,3.8395e+05,16812,0
3296,3.8392e+05,16812,0
3297,3.8389e+05,16811,0
3298,3.8386e+05,16810,0
3299,3.8383e+05,16809,0
3300,3.8381e+05,16809,0
3301,3.8378e+05,16808,0
3302,3.8375e+05,16807,0
3303,3.8372e+05,16806,0
3304,3.8369e+05,16805,0
3305,3.8366e+05,16804,0
3306,3.8363e+05,16802,0
3307,3.836e+05,16801,0
3308,3.8358e+05,16800,0
3309,3.8355e+05,16799,0
3310,3.8352e+05,16797,0
3311,3.8349e+05,16796,0
3312,3.8346e+05,16794,0
3313,3.8343e+05,16793,0
3314,3.834e+05,16791,0
3315,3.8337e+05,16790,0
3316,3.8335e+05,16788,0
3317,3.8332e+05,16786,0
3318,3.8329e+05,16785,0
3319,3.8326e+05,16783,0
3320,3.8323e+05,16781,0
3321,3.832e+05,16779,0
3322,3.8317e+05,16777,0
3323,3.8315e+05,16775,0
3324,3.8312e+05,16773,0
3325,3.8309e+05,16771,0
3326,3.8306e+05,16769,0
3327,3.8303e+05,16767,0
3328,3.83e+05,16764,0
3329,3.8297e+05,16762,0
3330,3.8294e+05,16760,0
3331,3.8292e+05,16757,0
3332,3.8289e+05,16755,0
3333,3.8286e+05,16752,0
3334,3.8283e+05,16750,0
3335,3.828e+05,16747,0
3336,3.8277e+05,16744,0
3337,3.8274e+05,16742,0
3338,3.8272e+05,16739,0
3339,3.8269e+05,16736,0
3340,3.8266e+05,16733,0
3341,3.8263e+05,16730,0
3342,3.826e+05,16727,0
3343,3.8257e+05,16724,0
3344,3.8254e+05,16721,0
3345,3.8252e+05,16718,0
3346,3.8249e+05,16715,0
3347,3.8246e+05,16712,0
3348,3.8243e+05,16708,0
3349,3.824e+05,16705,0
3350,3.8237e+05,16702,0
3351,3.8234e+05,16698,0
3352,3.8232e+05,16695,0
3353,3.8229e+05,16691,0
3354,3.8226e+05,16688,0
3355,3.8223e+05,16684,0
3356,3.822e+05,16680,0
3357,3.8217e+05,16677,0
3358,3.8215e+05,16673,0
3359,3.8212e+05,16669,0
3360,3.8209e+05,16665,0
3361,3.8206e+05,16661,0
3362,3.8203e+05,16657,0
3363,3.82e+05,16653,0
3364,3.8197e+05,16649,0
3365,3.8195e+05,16645,0
3366,3.8192e+05,16641,0
3367,3.8189e+05,16637,0
3368,3.8186e+05,16632,0
3369,3.8183e+05,16628,0
3370,3.818e+05,16624,0
3371,3.8178e+05,16619,0
3372,3.8175e+05,16615,0
3373,3.8172e+05,16610,0
3374,3.8169e+05,16606,0
3375,3.8166e+05,16601,0
3376,3.8163e+05,16596,0
3377,3.8161e+05,16591,0
3378,3.8158e+05,16587,0
3379,3.8155e+05,16582,0
3380,3.8152e+05,16577,0
3381,3.8149e+05,16572,0
3382,3.8146e+05,16567,0
3383,3.8144e+05,16562,0
3384,3.8141e+05,16557,0
3385,3.8138e+05,16552,0
3386,3.8135e+05,16547,0
3387,3.8132e+05,16541,0
3388,3.8129e+05,16536,0
3389,3.8127e+05,16531,0
3390,3.8124e+05,16525,0
3391,3.8121e+05,16520,0
3392,3.8118e+05,16514,0
3393,3.8115e+05,16509,0
3394,3.8112e+05,16503,0
3395,3.811e+05,16498,0
3396,3.8107e+05,16492,0
3397,3.8104e+05,16486,0
3398,3.8101e+05,16480,0
3399,3.8098e+05,16475,0
3400,3.8096e+05,16469,0
3401,3.8093e+05,16463,0
3402,3.809e+05,16457,0
3403,3.8087e+05,16451,0
3404,3.8084e+05,16445,0
3405,3.8082e+05,16439,0
3406,3.8079e+05,16432,0
3407,3.8076e+05,16426,0
3408,3.8073e+05,16420,0
3409,3.807e+05,16414,0
3410,3.8068e+05,16407,0
3411,3.8065e+05,16401,0
3412,3.8062e+05,16394,0
3413,3.8059e+05,16388,0
3414,3.8056e+05,16381,0
3415,3.8054e+05,16374,0
3416,3.8051e+05,16368,0
3417,3.8048e+05,16361,0
3418,3.8045e+05,16354,0
3419,3.8042e+05,16347,0
3420,3.804e+05,16341,0
3421,3.8037e+05,16334,0
3422,3.8034e+05,16327,0
3423,3.8031e+05,16320,0
3424,3.8028e+05,16313,0
3425,3.8026e+05,16305,0
3426,3.8023e+05,16298,0
3427,3.802e+05,16291,0
3428,3.8017e+05,16284,0
3429,3.8015e+05,16277,0
3430,3.8012e+05,16269,0
3431,3.8009e+05,16262,0
3432,3.8006e+05,16254,0
3433,3.8003e+05,16247,0
3434,3.8001e+05,16239,0
3435,3.7998e+05,16232,0
3436,3.7995e+05,16224,0
3437,3.7992e+05,16216,0
3438,3.799e+05,16208,0
3439,3.7987e+05,16201,0
3440,3.7984e+05,16193,0
3441,3.7981e+05,16185,0
3442,3.7979e+05,16177,0
3443,3.7976e+05,16169,0
3444,3.7973e+05,16161,0
3445,3.797e+05,16153,0
3446,3.7967e+05,16145,0
3447,3.7965e+05,16136,0
3448,3.7962e+05,16128,0
3449,3.7959e+05,16120,0
3450,3.7956e+05,16111,0
3451,3.7954e+05,16103,0
3452,3.7951e+05,16095,0
3453,3.7948e+05,16086,0
3454,3.7945e+05,16078,0
3455,3.7943e+05,16069,0
3456,3.794e+05,16060,0
3457,3.7937e+05,16052,0
3458,3.7934e+05,16043,0
3459,3.7932e+05,16034,0
3460,3.7929e+05,16025,0
3461,3.7926e+05,16016,0
3462,3.7924e+05,16007,0
3463,3.7921e+05,15998,0
3464,3.7918e+05,15989,0
3465,3.7915e+05,15980,0
3466,3.7913e+05,15971,0
3467,3.791e+05,15962,0
3468,3.7907e+05,15953,0
3469,3.7904e+05,15944,0
3470,3.7902e+05,15934,0
3471,3.7899e+05,15925,0
3472,3.7896e+05,15915,0
3473,3.7894e+05,15906,0
3474,3.7891e+05,15897,0
3475,3.7888e+05,15887,0
3476,3.7885e+05,15877,0
3477,3.7883e+05,15868,0
3478,3.788e+05,15858,0
3479,3.7877e+05,15848,0
3480,3.7875e+05,15838,0
3481,3.7872e+05,15829,0
3482,3.7869e+05,15819,0
3483,3.7866e+05,15809,0
3484,3.7864e+05,15799,0
3485,3.7861e+05,15789,0
3486,3.7858e+05,15779,0
3487,3.7856e+05,15768,0
3488,3.7853e+05,15758,0
3489,3.785e+05,15748,0
3490,3.7848e+05,15738,0
3491,3.7845e+05,15727,0
3492,3.7842e+05,15717,0
3493,3.784e+05,15707,0
3494,3.7837e+05,15696,0
3495,3.7834e+05,15686,0
3496,3.7832e+05,15675,0
3497,3.7829e+05,15665,0
3498,3.7826e+05,15654,0
3499,3.7824e+05,15643,0
3500,3.7821e+05,15632,0
3501,3.7818e+05,15622,0
3502,3.7816e+05,15611,0
3503,3.7813e+05,15600,0
3504,3.781e+05,15589,0
3505,3.7808e+05,15578,0
3506,3.7805e+05,15567,0
3507,3.7802e+05,15556,0
3508,3.78e+05,15545,0
3509,3.7797e+05,15533,0
3510,3.7794e+05,15522,0
3511,3.7792e+05,15511,0
3512,3.7789e+05,15500,0
3513,3.7786e+05,15488,0
3514,3.7784e+05,15477,0
3515,3.7781e+05,15465,0
3516,3.7778e+05,15454,0
3517,3.7776e+05,15442,0
3518,3.7773e+05,15431,0
3519,3.777e+05,15419,0
3520,3.7768e+05,15407,0
3521,3.7765e+05,15396,0
3522,3.7763e+05,15384,0
3523,3.776e+05,15372,0
3524,3.7757e+05,15360,0
3525,3.7755e+05,15348,0
3526,3.7752e+05,15336,0
3527,3.7749e+05,15324,0
3528,3.7747e+05,15312,0
3529,3.7744e+05,15300,0
3530,3.7742e+05,15288,0
3531,3.7739e+05,15276,0
3532,3.7736e+05,15263,0
3533,3.7734e+05,15251,0
3534,3.7731e+05,15239,0
3535,3.7729e+05,15226,0
3536,3.7726e+05,15214,0
3537,3.7723e+05,15202,0
3538,3.7721e+05,15189,0
3539,3.7718e+05,15176,0
3540,3.7716e+05,15164,0
3541,3.7713e+05,15151,0
3542,3.771e+05,15138,0
3543,3.7708e+05,15126,0
3544,3.7705e+05,15113,0
3545,3.7703e+05,15100,0
3546,3.77e+05,15087,0
3547,3.7698e+05,15074,0
3548,3.7695e+05,15061,0
3549,3.7692e+05,15048,0
3550,3.769e+05,15035,0
3551,3.7687e+05,15022,0
3552,3.7685e+05,15009,0
3553,3.7682e+05,14996,0
3554,3.768e+05,14982,0
3555,3.7677e+05,14969,0
3556,3.7674e+05,14956,0
3557,3.7672e+05,14942,0
3558,3.7669e+05,14929,0
3559,3.7667e+05,14915,0
3560,3.7664e+05,14902,0
3561,3.7662e+05,14888,0
3562,3.7659e+05,14875,0
3563,3.7657e+05,14861,0
3564,3.7654e+05,14847,0
3565,3.7652e+05,14833,0
3566,3.7649e+05,14820,0
3567,3.7646e+05,14806,0
3568,3.7644e+05,14792,0
3569,3.7641e+05,14778,0
3570,3.7639e+05,14764,0
3571,3.7636e+05,14750,0
3572,3.7634e+05,14736,0
3573,3.7631e+05,14722,0
3574,3.7629e+05,14707,0
3575,3.7626e+05,14693,0
3576,3.7624e+05,14679,0
3577,3.7621e+05,14665,0
3578,3.7619e+05,14650,0
3579,3.7616e+05,14636,0
3580,3.7614e+05,14622,0
3581,3.7611e+05,14607,0
3582,3.7609e+05,14593,0
3583,3.7606e+05,14578,0
3584,3.7604e+05,14563,0
3585,3.7601e+05,14549,0
