0,3.9557e+05,-7982.8,0
1,3.9559e+05,-7955.7,0
2,3.9561e+05,-7928.6,0
3,3.9562e+05,-7901.4,0
4,3.9564e+05,-7874.1,0
5,3.9566e+05,-7846.8,0
6,3.9568e+05,-7819.5,0
7,3.957e+05,-7792.1,0
8,3.9572e+05,-7764.7,0
9,3.9574e+05,-7737.2,0
10,3.9575e+05,-7709.7,0
11,3.9577e+05,-7682.2,0
12,3.9579e+05,-7654.6,0
13,3.9581e+05,-7626.9,0
14,3.9583e+05,-7599.2,0
15,3.9585e+05,-7571.5,0
16,3.9586e+05,-7543.7,0
17,3.9588e+05,-7515.9,0
18,3.959e+05,-7488,0
19,3.9592e+05,-7460.1,0
20,3.9593e+05,-7432.1,0
21,3.9595e+05,-7404.1,0
22,3.9597e+05,-7376.1,0
23,3.9599e+05,-7348,0
24,3.96e+05,-7319.9,0
25,3.9602e+05,-7291.7,0
26,3.9604e+05,-7263.5,0
27,3.9606e+05,-7235.2,0
28,3.9607e+05,-7206.9,0
29,3.9609e+05,-7178.6,0
30,3.9611e+05,-7150.2,0
31,3.9612e+05,-7121.8,0
32,3.9614e+05,-7093.3,0
33,3.9616e+05,-7064.8,0
34,3.9617e+05,-7036.3,0
35,3.9619e+05,-7007.7,0
36,3.9621e+05,-6979.1,0
37,3.9622e+05,-6950.4,0
38,3.9624e+05,-6921.7,0
39,3.9626e+05,-6893,0
40,3.9627e+05,-6864.2,0
41,3.9629e+05,-6835.3,0
42,3.9631e+05,-6806.5,0
43,3.9632e+05,-6777.6,0
44,3.9634e+05,-6748.6,0
45,3.9635e+05,-6719.6,0
46,3.9637e+05,-6690.6,0
47,3.9639e+05,-6661.5,0
48,3.964e+05,-6632.4,0
49,3.9642e+05,-6603.3,0
50,3.9643e+05,-6574.1,0
51,3.9645e+05,-6544.9,0
52,3.9646e+05,-6515.6,0
53,3.9648e+05,-6486.3,0
54,3.965e+05,-6457,0
55,3.9651e+05,-6427.6,0
56,3.9653e+05,-6398.2,0
57,3.9654e+05,-6368.8,0
58,3.9656e+05,-6339.3,0
59,3.9657e+05,-6309.8,0
60,3.9659e+05,-6280.2,0
61,3.966e+05,-6250.6,0
62,3.9662e+05,-6221,0
63,3.9663e+05,-6191.3,0
64,3.9665e+05,-6161.6,0
65,3.9666e+05,-6131.9,0
66,3.9667e+05,-6102.1,0
67,3.9669e+05,-6072.3,0
68,3.967e+05,-6042.5,0
69,3.9672e+05,-6012.6,0
70,3.9673e+05,-5982.7,0
71,3.9675e+05,-5952.7,0
72,3.9676e+05,-5922.7,0
73,3.9677e+05,-5892.7,0
74,3.9679e+05,-5862.7,0
75,3.968e+05,-5832.6,0
76,3.9682e+05,-5802.5,0
77,3.9683e+05,-5772.3,0
78,3.9684e+05,-5742.1,0
79,3.9686e+05,-5711.9,0
80,3.9687e+05,-5681.6,0
81,3.9688e+05,-5651.4,0
82,3.969e+05,-5621,0
83,3.9691e+05,-5590.7,0
84,3.9692e+05,-5560.3,0
85,3.9694e+05,-5529.9,0
86,3.9695e+05,-5499.4,0
87,3.9696e+05,-5468.9,0
88,3.9698e+05,-5438.4,0
89,3.9699e+05,-5407.9,0
90,3.97e+05,-5377.3,0
91,3.9701e+05,-5346.7,0
92,3.9703e+05,-5316,0
93,3.9704e+05,-5285.4,0
94,3.9705e+05,-5254.7,0
95,3.9706e+05,-5223.9,0
96,3.9708e+05,-5193.2,0
97,3.9709e+05,-5162.4,0
98,3.971e+05,-5131.6,0
99,3.9711e+05,-5100.7,0
100,3.9713e+05,-5069.8,0
101,3.9714e+05,-5038.9,0
102,3.9715e+05,-5008,0
103,3.9716e+05,-4977,0
104,3.9717e+05,-4946,0
105,3.9719e+05,-4914.9,0
106,3.972e+05,-4883.9,0
107,3.9721e+05,-4852.8,0
108,3.9722e+05,-4821.7,0
109,3.9723e+05,-4790.5,0
110,3.9724e+05,-4759.4,0
111,3.9725e+05,-4728.2,0
112,3.9727e+05,-4696.9,0
113,3.9728e+05,-4665.7,0
114,3.9729e+05,-4634.4,0
115,3.973e+05,-4603.1,0
116,3.9731e+05,-4571.7,0
117,3.9732e+05,-4540.4,0
118,3.9733e+05,-4509,0
119,3.9734e+05,-4477.6,0
120,3.9735e+05,-4446.1,0
121,3.9736e+05,-4414.7,0
122,3.9737e+05,-4383.2,0
123,3.9738e+05,-4351.6,0
124,3.9739e+05,-4320.1,0
125,3.974e+05,-4288.5,0
126,3.9741e+05,-4256.9,0
127,3.9742e+05,-4225.3,0
128,3.9743e+05,-4193.7,0
129,3.9744e+05,-4162,0
130,3.9745e+05,-4130.3,0
131,3.9746e+05,-4098.6,0
132,3.9747e+05,-4066.8,0
133,3.9748e+05,-4035.1,0
134,3.9749e+05,-4003.3,0
135,3.975e+05,-3971.5,0
136,3.9751e+05,-3939.6,0
137,3.9752e+05,-3907.8,0
138,3.9753e+05,-3875.9,0
139,3.9754e+05,-3844,0
140,3.9755e+05,-3812,0
141,3.9756e+05,-3780.1,0
142,3.9757e+05,-3748.1,0
143,3.9758e+05,-3716.1,0
144,3.9758e+05,-3684.1,0
145,3.9759e+05,-3652.1,0
146,3.976e+05,-3620,0
147,3.9761e+05,-3587.9,0
148,3.9762e+05,-3555.8,0
149,3.9763e+05,-3523.7,0
150,3.9764e+05,-3491.6,0
151,3.9764e+05,-3459.4,0
152,3.9765e+05,-3427.2,0
153,3.9766e+05,-3395,0
154,3.9767e+05,-3362.8,0
155,3.9768e+05,-3330.5,0
156,3.9768e+05,-3298.3,0
157,3.9769e+05,-3266,0
158,3.977e+05,-3233.7,0
159,3.9771e+05,-3201.4,0
160,3.9771e+05,-3169,0
161,3.9772e+05,-3136.7,0
162,3.9773e+05,-3104.3,0
163,3.9774e+05,-3071.9,0
164,3.9774e+05,-3039.5,0
165,3.9775e+05,-3007.1,0
166,3.9776e+05,-2974.6,0
167,3.9777e+05,-2942.2,0
168,3.9777e+05,-2909.7,0
169,3.9778e+05,-2877.2,0
170,3.9779e+05,-2844.7,0
171,3.9779e+05,-2812.1,0
172,3.978e+05,-2779.6,0
173,3.9781e+05,-2747,0
174,3.9781e+05,-2714.4,0
175,3.9782e+05,-2681.8,0
176,3.9783e+05,-2649.2,0
177,3.9783e+05,-2616.6,0
178,3.9784e+05,-2583.9,0
179,3.9784e+05,-2551.3,0
180,3.9785e+05,-2518.6,0
181,3.9786e+05,-2485.9,0
182,3.9786e+05,-2453.2,0
183,3.9787e+05,-2420.5,0
184,3.9787e+05,-2387.8,0
185,3.9788e+05,-2355,0
186,3.9788e+05,-2322.3,0
187,3.9789e+05,-2289.5,0
188,3.979e+05,-2256.7,0
189,3.979e+05,-2223.9,0
190,3.9791e+05,-2191.1,0
191,3.9791e+05,-2158.3,0
192,3.9792e+05,-2125.4,0
193,3.9792e+05,-2092.6,0
194,3.9793e+05,-2059.7,0
195,3.9793e+05,-2026.8,0
196,3.9794e+05,-1993.9,0
197,3.9794e+05,-1961,0
198,3.9795e+05,-1928.1,0
199,3.9795e+05,-1895.2,0
200,3.9795e+05,-1862.3,0
201,3.9796e+05,-1829.3,0
202,3.9796e+05,-1796.4,0
203,3.9797e+05,-1763.4,0
204,3.9797e+05,-1730.4,0
205,3.9798e+05,-1697.5,0
206,3.9798e+05,-1664.5,0
207,3.9798e+05,-1631.5,0
208,3.9799e+05,-1598.4,0
209,3.9799e+05,-1565.4,0
210,3.9799e+05,-1532.4,0
211,3.98e+05,-1499.3,0
212,3.98e+05,-1466.3,0
213,3.9801e+05,-1433.2,0
214,3.9801e+05,-1400.2,0
215,3.9801e+05,-1367.1,0
216,3.9802e+05,-1334,0
217,3.9802e+05,-1300.9,0
218,3.9802e+05,-1267.8,0
219,3.9802e+05,-1234.7,0
220,3.9803e+05,-1201.6,0
221,3.9803e+05,-1168.5,0
222,3.9803e+05,-1135.3,0
223,3.9804e+05,-1102.2,0
224,3.9804e+05,-1069,0
225,3.9804e+05,-1035.9,0
226,3.9804e+05,-1002.7,0
227,3.9805e+05,-969.58,0
228,3.9805e+05,-936.42,0
229,3.9805e+05,-903.25,0
230,3.9805e+05,-870.07,0
231,3.9805e+05,-836.89,0
232,3.9806e+05,-803.7,0
233,3.9806e+05,-770.51,0
234,3.9806e+05,-737.31,0
235,3.9806e+05,-704.11,0
236,3.9806e+05,-670.91,0
237,3.9806e+05,-637.7,0
238,3.9807e+05,-604.49,0
239,3.9807e+05,-571.27,0
240,3.9807e+05,-538.05,0
241,3.9807e+05,-504.83,0
242,3.9807e+05,-471.6,0
243,3.9807e+05,-438.38,0
244,3.9807e+05,-405.15,0
245,3.9807e+05,-371.91,0
246,3.9808e+05,-338.68,0
247,3.9808e+05,-305.44,0
248,3.9808e+05,-272.2,0
249,3.9808e+05,-238.96,0
250,3.9808e+05,-205.72,0
251,3.9808e+05,-172.48,0
252,3.9808e+05,-139.23,0
253,3.9808e+05,-105.99,0
254,3.9808e+05,-72.742,0
255,3.9808e+05,-39.496,0
256,3.9808e+05,-6.25,0
257,3.9808e+05,26.996,0
258,3.9808e+05,60.242,0
259,3.9808e+05,93.488,0
260,3.9808e+05,126.73,0
261,3.9808e+05,159.98,0
262,3.9808e+05,193.22,0
263,3.9808e+05,226.46,0
264,3.9808e+05,259.7,0
265,3.9808e+05,292.94,0
266,3.9808e+05,326.18,0
267,3.9807e+05,359.42,0
268,3.9807e+05,392.65,0
269,3.9807e+05,425.88,0
270,3.9807e+05,459.11,0
271,3.9807e+05,492.34,0
272,3.9807e+05,525.56,0
273,3.9807e+05,558.78,0
274,3.9807e+05,592,0
275,3.9807e+05,625.21,0
276,3.9806e+05,658.42,0
277,3.9806e+05,691.63,0
278,3.9806e+05,724.83,0
279,3.9806e+05,758.03,0
280,3.9806e+05,791.22,0
281,3.9805e+05,824.41,0
282,3.9805e+05,857.59,0
283,3.9805e+05,890.77,0
284,3.9805e+05,923.95,0
285,3.9805e+05,957.11,0
286,3.9804e+05,990.28,0
287,3.9804e+05,1023.4,0
288,3.9804e+05,1056.6,0
289,3.9804e+05,1089.7,0
290,3.9803e+05,1122.9,0
291,3.9803e+05,1156,0
292,3.9803e+05,1189.1,0
293,3.9803e+05,1222.2,0
294,3.9802e+05,1255.4,0
295,3.9802e+05,1288.5,0
296,3.9802e+05,1321.5,0
297,3.9801e+05,1354.6,0
298,3.9801e+05,1387.7,0
299,3.9801e+05,1420.8,0
300,3.98e+05,1453.9,0
301,3.98e+05,1486.9,0
302,3.98e+05,1520,0
303,3.9799e+05,1553,0
304,3.9799e+05,1586,0
305,3.9798e+05,1619,0
306,3.9798e+05,1652,0
307,3.9798e+05,1685,0
308,3.9797e+05,1718,0
309,3.9797e+05,1751,0
310,3.9796e+05,1784,0
311,3.9796e+05,1816.9,0
312,3.9796e+05,1849.9,0
313,3.9795e+05,1882.8,0
314,3.9795e+05,1915.8,0
315,3.9794e+05,1948.7,0
316,3.9794e+05,1981.6,0
317,3.9793e+05,2014.5,0
318,3.9793e+05,2047.3,0
319,3.9792e+05,2080.2,0
320,3.9792e+05,2113.1,0
321,3.9791e+05,2145.9,0
322,3.9791e+05,2178.7,0
323,3.979e+05,2211.6,0
324,3.979e+05,2244.4,0
325,3.9789e+05,2277.2,0
326,3.9789e+05,2309.9,0
327,3.9788e+05,2342.7,0
328,3.9788e+05,2375.5,0
329,3.9787e+05,2408.2,0
330,3.9786e+05,2440.9,0
331,3.9786e+05,2473.6,0
332,3.9785e+05,2506.3,0
333,3.9785e+05,2539,0
334,3.9784e+05,2571.7,0
335,3.9783e+05,2604.3,0
336,3.9783e+05,2637,0
337,3.9782e+05,2669.6,0
338,3.9782e+05,2702.2,0
339,3.9781e+05,2734.8,0
340,3.978e+05,2767.3,0
341,3.978e+05,2799.9,0
342,3.9779e+05,2832.4,0
343,3.9778e+05,2865,0
344,3.9778e+05,2897.5,0
345,3.9777e+05,2929.9,0
346,3.9776e+05,2962.4,0
347,3.9775e+05,2994.9,0
348,3.9775e+05,3027.3,0
349,3.9774e+05,3059.7,0
350,3.9773e+05,3092.1,0
351,3.9773e+05,3124.5,0
352,3.9772e+05,3156.9,0
353,3.9771e+05,3189.2,0
354,3.977e+05,3221.6,0
355,3.9769e+05,3253.9,0
356,3.9769e+05,3286.2,0
357,3.9768e+05,3318.4,0
358,3.9767e+05,3350.7,0
359,3.9766e+05,3382.9,0
360,3.9766e+05,3415.1,0
361,3.9765e+05,3447.3,0
362,3.9764e+05,3479.5,0
363,3.9763e+05,3511.6,0
364,3.9762e+05,3543.8,0
365,3.9761e+05,3575.9,0
366,3.976e+05,3608,0
367,3.976e+05,3640,0
368,3.9759e+05,3672.1,0
369,3.9758e+05,3704.1,0
370,3.9757e+05,3736.1,0
371,3.9756e+05,3768.1,0
372,3.9755e+05,3800,0
373,3.9754e+05,3832,0
374,3.9753e+05,3863.9,0
375,3.9752e+05,3895.8,0
376,3.9752e+05,3927.7,0
377,3.9751e+05,3959.5,0
378,3.975e+05,3991.3,0
379,3.9749e+05,4023.1,0
380,3.9748e+05,4054.9,0
381,3.9747e+05,4086.6,0
382,3.9746e+05,4118.4,0
383,3.9745e+05,4150.1,0
384,3.9744e+05,4181.8,0
385,3.9743e+05,4213.4,0
386,3.9742e+05,4245,0
387,3.9741e+05,4276.7,0
388,3.974e+05,4308.2,0
389,3.9739e+05,4339.8,0
390,3.9738e+05,4371.3,0
391,3.9737e+05,4402.8,0
392,3.9736e+05,4434.3,0
393,3.9735e+05,4465.8,0
394,3.9733e+05,4497.2,0
395,3.9732e+05,4528.6,0
396,3.9731e+05,4560,0
397,3.973e+05,4591.3,0
398,3.9729e+05,4622.6,0
399,3.9728e+05,4653.9,0
400,3.9727e+05,4685.2,0
401,3.9726e+05,4716.4,0
402,3.9725e+05,4747.6,0
403,3.9724e+05,4778.8,0
404,3.9722e+05,4810,0
405,3.9721e+05,4841.1,0
406,3.972e+05,4872.2,0
407,3.9719e+05,4903.3,0
408,3.9718e+05,4934.3,0
409,3.9717e+05,4965.3,0
410,3.9715e+05,4996.3,0
411,3.9714e+05,5027.3,0
412,3.9713e+05,5058.2,0
413,3.9712e+05,5089.1,0
414,3.9711e+05,5120,0
415,3.9709e+05,5150.8,0
416,3.9708e+05,5181.6,0
417,3.9707e+05,5212.4,0
418,3.9706e+05,5243.1,0
419,3.9704e+05,5273.8,0
420,3.9703e+05,5304.5,0
421,3.9702e+05,5335.2,0
422,3.9701e+05,5365.8,0
423,3.9699e+05,5396.4,0
424,3.9698e+05,5426.9,0
425,3.9697e+05,5457.5,0
426,3.9695e+05,5488,0
427,3.9694e+05,5518.4,0
428,3.9693e+05,5548.9,0
429,3.9692e+05,5579.3,0
430,3.969e+05,5609.6,0
431,3.9689e+05,5640,0
432,3.9688e+05,5670.3,0
433,3.9686e+05,5700.5,0
434,3.9685e+05,5730.8,0
435,3.9683e+05,5761,0
436,3.9682e+05,5791.1,0
437,3.9681e+05,5821.3,0
438,3.9679e+05,5851.4,0
439,3.9678e+05,5881.4,0
440,3.9677e+05,5911.5,0
441,3.9675e+05,5941.5,0
442,3.9674e+05,5971.4,0
443,3.9672e+05,6001.4,0
444,3.9671e+05,6031.2,0
445,3.9669e+05,6061.1,0
446,3.9668e+05,6090.9,0
447,3.9667e+05,6120.7,0
448,3.9665e+05,6150.5,0
449,3.9664e+05,6180.2,0
450,3.9662e+05,6209.9,0
451,3.9661e+05,6239.5,0
452,3.9659e+05,6269.1,0
453,3.9658e+05,6298.7,0
454,3.9656e+05,6328.2,0
455,3.9655e+05,6357.7,0
456,3.9653e+05,6387.2,0
457,3.9652e+05,6416.6,0
458,3.965e+05,6446,0
459,3.9649e+05,6475.3,0
460,3.9647e+05,6504.6,0
461,3.9645e+05,6533.9,0
462,3.9644e+05,6563.1,0
463,3.9642e+05,6592.3,0
464,3.9641e+05,6621.5,0
465,3.9639e+05,6650.6,0
466,3.9638e+05,6679.7,0
467,3.9636e+05,6708.7,0
468,3.9634e+05,6737.7,0
469,3.9633e+05,6766.7,0
470,3.9631e+05,6795.6,0
471,3.963e+05,6824.5,0
472,3.9628e+05,6853.3,0
473,3.9626e+05,6882.1,0
474,3.9625e+05,6910.9,0
475,3.9623e+05,6939.6,0
476,3.9621e+05,6968.3,0
477,3.962e+05,6997,0
478,3.9618e+05,7025.6,0
479,3.9616e+05,7054.1,0
480,3.9615e+05,7082.6,0
481,3.9613e+05,7111.1,0
482,3.9611e+05,7139.5,0
483,3.961e+05,7167.9,0
484,3.9608e+05,7196.3,0
485,3.9606e+05,7224.6,0
486,3.9605e+05,7252.9,0
487,3.9603e+05,7281.1,0
488,3.9601e+05,7309.3,0
489,3.9599e+05,7337.4,0
490,3.9598e+05,7365.5,0
491,3.9596e+05,7393.6,0
492,3.9594e+05,7421.6,0
493,3.9592e+05,7449.6,0
494,3.9591e+05,7477.5,0
495,3.9589e+05,7505.4,0
496,3.9587e+05,7533.2,0
497,3.9585e+05,7561,0
498,3.9583e+05,7588.8,0
499,3.9582e+05,7616.5,0
500,3.958e+05,7644.2,0
501,3.9578e+05,7671.8,0
502,3.9576e+05,7699.4,0
503,3.9574e+05,7726.9,0
504,3.9572e+05,7754.4,0
505,3.9571e+05,7781.8,0
506,3.9569e+05,7809.2,0
507,3.9567e+05,7836.6,0
508,3.9565e+05,7863.9,0
509,3.9563e+05,7891.1,0
510,3.9561e+05,7918.4,0
511,3.9559e+05,7945.5,0
512,3.9558e+05,7972.6,0
513,3.9556e+05,7999.7,0
514,3.9554e+05,8026.8,0
515,3.9552e+05,8053.7,0
516,3.955e+05,8080.7,0
517,3.9548e+05,8107.6,0
518,3.9546e+05,8134.4,0
519,3.9544e+05,8161.2,0
520,3.9542e+05,8187.9,0
521,3.954e+05,8214.6,0
522,3.9538e+05,8241.3,0
523,3.9536e+05,8267.9,0
524,3.9534e+05,8294.5,0
525,3.9532e+05,8321,0
526,3.953e+05,8347.4,0
527,3.9528e+05,8373.8,0
528,3.9526e+05,8400.2,0
529,3.9524e+05,8426.5,0
530,3.9522e+05,8452.8,0
531,3.952e+05,8479,0
532,3.9518e+05,8505.2,0
533,3.9516e+05,8531.3,0
534,3.9514e+05,8557.4,0
535,3.9512e+05,8583.4,0
536,3.951e+05,8609.4,0
537,3.9508e+05,8635.3,0
538,3.9506e+05,8661.1,0
539,3.9504e+05,8687,0
540,3.9502e+05,8712.7,0
541,3.95e+05,8738.5,0
542,3.9498e+05,8764.1,0
543,3.9496e+05,8789.7,0
544,3.9494e+05,8815.3,0
545,3.9492e+05,8840.8,0
546,3.949e+05,8866.3,0
547,3.9487e+05,8891.7,0
548,3.9485e+05,8917.1,0
549,3.9483e+05,8942.4,0
550,3.9481e+05,8967.6,0
551,3.9479e+05,8992.9,0
552,3.9477e+05,9018,0
553,3.9475e+05,9043.1,0
554,3.9473e+05,9068.2,0
555,3.947e+05,9093.2,0
556,3.9468e+05,9118.1,0
557,3.9466e+05,9143,0
558,3.9464e+05,9167.8,0
559,3.9462e+05,9192.6,0
560,3.946e+05,9217.4,0
561,3.9457e+05,9242,0
562,3.9455e+05,9266.7,0
563,3.9453e+05,9291.2,0
564,3.9451e+05,9315.8,0
565,3.9449e+05,9340.2,0
566,3.9446e+05,9364.6,0
567,3.9444e+05,9389,0
568,3.9442e+05,9413.3,0
569,3.944e+05,9437.6,0
570,3.9437e+05,9461.8,0
571,3.9435e+05,9485.9,0
572,3.9433e+05,9510,0
573,3.9431e+05,9534,0
574,3.9428e+05,9558,0
575,3.9426e+05,9581.9,0
576,3.9424e+05,9605.8,0
577,3.9422e+05,9629.6,0
578,3.9419e+05,9653.3,0
579,3.9417e+05,9677,0
580,3.9415e+05,9700.7,0
581,3.9412e+05,9724.3,0
582,3.941e+05,9747.8,0
583,3.9408e+05,9771.3,0
584,3.9405e+05,9794.7,0
585,3.9403e+05,9818.1,0
586,3.9401e+05,9841.4,0
587,3.9399e+05,9864.6,0
588,3.9396e+05,9887.8,0
589,3.9394e+05,9910.9,0
590,3.9391e+05,9934,0
591,3.9389e+05,9957,0
592,3.9387e+05,9980,0
593,3.9384e+05,10003,0
594,3.9382e+05,10026,0
595,3.938e+05,10049,0
596,3.9377e+05,10071,0
597,3.9375e+05,10094,0
598,3.9372e+05,10117,0
599,3.937e+05,10139,0
600,3.9368e+05,10162,0
601,3.9365e+05,10184,0
602,3.9363e+05,10206,0
603,3.936e+05,10229,0
604,3.9358e+05,10251,0
605,3.9356e+05,10273,0
606,3.9353e+05,10295,0
607,3.9351e+05,10317,0
608,3.9348e+05,10340,0
609,3.9346e+05,10361,0
610,3.9343e+05,10383,0
611,3.9341e+05,10405,0
612,3.9338e+05,10427,0
613,3.9336e+05,10449,0
614,3.9333e+05,10470,0
615,3.9331e+05,10492,0
616,3.9329e+05,10514,0
617,3.9326e+05,10535,0
618,3.9324e+05,10556,0
619,3.9321e+05,10578,0
620,3.9319e+05,10599,0
621,3.9316e+05,10620,0
622,3.9313e+05,10642,0
623,3.9311e+05,10663,0
624,3.9308e+05,10684,0
625,3.9306e+05,10705,0
626,3.9303e+05,10726,0
627,3.9301e+05,10747,0
628,3.9298e+05,10767,0
629,3.9296e+05,10788,0
630,3.9293e+05,10809,0
631,3.9291e+05,10829,0
632,3.9288e+05,10850,0
633,3.9285e+05,10871,0
634,3.9283e+05,10891,0
635,3.928e+05,10911,0
636,3.9278e+05,10932,0
637,3.9275e+05,10952,0
638,3.9273e+05,10972,0
639,3.927e+05,10992,0
640,3.9267e+05,11012,0
641,3.9265e+05,11032,0
642,3.9262e+05,11052,0
643,3.926e+05,11072,0
644,3.9257e+05,11092,0
645,3.9254e+05,11112,0
646,3.9252e+05,11131,0
647,3.9249e+05,11151,0
648,3.9246e+05,11171,0
649,3.9244e+05,11190,0
650,3.9241e+05,11209,0
651,3.9238e+05,11229,0
652,3.9236e+05,11248,0
653,3.9233e+05,11267,0
654,3.923e+05,11287,0
655,3.9228e+05,11306,0
656,3.9225e+05,11325,0
657,3.9222e+05,11344,0
658,3.922e+05,11363,0
659,3.9217e+05,11381,0
660,3.9214e+05,11400,0
661,3.9212e+05,11419,0
662,3.9209e+05,11438,0
663,3.9206e+05,11456,0
664,3.9204e+05,11475,0
665,3.9201e+05,11493,0
666,3.9198e+05,11512,0
667,3.9195e+05,11530,0
668,3.9193e+05,11548,0
669,3.919e+05,11566,0
670,3.9187e+05,11584,0
671,3.9184e+05,11602,0
672,3.9182e+05,11620,0
673,3.9179e+05,11638,0
674,3.9176e+05,11656,0
675,3.9173e+05,11674,0
676,3.9171e+05,11692,0
677,3.9168e+05,11709,0
678,3.9165e+05,11727,0
679,3.9162e+05,11745,0
680,3.916e+05,11762,0
681,3.9157e+05,11779,0
682,3.9154e+05,11797,0
683,3.9151e+05,11814,0
684,3.9148e+05,11831,0
685,3.9146e+05,11848,0
686,3.9143e+05,11865,0
687,3.914e+05,11882,0
688,3.9137e+05,11899,0
689,3.9134e+05,11916,0
690,3.9132e+05,11933,0
691,3.9129e+05,11950,0
692,3.9126e+05,11966,0
693,3.9123e+05,11983,0
694,3.912e+05,11999,0
695,3.9117e+05,12016,0
696,3.9115e+05,12032,0
697,3.9112e+05,12048,0
698,3.9109e+05,12065,0
699,3.9106e+05,12081,0
700,3.9103e+05,12097,0
701,3.91e+05,12113,0
702,3.9097e+05,12129,0
703,3.9095e+05,12145,0
704,3.9092e+05,12161,0
705,3.9089e+05,12176,0
706,3.9086e+05,12192,0
707,3.9083e+05,12208,0
708,3.908e+05,12223,0
709,3.9077e+05,12239,0
710,3.9074e+05,12254,0
711,3.9072e+05,12269,0
712,3.9069e+05,12285,0
713,3.9066e+05,12300,0
714,3.9063e+05,12315,0
715,3.906e+05,12330,0
716,3.9057e+05,12345,0
717,3.9054e+05,12360,0
718,3.9051e+05,12375,0
719,3.9048e+05,12389,0
720,3.9045e+05,12404,0
721,3.9042e+05,12419,0
722,3.9039e+05,12433,0
723,3.9037e+05,12448,0
724,3.9034e+05,12462,0
725,3.9031e+05,12477,0
726,3.9028e+05,12491,0
727,3.9025e+05,12505,0
728,3.9022e+05,12519,0
729,3.9019e+05,12533,0
730,3.9016e+05,12547,0
731,3.9013e+05,12561,0
732,3.901e+05,12575,0
733,3.9007e+05,12589,0
734,3.9004e+05,12602,0
735,3.9001e+05,12616,0
736,3.8998e+05,12630,0
737,3.8995e+05,12643,0
738,3.8992e+05,12656,0
739,3.8989e+05,12670,0
740,3.8986e+05,12683,0
741,3.8983e+05,12696,0
742,3.898e+05,12709,0
743,3.8977e+05,12722,0
744,3.8974e+05,12735,0
745,3.8971e+05,12748,0
746,3.8968e+05,12761,0
747,3.8965e+05,12774,0
748,3.8962e+05,12787,0
749,3.8959e+05,12799,0
750,3.8956e+05,12812,0
751,3.8953e+05,12824,0
752,3.895e+05,12837,0
753,3.8947e+05,12849,0
754,3.8944e+05,12861,0
755,3.8941e+05,12873,0
756,3.8938e+05,12885,0
757,3.8935e+05,12898,0
758,3.8932e+05,12909,0
759,3.8929e+05,12921,0
760,3.8926e+05,12933,0
761,3.8923e+05,12945,0
762,3.892e+05,12957,0
763,3.8916e+05,12968,0
764,3.8913e+05,12980,0
765,3.891e+05,12991,0
766,3.8907e+05,13002,0
767,3.8904e+05,13014,0
768,3.8901e+05,13025,0
769,3.8898e+05,13036,0
770,3.8895e+05,13047,0
771,3.8892e+05,13058,0
772,3.8889e+05,13069,0
773,3.8886e+05,13080,0
774,3.8883e+05,13091,0
775,3.888e+05,13101,0
776,3.8876e+05,13112,0
777,3.8873e+05,13123,0
778,3.887e+05,13133,0
779,3.8867e+05,13144,0
780,3.8864e+05,13154,0
781,3.8861e+05,13164,0
782,3.8858e+05,13174,0
783,3.8855e+05,13184,0
784,3.8852e+05,13194,0
785,3.8849e+05,13204,0
786,3.8845e+05,13214,0
787,3.8842e+05,13224,0
788,3.8839e+05,13234,0
789,3.8836e+05,13243,0
790,3.8833e+05,13253,0
791,3.883e+05,13263,0
792,3.8827e+05,13272,0
793,3.8824e+05,13281,0
794,3.882e+05,13291,0
795,3.8817e+05,13300,0
796,3.8814e+05,13309,0
797,3.8811e+05,13318,0
798,3.8808e+05,13327,0
799,3.8805e+05,13336,0
800,3.8802e+05,13345,0
801,3.8798e+05,13353,0
802,3.8795e+05,13362,0
803,3.8792e+05,13371,0
804,3.8789e+05,13379,0
805,3.8786e+05,13388,0
806,3.8783e+05,13396,0
807,3.878e+05,13404,0
808,3.8776e+05,13413,0
809,3.8773e+05,13421,0
810,3.877e+05,13429,0
811,3.8767e+05,13437,0
812,3.8764e+05,13445,0
813,3.8761e+05,13453,0
814,3.8757e+05,13460,0
815,3.8754e+05,13468,0
816,3.8751e+05,13476,0
817,3.8748e+05,13483,0
818,3.8745e+05,13491,0
819,3.8742e+05,13498,0
820,3.8738e+05,13505,0
821,3.8735e+05,13512,0
822,3.8732e+05,13520,0
823,3.8729e+05,13527,0
824,3.8726e+05,13534,0
825,3.8722e+05,13541,0
826,3.8719e+05,13547,0
827,3.8716e+05,13554,0
828,3.8713e+05,13561,0
829,3.871e+05,13568,0
830,3.8706e+05,13574,0
831,3.8703e+05,13581,0
832,3.87e+05,13587,0
833,3.8697e+05,13593,0
834,3.8694e+05,13599,0
835,3.869e+05,13606,0
836,3.8687e+05,13612,0
837,3.8684e+05,13618,0
838,3.8681e+05,13624,0
839,3.8678e+05,13629,0
840,3.8674e+05,13635,0
841,3.8671e+05,13641,0
842,3.8668e+05,13647,0
843,3.8665e+05,13652,0
844,3.8662e+05,13658,0
845,3.8658e+05,13663,0
846,3.8655e+05,13668,0
847,3.8652e+05,13673,0
848,3.8649e+05,13679,0
849,3.8645e+05,13684,0
850,3.8642e+05,13689,0
851,3.8639e+05,13694,0
852,3.8636e+05,13698,0
853,3.8633e+05,13703,0
854,3.8629e+05,13708,0
855,3.8626e+05,13713,0
856,3.8623e+05,13717,0
857,3.862e+05,13721,0
858,3.8616e+05,13726,0
859,3.8613e+05,13730,0
860,3.861e+05,13734,0
861,3.8607e+05,13739,0
862,3.8603e+05,13743,0
863,3.86e+05,13747,0
864,3.8597e+05,13750,0
865,3.8594e+05,13754,0
866,3.859e+05,13758,0
867,3.8587e+05,13762,0
868,3.8584e+05,13765,0
869,3.8581e+05,13769,0
870,3.8577e+05,13772,0
871,3.8574e+05,13776,0
872,3.8571e+05,13779,0
873,3.8568e+05,13782,0
874,3.8565e+05,13785,0
875,3.8561e+05,13788,0
876,3.8558e+05,13791,0
877,3.8555e+05,13794,0
878,3.8552e+05,13797,0
879,3.8548e+05,13800,0
880,3.8545e+05,13802,0
881,3.8542e+05,13805,0
882,3.8539e+05,13808,0
883,3.8535e+05,13810,0
884,3.8532e+05,13812,0
885,3.8529e+05,13815,0
886,3.8526e+05,13817,0
887,3.8522e+05,13819,0
888,3.8519e+05,13821,0
889,3.8516e+05,13823,0
890,3.8513e+05,13825,0
891,3.8509e+05,13827,0
892,3.8506e+05,13828,0
893,3.8503e+05,13830,0
894,3.8499e+05,13832,0
895,3.8496e+05,13833,0
896,3.8493e+05,13834,0
897,3.849e+05,13836,0
898,3.8486e+05,13837,0
899,3.8483e+05,13838,0
900,3.848e+05,13839,0
901,3.8477e+05,13840,0
902,3.8473e+05,13841,0
903,3.847e+05,13842,0
904,3.8467e+05,13843,0
905,3.8464e+05,13844,0
906,3.846e+05,13844,0
907,3.8457e+05,13845,0
908,3.8454e+05,13845,0
909,3.8451e+05,13846,0
910,3.8447e+05,13846,0
911,3.8444e+05,13846,0
912,3.8441e+05,13847,0
913,3.8438e+05,13847,0
914,3.8434e+05,13847,0
915,3.8431e+05,13847,0
916,3.8428e+05,13846,0
917,3.8425e+05,13846,0
918,3.8421e+05,13846,0
919,3.8418e+05,13846,0
920,3.8415e+05,13845,0
921,3.8412e+05,13845,0
922,3.8408e+05,13844,0
923,3.8405e+05,13843,0
924,3.8402e+05,13842,0
925,3.8398e+05,13842,0
926,3.8395e+05,13841,0
927,3.8392e+05,13840,0
928,3.8389e+05,13839,0
929,3.8385e+05,13837,0
930,3.8382e+05,13836,0
931,3.8379e+05,13835,0
932,3.8376e+05,13833,0
933,3.8372e+05,13832,0
934,3.8369e+05,13830,0
935,3.8366e+05,13829,0
936,3.8363e+05,13827,0
937,3.8359e+05,13825,0
938,3.8356e+05,13823,0
939,3.8353e+05,13821,0
940,3.835e+05,13819,0
941,3.8346e+05,13817,0
942,3.8343e+05,13815,0
943,3.834e+05,13813,0
944,3.8337e+05,13811,0
945,3.8333e+05,13808,0
946,3.833e+05,13806,0
947,3.8327e+05,13803,0
948,3.8324e+05,13801,0
949,3.832e+05,13798,0
950,3.8317e+05,13795,0
951,3.8314e+05,13792,0
952,3.8311e+05,13789,0
953,3.8307e+05,13786,0
954,3.8304e+05,13783,0
955,3.8301e+05,13780,0
956,3.8298e+05,13777,0
957,3.8294e+05,13773,0
958,3.8291e+05,13770,0
959,3.8288e+05,13766,0
960,3.8285e+05,13763,0
961,3.8282e+05,13759,0
962,3.8278e+05,13755,0
963,3.8275e+05,13752,0
964,3.8272e+05,13748,0
965,3.8269e+05,13744,0
966,3.8265e+05,13740,0
967,3.8262e+05,13736,0
968,3.8259e+05,13731,0
969,3.8256e+05,13727,0
970,3.8252e+05,13723,0
971,3.8249e+05,13718,0
972,3.8246e+05,13714,0
973,3.8243e+05,13709,0
974,3.824e+05,13705,0
975,3.8236e+05,13700,0
976,3.8233e+05,13695,0
977,3.823e+05,13690,0
978,3.8227e+05,13685,0
979,3.8223e+05,13680,0
980,3.822e+05,13675,0
981,3.8217e+05,13670,0
982,3.8214e+05,13664,0
983,3.8211e+05,13659,0
984,3.8207e+05,13654,0
985,3.8204e+05,13648,0
986,3.8201e+05,13643,0
987,3.8198e+05,13637,0
988,3.8194e+05,13631,0
989,3.8191e+05,13625,0
990,3.8188e+05,13619,0
991,3.8185e+05,13613,0
992,3.8182e+05,13607,0
993,3.8178e+05,13601,0
994,3.8175e+05,13595,0
995,3.8172e+05,13589,0
996,3.8169e+05,13582,0
997,3.8166e+05,13576,0
998,3.8162e+05,13570,0
999,3.8159e+05,13563,0
1000,3.8156e+05,13556,0
1001,3.8153e+05,13550,0
1002,3.815e+05,13543,0
1003,3.8147e+05,13536,0
1004,3.8143e+05,13529,0
1005,3.814e+05,13522,0
1006,3.8137e+05,13515,0
1007,3.8134e+05,13508,0
1008,3.8131e+05,13500,0
1009,3.8127e+05,13493,0
1010,3.8124e+05,13486,0
1011,3.8121e+05,13478,0
1012,3.8118e+05,13470,0
1013,3.8115e+05,13463,0
1014,3.8112e+05,13455,0
1015,3.8108e+05,13447,0
1016,3.8105e+05,13439,0
1017,3.8102e+05,13431,0
1018,3.8099e+05,13423,0
1019,3.8096e+05,13415,0
1020,3.8093e+05,13407,0
1021,3.809e+05,13399,0
1022,3.8086e+05,13391,0
1023,3.8083e+05,13382,0
1024,3.808e+05,13374,0
1025,3.8077e+05,13365,0
1026,3.8074e+05,13356,0
1027,3.8071e+05,13348,0
1028,3.8068e+05,13339,0
1029,3.8064e+05,13330,0
1030,3.8061e+05,13321,0
1031,3.8058e+05,13312,0
1032,3.8055e+05,13303,0
1033,3.8052e+05,13294,0
1034,3.8049e+05,13285,0
1035,3.8046e+05,13275,0
1036,3.8042e+05,13266,0
1037,3.8039e+05,13257,0
1038,3.8036e+05,13247,0
1039,3.8033e+05,13237,0
1040,3.803e+05,13228,0
1041,3.8027e+05,13218,0
1042,3.8024e+05,13208,0
1043,3.8021e+05,13198,0
1044,3.8018e+05,13188,0
1045,3.8014e+05,13178,0
1046,3.8011e+05,13168,0
1047,3.8008e+05,13158,0
1048,3.8005e+05,13148,0
1049,3.8002e+05,13137,0
1050,3.7999e+05,13127,0
1051,3.7996e+05,13116,0
1052,3.7993e+05,13106,0
1053,3.799e+05,13095,0
1054,3.7987e+05,13084,0
1055,3.7984e+05,13074,0
1056,3.7981e+05,13063,0
1057,3.7977e+05,13052,0
1058,3.7974e+05,13041,0
1059,3.7971e+05,13030,0
1060,3.7968e+05,13018,0
1061,3.7965e+05,13007,0
1062,3.7962e+05,12996,0
1063,3.7959e+05,12984,0
1064,3.7956e+05,12973,0
1065,3.7953e+05,12962,0
1066,3.795e+05,12950,0
1067,3.7947e+05,12938,0
1068,3.7944e+05,12926,0
1069,3.7941e+05,12915,0
1070,3.7938e+05,12903,0
1071,3.7935e+05,12891,0
1072,3.7932e+05,12879,0
1073,3.7929e+05,12867,0
1074,3.7926e+05,12854,0
1075,3.7923e+05,12842,0
1076,3.792e+05,12830,0
1077,3.7917e+05,12817,0
1078,3.7914e+05,12805,0
1079,3.7911e+05,12792,0
1080,3.7908e+05,12780,0
1081,3.7905e+05,12767,0
1082,3.7902e+05,12754,0
1083,3.7899e+05,12741,0
1084,3.7896e+05,12729,0
1085,3.7893e+05,12716,0
1086,3.789e+05,12703,0
1087,3.7887e+05,12689,0
1088,3.7884e+05,12676,0
1089,3.7881e+05,12663,0
1090,3.7878e+05,12650,0
1091,3.7875e+05,12636,0
1092,3.7872e+05,12623,0
1093,3.7869e+05,12609,0
1094,3.7866e+05,12596,0
1095,3.7863e+05,12582,0
1096,3.786e+05,12568,0
1097,3.7857e+05,12554,0
1098,3.7854e+05,12540,0
1099,3.7851e+05,12526,0
1100,3.7848e+05,12512,0
1101,3.7845e+05,12498,0
1102,3.7842e+05,12484,0
1103,3.7839e+05,12470,0
1104,3.7836e+05,12455,0
1105,3.7833e+05,12441,0
1106,3.783e+05,12426,0
1107,3.7827e+05,12412,0
1108,3.7825e+05,12397,0
1109,3.7822e+05,12383,0
1110,3.7819e+05,12368,0
1111,3.7816e+05,12353,0
1112,3.7813e+05,12338,0
1113,3.781e+05,12323,0
1114,3.7807e+05,12308,0
1115,3.7804e+05,12293,0
1116,3.7801e+05,12278,0
1117,3.7798e+05,12263,0
1118,3.7796e+05,12247,0
1119,3.7793e+05,12232,0
1120,3.779e+05,12216,0
1121,3.7787e+05,12201,0
1122,3.7784e+05,12185,0
1123,3.7781e+05,12170,0
1124,3.7778e+05,12154,0
1125,3.7775e+05,12138,0
1126,3.7773e+05,12122,0
1127,3.777e+05,12106,0
1128,3.7767e+05,12090,0
1129,3.7764e+05,12074,0
1130,3.7761e+05,12058,0
1131,3.7758e+05,12042,0
1132,3.7756e+05,12026,0
1133,3.7753e+05,12009,0
1134,3.775e+05,11993,0
1135,3.7747e+05,11976,0
1136,3.7744e+05,11960,0
1137,3.7741e+05,11943,0
1138,3.7739e+05,11927,0
1139,3.7736e+05,11910,0
1140,3.7733e+05,11893,0
1141,3.773e+05,11876,0
1142,3.7727e+05,11859,0
1143,3.7725e+05,11842,0
1144,3.7722e+05,11825,0
1145,3.7719e+05,11808,0
1146,3.7716e+05,11791,0
1147,3.7714e+05,11773,0
1148,3.7711e+05,11756,0
1149,3.7708e+05,11739,0
1150,3.7705e+05,11721,0
1151,3.7703e+05,11704,0
1152,3.77e+05,11686,0
1153,3.7697e+05,11668,0
1154,3.7694e+05,11651,0
1155,3.7692e+05,11633,0
1156,3.7689e+05,11615,0
1157,3.7686e+05,11597,0
1158,3.7683e+05,11579,0
1159,3.7681e+05,11561,0
1160,3.7678e+05,11543,0
1161,3.7675e+05,11525,0
1162,3.7672e+05,11506,0
1163,3.767e+05,11488,0
1164,3.7667e+05,11469,0
1165,3.7664e+05,11451,0
1166,3.7662e+05,11432,0
1167,3.7659e+05,11414,0
1168,3.7656e+05,11395,0
1169,3.7654e+05,11376,0
1170,3.7651e+05,11358,0
1171,3.7648e+05,11339,0
1172,3.7646e+05,11320,0
1173,3.7643e+05,11301,0
1174,3.764e+05,11282,0
1175,3.7638e+05,11263,0
1176,3.7635e+05,11244,0
1177,3.7632e+05,11224,0
1178,3.763e+05,11205,0
1179,3.7627e+05,11186,0
1180,3.7624e+05,11166,0
1181,3.7622e+05,11147,0
1182,3.7619e+05,11127,0
1183,3.7617e+05,11108,0
1184,3.7614e+05,11088,0
1185,3.7611e+05,11068,0
1186,3.7609e+05,11048,0
1187,3.7606e+05,11028,0
1188,3.7604e+05,11008,0
1189,3.7601e+05,10988,0
1190,3.7598e+05,10968,0
1191,3.7596e+05,10948,0
1192,3.7593e+05,10928,0
1193,3.7591e+05,10908,0
1194,3.7588e+05,10888,0
1195,3.7585e+05,10867,0
1196,3.7583e+05,10847,0
1197,3.758e+05,10826,0
1198,3.7578e+05,10806,0
1199,3.7575e+05,10785,0
1200,3.7573e+05,10764,0
1201,3.757e+05,10744,0
1202,3.7568e+05,10723,0
1203,3.7565e+05,10702,0
1204,3.7563e+05,10681,0
1205,3.756e+05,10660,0
1206,3.7558e+05,10639,0
1207,3.7555e+05,10618,0
1208,3.7553e+05,10597,0
1209,3.755e+05,10576,0
1210,3.7548e+05,10554,0
1211,3.7545e+05,10533,0
1212,3.7543e+05,10512,0
1213,3.754e+05,10490,0
1214,3.7538e+05,10469,0
1215,3.7535e+05,10447,0
1216,3.7533e+05,10425,0
1217,3.753e+05,10404,0
1218,3.7528e+05,10382,0
1219,3.7525e+05,10360,0
1220,3.7523e+05,10338,0
1221,3.7521e+05,10316,0
1222,3.7518e+05,10294,0
1223,3.7516e+05,10272,0
1224,3.7513e+05,10250,0
1225,3.7511e+05,10228,0
1226,3.7509e+05,10206,0
1227,3.7506e+05,10183,0
1228,3.7504e+05,10161,0
1229,3.7501e+05,10139,0
1230,3.7499e+05,10116,0
1231,3.7497e+05,10094,0
1232,3.7494e+05,10071,0
1233,3.7492e+05,10048,0
1234,3.7489e+05,10026,0
1235,3.7487e+05,10003,0
1236,3.7485e+05,9980.2,0
1237,3.7482e+05,9957.4,0
1238,3.748e+05,9934.4,0
1239,3.7478e+05,9911.5,0
1240,3.7475e+05,9888.4,0
1241,3.7473e+05,9865.3,0
1242,3.7471e+05,9842.2,0
1243,3.7468e+05,9819,0
1244,3.7466e+05,9795.8,0
1245,3.7464e+05,9772.4,0
1246,3.7462e+05,9749.1,0
1247,3.7459e+05,9725.7,0
1248,3.7457e+05,9702.2,0
1249,3.7455e+05,9678.6,0
1250,3.7452e+05,9655.1,0
1251,3.745e+05,9631.4,0
1252,3.7448e+05,9607.7,0
1253,3.7446e+05,9584,0
1254,3.7443e+05,9560.2,0
1255,3.7441e+05,9536.3,0
1256,3.7439e+05,9512.4,0
1257,3.7437e+05,9488.4,0
1258,3.7434e+05,9464.4,0
1259,3.7432e+05,9440.3,0
1260,3.743e+05,9416.2,0
1261,3.7428e+05,9392,0
1262,3.7425e+05,9367.8,0
1263,3.7423e+05,9343.5,0
1264,3.7421e+05,9319.1,0
1265,3.7419e+05,9294.7,0
1266,3.7417e+05,9270.3,0
1267,3.7414e+05,9245.8,0
1268,3.7412e+05,9221.2,0
1269,3.741e+05,9196.6,0
1270,3.7408e+05,9172,0
1271,3.7406e+05,9147.2,0
1272,3.7404e+05,9122.5,0
1273,3.7402e+05,9097.7,0
1274,3.7399e+05,9072.8,0
1275,3.7397e+05,9047.9,0
1276,3.7395e+05,9022.9,0
1277,3.7393e+05,8997.9,0
1278,3.7391e+05,8972.8,0
1279,3.7389e+05,8947.7,0
1280,3.7387e+05,8922.5,0
1281,3.7385e+05,8897.3,0
1282,3.7382e+05,8872,0
1283,3.738e+05,8846.7,0
1284,3.7378e+05,8821.3,0
1285,3.7376e+05,8795.9,0
1286,3.7374e+05,8770.4,0
1287,3.7372e+05,8744.8,0
1288,3.737e+05,8719.3,0
1289,3.7368e+05,8693.6,0
1290,3.7366e+05,8668,0
1291,3.7364e+05,8642.2,0
1292,3.7362e+05,8616.4,0
1293,3.736e+05,8590.6,0
1294,3.7358e+05,8564.7,0
1295,3.7356e+05,8538.8,0
1296,3.7354e+05,8512.8,0
1297,3.7352e+05,8486.8,0
1298,3.735e+05,8460.8,0
1299,3.7348e+05,8434.6,0
1300,3.7346e+05,8408.5,0
1301,3.7344e+05,8382.3,0
1302,3.7342e+05,8356,0
1303,3.734e+05,8329.7,0
1304,3.7338e+05,8303.3,0
1305,3.7336e+05,8276.9,0
1306,3.7334e+05,8250.5,0
1307,3.7332e+05,8224,0
1308,3.733e+05,8197.4,0
1309,3.7328e+05,8170.8,0
1310,3.7326e+05,8144.2,0
1311,3.7324e+05,8117.5,0
1312,3.7322e+05,8090.8,0
1313,3.7321e+05,8064,0
1314,3.7319e+05,8037.1,0
1315,3.7317e+05,8010.3,0
1316,3.7315e+05,7983.4,0
1317,3.7313e+05,7956.4,0
1318,3.7311e+05,7929.4,0
1319,3.7309e+05,7902.3,0
1320,3.7307e+05,7875.2,0
1321,3.7306e+05,7848.1,0
1322,3.7304e+05,7820.9,0
1323,3.7302e+05,7793.7,0
1324,3.73e+05,7766.4,0
1325,3.7298e+05,7739.1,0
1326,3.7296e+05,7711.7,0
1327,3.7295e+05,7684.3,0
1328,3.7293e+05,7656.8,0
1329,3.7291e+05,7629.3,0
1330,3.7289e+05,7601.8,0
1331,3.7287e+05,7574.2,0
1332,3.7286e+05,7546.6,0
1333,3.7284e+05,7518.9,0
1334,3.7282e+05,7491.2,0
1335,3.728e+05,7463.4,0
1336,3.7278e+05,7435.6,0
1337,3.7277e+05,7407.8,0
1338,3.7275e+05,7379.9,0
1339,3.7273e+05,7352,0
1340,3.7272e+05,7324,0
1341,3.727e+05,7296,0
1342,3.7268e+05,7267.9,0
1343,3.7266e+05,7239.8,0
1344,3.7265e+05,7211.7,0
1345,3.7263e+05,7183.5,0
1346,3.7261e+05,7155.3,0
1347,3.726e+05,7127,0
1348,3.7258e+05,7098.7,0
1349,3.7256e+05,7070.4,0
1350,3.7255e+05,7042,0
1351,3.7253e+05,7013.6,0
1352,3.7251e+05,6985.1,0
1353,3.725e+05,6956.6,0
1354,3.7248e+05,6928.1,0
1355,3.7246e+05,6899.5,0
1356,3.7245e+05,6870.9,0
1357,3.7243e+05,6842.2,0
1358,3.7241e+05,6813.5,0
1359,3.724e+05,6784.8,0
1360,3.7238e+05,6756,0
1361,3.7237e+05,6727.2,0
1362,3.7235e+05,6698.3,0
1363,3.7234e+05,6669.4,0
1364,3.7232e+05,6640.5,0
1365,3.723e+05,6611.5,0
1366,3.7229e+05,6582.5,0
1367,3.7227e+05,6553.5,0
1368,3.7226e+05,6524.4,0
1369,3.7224e+05,6495.3,0
1370,3.7223e+05,6466.1,0
1371,3.7221e+05,6436.9,0
1372,3.722e+05,6407.7,0
1373,3.7218e+05,6378.4,0
1374,3.7217e+05,6349.1,0
1375,3.7215e+05,6319.8,0
1376,3.7214e+05,6290.4,0
1377,3.7212e+05,6261,0
1378,3.7211e+05,6231.5,0
1379,3.7209e+05,6202.1,0
1380,3.7208e+05,6172.5,0
1381,3.7206e+05,6143,0
1382,3.7205e+05,6113.4,0
1383,3.7203e+05,6083.8,0
1384,3.7202e+05,6054.1,0
1385,3.7201e+05,6024.4,0
1386,3.7199e+05,5994.7,0
1387,3.7198e+05,5964.9,0
1388,3.7196e+05,5935.1,0
1389,3.7195e+05,5905.3,0
1390,3.7194e+05,5875.4,0
1391,3.7192e+05,5845.5,0
1392,3.7191e+05,5815.6,0
1393,3.7189e+05,5785.6,0
1394,3.7188e+05,5755.6,0
1395,3.7187e+05,5725.6,0
1396,3.7185e+05,5695.5,0
1397,3.7184e+05,5665.4,0
1398,3.7183e+05,5635.3,0
1399,3.7181e+05,5605.1,0
1400,3.718e+05,5574.9,0
1401,3.7179e+05,5544.7,0
1402,3.7177e+05,5514.4,0
1403,3.7176e+05,5484.1,0
1404,3.7175e+05,5453.8,0
1405,3.7174e+05,5423.5,0
1406,3.7172e+05,5393.1,0
1407,3.7171e+05,5362.7,0
1408,3.717e+05,5332.2,0
1409,3.7168e+05,5301.7,0
1410,3.7167e+05,5271.2,0
1411,3.7166e+05,5240.7,0
1412,3.7165e+05,5210.1,0
1413,3.7164e+05,5179.5,0
1414,3.7162e+05,5148.9,0
1415,3.7161e+05,5118.2,0
1416,3.716e+05,5087.5,0
1417,3.7159e+05,5056.8,0
1418,3.7158e+05,5026.1,0
1419,3.7156e+05,4995.3,0
1420,3.7155e+05,4964.5,0
1421,3.7154e+05,4933.7,0
1422,3.7153e+05,4902.8,0
1423,3.7152e+05,4871.9,0
1424,3.7151e+05,4841,0
1425,3.7149e+05,4810.1,0
1426,3.7148e+05,4779.1,0
1427,3.7147e+05,4748.1,0
1428,3.7146e+05,4717.1,0
1429,3.7145e+05,4686,0
1430,3.7144e+05,4654.9,0
1431,3.7143e+05,4623.8,0
1432,3.7142e+05,4592.7,0
1433,3.7141e+05,4561.5,0
1434,3.7139e+05,4530.3,0
1435,3.7138e+05,4499.1,0
1436,3.7137e+05,4467.9,0
1437,3.7136e+05,4436.6,0
1438,3.7135e+05,4405.3,0
1439,3.7134e+05,4374,0
1440,3.7133e+05,4342.7,0
1441,3.7132e+05,4311.3,0
1442,3.7131e+05,4279.9,0
1443,3.713e+05,4248.5,0
1444,3.7129e+05,4217.1,0
1445,3.7128e+05,4185.6,0
1446,3.7127e+05,4154.1,0
1447,3.7126e+05,4122.6,0
1448,3.7125e+05,4091.1,0
1449,3.7124e+05,4059.5,0
1450,3.7123e+05,4027.9,0
1451,3.7122e+05,3996.3,0
1452,3.7121e+05,3964.7,0
1453,3.712e+05,3933,0
1454,3.712e+05,3901.4,0
1455,3.7119e+05,3869.7,0
1456,3.7118e+05,3838,0
1457,3.7117e+05,3806.2,0
1458,3.7116e+05,3774.5,0
1459,3.7115e+05,3742.7,0
1460,3.7114e+05,3710.9,0
1461,3.7113e+05,3679,0
1462,3.7112e+05,3647.2,0
1463,3.7112e+05,3615.3,0
1464,3.7111e+05,3583.4,0
1465,3.711e+05,3551.5,0
1466,3.7109e+05,3519.6,0
1467,3.7108e+05,3487.6,0
1468,3.7107e+05,3455.7,0
1469,3.7107e+05,3423.7,0
1470,3.7106e+05,3391.7,0
1471,3.7105e+05,3359.6,0
1472,3.7104e+05,3327.6,0
1473,3.7103e+05,3295.5,0
1474,3.7103e+05,3263.4,0
1475,3.7102e+05,3231.3,0
1476,3.7101e+05,3199.2,0
1477,3.71e+05,3167.1,0
1478,3.71e+05,3134.9,0
1479,3.7099e+05,3102.7,0
1480,3.7098e+05,3070.5,0
1481,3.7097e+05,3038.3,0
1482,3.7097e+05,3006.1,0
1483,3.7096e+05,2973.8,0
1484,3.7095e+05,2941.6,0
1485,3.7095e+05,2909.3,0
1486,3.7094e+05,2877,0
1487,3.7093e+05,2844.7,0
1488,3.7093e+05,2812.3,0
1489,3.7092e+05,2780,0
1490,3.7091e+05,2747.6,0
1491,3.7091e+05,2715.2,0
1492,3.709e+05,2682.8,0
1493,3.7089e+05,2650.4,0
1494,3.7089e+05,2618,0
1495,3.7088e+05,2585.5,0
1496,3.7087e+05,2553.1,0
1497,3.7087e+05,2520.6,0
1498,3.7086e+05,2488.1,0
1499,3.7086e+05,2455.6,0
1500,3.7085e+05,2423.1,0
1501,3.7085e+05,2390.6,0
1502,3.7084e+05,2358,0
1503,3.7083e+05,2325.5,0
1504,3.7083e+05,2292.9,0
1505,3.7082e+05,2260.3,0
1506,3.7082e+05,2227.7,0
1507,3.7081e+05,2195.1,0
1508,3.7081e+05,2162.5,0
1509,3.708e+05,2129.9,0
1510,3.708e+05,2097.2,0
1511,3.7079e+05,2064.6,0
1512,3.7079e+05,2031.9,0
1513,3.7078e+05,1999.2,0
1514,3.7078e+05,1966.5,0
1515,3.7077e+05,1933.8,0
1516,3.7077e+05,1901.1,0
1517,3.7077e+05,1868.4,0
1518,3.7076e+05,1835.6,0
1519,3.7076e+05,1802.9,0
1520,3.7075e+05,1770.1,0
1521,3.7075e+05,1737.4,0
1522,3.7074e+05,1704.6,0
1523,3.7074e+05,1671.8,0
1524,3.7074e+05,1639,0
1525,3.7073e+05,1606.2,0
1526,3.7073e+05,1573.4,0
1527,3.7072e+05,1540.5,0
1528,3.7072e+05,1507.7,0
1529,3.7072e+05,1474.9,0
1530,3.7071e+05,1442,0
1531,3.7071e+05,1409.1,0
1532,3.7071e+05,1376.3,0
1533,3.707e+05,1343.4,0
1534,3.707e+05,1310.5,0
1535,3.707e+05,1277.6,0
1536,3.707e+05,1244.7,0
1537,3.7069e+05,1211.8,0
1538,3.7069e+05,1178.9,0
1539,3.7069e+05,1146,0
1540,3.7068e+05,1113,0
1541,3.7068e+05,1080.1,0
1542,3.7068e+05,1047.2,0
1543,3.7068e+05,1014.2,0
1544,3.7067e+05,981.28,0
1545,3.7067e+05,948.32,0
1546,3.7067e+05,915.36,0
1547,3.7067e+05,882.39,0
1548,3.7067e+05,849.42,0
1549,3.7066e+05,816.44,0
1550,3.7066e+05,783.46,0
1551,3.7066e+05,750.47,0
1552,3.7066e+05,717.48,0
1553,3.7066e+05,684.48,0
1554,3.7066e+05,651.48,0
1555,3.7065e+05,618.48,0
1556,3.7065e+05,585.47,0
1557,3.7065e+05,552.46,0
1558,3.7065e+05,519.45,0
1559,3.7065e+05,486.43,0
1560,3.7065e+05,453.41,0
1561,3.7065e+05,420.39,0
1562,3.7065e+05,387.37,0
1563,3.7064e+05,354.34,0
1564,3.7064e+05,321.31,0
1565,3.7064e+05,288.28,0
1566,3.7064e+05,255.25,0
1567,3.7064e+05,222.22,0
1568,3.7064e+05,189.18,0
1569,3.7064e+05,156.14,0
1570,3.7064e+05,123.11,0
1571,3.7064e+05,90.07,0
1572,3.7064e+05,57.032,0
1573,3.7064e+05,23.994,0
1574,3.7064e+05,-9.0448,0
1575,3.7064e+05,-42.083,0
1576,3.7064e+05,-75.122,0
1577,3.7064e+05,-108.16,0
1578,3.7064e+05,-141.2,0
1579,3.7064e+05,-174.23,0
1580,3.7064e+05,-207.27,0
1581,3.7064e+05,-240.3,0
1582,3.7064e+05,-273.34,0
1583,3.7064e+05,-306.37,0
1584,3.7064e+05,-339.4,0
1585,3.7064e+05,-372.42,0
1586,3.7065e+05,-405.45,0
1587,3.7065e+05,-438.47,0
1588,3.7065e+05,-471.49,0
1589,3.7065e+05,-504.51,0
1590,3.7065e+05,-537.52,0
1591,3.7065e+05,-570.54,0
1592,3.7065e+05,-603.55,0
1593,3.7065e+05,-636.55,0
1594,3.7066e+05,-669.55,0
1595,3.7066e+05,-702.55,0
1596,3.7066e+05,-735.54,0
1597,3.7066e+05,-768.53,0
1598,3.7066e+05,-801.52,0
1599,3.7066e+05,-834.5,0
1600,3.7067e+05,-867.47,0
1601,3.7067e+05,-900.44,0
1602,3.7067e+05,-933.41,0
1603,3.7067e+05,-966.37,0
1604,3.7068e+05,-999.32,0
1605,3.7068e+05,-1032.3,0
1606,3.7068e+05,-1065.2,0
1607,3.7068e+05,-1098.1,0
1608,3.7069e+05,-1131.1,0
1609,3.7069e+05,-1164,0
1610,3.7069e+05,-1196.9,0
1611,3.7069e+05,-1229.8,0
1612,3.707e+05,-1262.7,0
1613,3.707e+05,-1295.6,0
1614,3.707e+05,-1328.5,0
1615,3.7071e+05,-1361.4,0
1616,3.7071e+05,-1394.3,0
1617,3.7071e+05,-1427.1,0
1618,3.7072e+05,-1460,0
1619,3.7072e+05,-1492.8,0
1620,3.7072e+05,-1525.7,0
1621,3.7073e+05,-1558.5,0
1622,3.7073e+05,-1591.3,0
1623,3.7073e+05,-1624.1,0
1624,3.7074e+05,-1656.9,0
1625,3.7074e+05,-1689.7,0
1626,3.7075e+05,-1722.5,0
1627,3.7075e+05,-1755.3,0
1628,3.7075e+05,-1788.1,0
1629,3.7076e+05,-1820.8,0
1630,3.7076e+05,-1853.6,0
1631,3.7077e+05,-1886.3,0
1632,3.7077e+05,-1919,0
1633,3.7078e+05,-1951.7,0
1634,3.7078e+05,-1984.4,0
1635,3.7079e+05,-2017.1,0
1636,3.7079e+05,-2049.8,0
1637,3.708e+05,-2082.4,0
1638,3.708e+05,-2115.1,0
1639,3.7081e+05,-2147.7,0
1640,3.7081e+05,-2180.4,0
1641,3.7082e+05,-2213,0
1642,3.7082e+05,-2245.6,0
1643,3.7083e+05,-2278.2,0
1644,3.7083e+05,-2310.7,0
1645,3.7084e+05,-2343.3,0
1646,3.7084e+05,-2375.9,0
1647,3.7085e+05,-2408.4,0
1648,3.7085e+05,-2440.9,0
1649,3.7086e+05,-2473.4,0
1650,3.7087e+05,-2505.9,0
1651,3.7087e+05,-2538.4,0
1652,3.7088e+05,-2570.9,0
1653,3.7088e+05,-2603.3,0
1654,3.7089e+05,-2635.7,0
1655,3.709e+05,-2668.2,0
1656,3.709e+05,-2700.6,0
1657,3.7091e+05,-2733,0
1658,3.7092e+05,-2765.3,0
1659,3.7092e+05,-2797.7,0
1660,3.7093e+05,-2830,0
1661,3.7094e+05,-2862.4,0
1662,3.7094e+05,-2894.7,0
1663,3.7095e+05,-2927,0
1664,3.7096e+05,-2959.2,0
1665,3.7096e+05,-2991.5,0
1666,3.7097e+05,-3023.7,0
1667,3.7098e+05,-3056,0
1668,3.7099e+05,-3088.2,0
1669,3.7099e+05,-3120.3,0
1670,3.71e+05,-3152.5,0
1671,3.7101e+05,-3184.7,0
1672,3.7102e+05,-3216.8,0
1673,3.7102e+05,-3248.9,0
1674,3.7103e+05,-3281,0
1675,3.7104e+05,-3313.1,0
1676,3.7105e+05,-3345.1,0
1677,3.7105e+05,-3377.2,0
1678,3.7106e+05,-3409.2,0
1679,3.7107e+05,-3441.2,0
1680,3.7108e+05,-3473.2,0
1681,3.7109e+05,-3505.1,0
1682,3.7109e+05,-3537.1,0
1683,3.711e+05,-3569,0
1684,3.7111e+05,-3600.9,0
1685,3.7112e+05,-3632.8,0
1686,3.7113e+05,-3664.6,0
1687,3.7114e+05,-3696.5,0
1688,3.7115e+05,-3728.3,0
1689,3.7116e+05,-3760.1,0
1690,3.7116e+05,-3791.8,0
1691,3.7117e+05,-3823.6,0
1692,3.7118e+05,-3855.3,0
1693,3.7119e+05,-3887,0
1694,3.712e+05,-3918.7,0
1695,3.7121e+05,-3950.4,0
1696,3.7122e+05,-3982,0
1697,3.7123e+05,-4013.6,0
1698,3.7124e+05,-4045.2,0
1699,3.7125e+05,-4076.8,0
1700,3.7126e+05,-4108.3,0
1701,3.7127e+05,-4139.9,0
1702,3.7128e+05,-4171.4,0
1703,3.7129e+05,-4202.8,0
1704,3.713e+05,-4234.3,0
1705,3.7131e+05,-4265.7,0
1706,3.7132e+05,-4297.1,0
1707,3.7133e+05,-4328.5,0
1708,3.7134e+05,-4359.8,0
1709,3.7135e+05,-4391.2,0
1710,3.7136e+05,-4422.5,0
1711,3.7137e+05,-4453.7,0
1712,3.7138e+05,-4485,0
1713,3.7139e+05,-4516.2,0
1714,3.714e+05,-4547.4,0
1715,3.7141e+05,-4578.6,0
1716,3.7142e+05,-4609.7,0
1717,3.7143e+05,-4640.9,0
1718,3.7144e+05,-4671.9,0
1719,3.7146e+05,-4703,0
1720,3.7147e+05,-4734,0
1721,3.7148e+05,-4765.1,0
1722,3.7149e+05,-4796,0
1723,3.715e+05,-4827,0
1724,3.7151e+05,-4857.9,0
1725,3.7152e+05,-4888.8,0
1726,3.7153e+05,-4919.7,0
1727,3.7155e+05,-4950.5,0
1728,3.7156e+05,-4981.4,0
1729,3.7157e+05,-5012.2,0
1730,3.7158e+05,-5042.9,0
1731,3.7159e+05,-5073.6,0
1732,3.7161e+05,-5104.3,0
1733,3.7162e+05,-5135,0
1734,3.7163e+05,-5165.7,0
1735,3.7164e+05,-5196.3,0
1736,3.7165e+05,-5226.9,0
1737,3.7167e+05,-5257.4,0
1738,3.7168e+05,-5287.9,0
1739,3.7169e+05,-5318.4,0
1740,3.717e+05,-5348.9,0
1741,3.7172e+05,-5379.3,0
1742,3.7173e+05,-5409.7,0
1743,3.7174e+05,-5440.1,0
1744,3.7176e+05,-5470.4,0
1745,3.7177e+05,-5500.7,0
1746,3.7178e+05,-5531,0
1747,3.7179e+05,-5561.2,0
1748,3.7181e+05,-5591.5,0
1749,3.7182e+05,-5621.6,0
1750,3.7183e+05,-5651.8,0
1751,3.7185e+05,-5681.9,0
1752,3.7186e+05,-5712,0
1753,3.7187e+05,-5742,0
1754,3.7189e+05,-5772,0
1755,3.719e+05,-5802,0
1756,3.7192e+05,-5832,0
1757,3.7193e+05,-5861.9,0
1758,3.7194e+05,-5891.8,0
1759,3.7196e+05,-5921.6,0
1760,3.7197e+05,-5951.4,0
1761,3.7199e+05,-5981.2,0
1762,3.72e+05,-6011,0
1763,3.7201e+05,-6040.7,0
1764,3.7203e+05,-6070.3,0
1765,3.7204e+05,-6100,0
1766,3.7206e+05,-6129.6,0
1767,3.7207e+05,-6159.2,0
1768,3.7209e+05,-6188.7,0
1769,3.721e+05,-6218.2,0
1770,3.7212e+05,-6247.7,0
1771,3.7213e+05,-6277.1,0
1772,3.7214e+05,-6306.5,0
1773,3.7216e+05,-6335.9,0
1774,3.7217e+05,-6365.2,0
1775,3.7219e+05,-6394.5,0
1776,3.722e+05,-6423.7,0
1777,3.7222e+05,-6452.9,0
1778,3.7224e+05,-6482.1,0
1779,3.7225e+05,-6511.2,0
1780,3.7227e+05,-6540.3,0
1781,3.7228e+05,-6569.4,0
1782,3.723e+05,-6598.4,0
1783,3.7231e+05,-6627.4,0
1784,3.7233e+05,-6656.4,0
1785,3.7234e+05,-6685.3,0
1786,3.7236e+05,-6714.1,0
1787,3.7238e+05,-6743,0
1788,3.7239e+05,-6771.8,0
1789,3.7241e+05,-6800.5,0
1790,3.7242e+05,-6829.2,0
1791,3.7244e+05,-6857.9,0
1792,3.7246e+05,-6886.6,0
1793,3.7247e+05,-6915.2,0
1794,3.7249e+05,-6943.7,0
1795,3.7251e+05,-6972.2,0
1796,3.7252e+05,-7000.7,0
1797,3.7254e+05,-7029.2,0
1798,3.7255e+05,-7057.6,0
1799,3.7257e+05,-7085.9,0
1800,3.7259e+05,-7114.2,0
1801,3.7261e+05,-7142.5,0
1802,3.7262e+05,-7170.8,0
1803,3.7264e+05,-7199,0
1804,3.7266e+05,-7227.1,0
1805,3.7267e+05,-7255.2,0
1806,3.7269e+05,-7283.3,0
1807,3.7271e+05,-7311.3,0
1808,3.7272e+05,-7339.3,0
1809,3.7274e+05,-7367.3,0
1810,3.7276e+05,-7395.2,0
1811,3.7278e+05,-7423,0
1812,3.7279e+05,-7450.9,0
1813,3.7281e+05,-7478.6,0
1814,3.7283e+05,-7506.4,0
1815,3.7285e+05,-7534.1,0
1816,3.7287e+05,-7561.7,0
1817,3.7288e+05,-7589.3,0
1818,3.729e+05,-7616.9,0
1819,3.7292e+05,-7644.4,0
1820,3.7294e+05,-7671.9,0
1821,3.7296e+05,-7699.3,0
1822,3.7297e+05,-7726.7,0
1823,3.7299e+05,-7754,0
1824,3.7301e+05,-7781.3,0
1825,3.7303e+05,-7808.6,0
1826,3.7305e+05,-7835.8,0
1827,3.7307e+05,-7863,0
1828,3.7308e+05,-7890.1,0
1829,3.731e+05,-7917.2,0
1830,3.7312e+05,-7944.2,0
1831,3.7314e+05,-7971.2,0
1832,3.7316e+05,-7998.1,0
1833,3.7318e+05,-8025,0
1834,3.732e+05,-8051.8,0
1835,3.7322e+05,-8078.6,0
1836,3.7323e+05,-8105.4,0
1837,3.7325e+05,-8132.1,0
1838,3.7327e+05,-8158.8,0
1839,3.7329e+05,-8185.4,0
1840,3.7331e+05,-8212,0
1841,3.7333e+05,-8238.5,0
1842,3.7335e+05,-8264.9,0
1843,3.7337e+05,-8291.4,0
1844,3.7339e+05,-8317.8,0
1845,3.7341e+05,-8344.1,0
1846,3.7343e+05,-8370.4,0
1847,3.7345e+05,-8396.6,0
1848,3.7347e+05,-8422.8,0
1849,3.7349e+05,-8448.9,0
1850,3.7351e+05,-8475,0
1851,3.7353e+05,-8501.1,0
1852,3.7355e+05,-8527.1,0
1853,3.7357e+05,-8553,0
1854,3.7359e+05,-8578.9,0
1855,3.7361e+05,-8604.8,0
1856,3.7363e+05,-8630.6,0
1857,3.7365e+05,-8656.3,0
1858,3.7367e+05,-8682,0
1859,3.7369e+05,-8707.7,0
1860,3.7371e+05,-8733.3,0
1861,3.7373e+05,-8758.8,0
1862,3.7375e+05,-8784.3,0
1863,3.7377e+05,-8809.8,0
1864,3.7379e+05,-8835.2,0
1865,3.7382e+05,-8860.5,0
1866,3.7384e+05,-8885.8,0
1867,3.7386e+05,-8911.1,0
1868,3.7388e+05,-8936.3,0
1869,3.739e+05,-8961.4,0
1870,3.7392e+05,-8986.5,0
1871,3.7394e+05,-9011.6,0
1872,3.7396e+05,-9036.6,0
1873,3.7398e+05,-9061.5,0
1874,3.7401e+05,-9086.4,0
1875,3.7403e+05,-9111.3,0
1876,3.7405e+05,-9136,0
1877,3.7407e+05,-9160.8,0
1878,3.7409e+05,-9185.5,0
1879,3.7411e+05,-9210.1,0
1880,3.7414e+05,-9234.7,0
1881,3.7416e+05,-9259.2,0
1882,3.7418e+05,-9283.7,0
1883,3.742e+05,-9308.1,0
1884,3.7422e+05,-9332.5,0
1885,3.7424e+05,-9356.8,0
1886,3.7427e+05,-9381,0
1887,3.7429e+05,-9405.3,0
1888,3.7431e+05,-9429.4,0
1889,3.7433e+05,-9453.5,0
1890,3.7436e+05,-9477.6,0
1891,3.7438e+05,-9501.6,0
1892,3.744e+05,-9525.5,0
1893,3.7442e+05,-9549.4,0
1894,3.7445e+05,-9573.2,0
1895,3.7447e+05,-9597,0
1896,3.7449e+05,-9620.7,0
1897,3.7451e+05,-9644.4,0
1898,3.7454e+05,-9668,0
1899,3.7456e+05,-9691.5,0
1900,3.7458e+05,-9715,0
1901,3.746e+05,-9738.5,0
1902,3.7463e+05,-9761.9,0
1903,3.7465e+05,-9785.2,0
1904,3.7467e+05,-9808.5,0
1905,3.747e+05,-9831.7,0
1906,3.7472e+05,-9854.9,0
1907,3.7474e+05,-9878,0
1908,3.7477e+05,-9901,0
1909,3.7479e+05,-9924,0
1910,3.7481e+05,-9947,0
1911,3.7484e+05,-9969.9,0
1912,3.7486e+05,-9992.7,0
1913,3.7488e+05,-10015,0
1914,3.7491e+05,-10038,0
1915,3.7493e+05,-10061,0
1916,3.7495e+05,-10083,0
1917,3.7498e+05,-10106,0
1918,3.75e+05,-10128,0
1919,3.7503e+05,-10151,0
1920,3.7505e+05,-10173,0
1921,3.7507e+05,-10196,0
1922,3.751e+05,-10218,0
1923,3.7512e+05,-10240,0
1924,3.7515e+05,-10262,0
1925,3.7517e+05,-10284,0
1926,3.752e+05,-10306,0
1927,3.7522e+05,-10328,0
1928,3.7524e+05,-10350,0
1929,3.7527e+05,-10372,0
1930,3.7529e+05,-10394,0
1931,3.7532e+05,-10416,0
1932,3.7534e+05,-10437,0
1933,3.7537e+05,-10459,0
1934,3.7539e+05,-10480,0
1935,3.7542e+05,-10502,0
1936,3.7544e+05,-10523,0
1937,3.7547e+05,-10545,0
1938,3.7549e+05,-10566,0
1939,3.7552e+05,-10587,0
1940,3.7554e+05,-10608,0
1941,3.7557e+05,-10630,0
1942,3.7559e+05,-10651,0
1943,3.7562e+05,-10672,0
1944,3.7564e+05,-10693,0
1945,3.7567e+05,-10713,0
1946,3.7569e+05,-10734,0
1947,3.7572e+05,-10755,0
1948,3.7574e+05,-10776,0
1949,3.7577e+05,-10796,0
1950,3.7579e+05,-10817,0
1951,3.7582e+05,-10838,0
1952,3.7584e+05,-10858,0
1953,3.7587e+05,-10878,0
1954,3.7589e+05,-10899,0
1955,3.7592e+05,-10919,0
1956,3.7595e+05,-10939,0
1957,3.7597e+05,-10959,0
1958,3.76e+05,-10979,0
1959,3.7602e+05,-10999,0
1960,3.7605e+05,-11019,0
1961,3.7608e+05,-11039,0
1962,3.761e+05,-11059,0
1963,3.7613e+05,-11079,0
1964,3.7615e+05,-11099,0
1965,3.7618e+05,-11118,0
1966,3.7621e+05,-11138,0
1967,3.7623e+05,-11157,0
1968,3.7626e+05,-11177,0
1969,3.7628e+05,-11196,0
1970,3.7631e+05,-11216,0
1971,3.7634e+05,-11235,0
1972,3.7636e+05,-11254,0
1973,3.7639e+05,-11273,0
1974,3.7642e+05,-11292,0
1975,3.7644e+05,-11311,0
1976,3.7647e+05,-11330,0
1977,3.765e+05,-11349,0
1978,3.7652e+05,-11368,0
1979,3.7655e+05,-11387,0
1980,3.7658e+05,-11405,0
1981,3.766e+05,-11424,0
1982,3.7663e+05,-11443,0
1983,3.7666e+05,-11461,0
1984,3.7669e+05,-11480,0
1985,3.7671e+05,-11498,0
1986,3.7674e+05,-11516,0
1987,3.7677e+05,-11534,0
1988,3.7679e+05,-11553,0
1989,3.7682e+05,-11571,0
1990,3.7685e+05,-11589,0
1991,3.7688e+05,-11607,0
1992,3.769e+05,-11625,0
1993,3.7693e+05,-11643,0
1994,3.7696e+05,-11660,0
1995,3.7699e+05,-11678,0
1996,3.7701e+05,-11696,0
1997,3.7704e+05,-11713,0
1998,3.7707e+05,-11731,0
1999,3.771e+05,-11748,0
2000,3.7712e+05,-11766,0
2001,3.7715e+05,-11783,0
2002,3.7718e+05,-11800,0
2003,3.7721e+05,-11817,0
2004,3.7723e+05,-11834,0
2005,3.7726e+05,-11852,0
2006,3.7729e+05,-11869,0
2007,3.7732e+05,-11885,0
2008,3.7735e+05,-11902,0
2009,3.7737e+05,-11919,0
2010,3.774e+05,-11936,0
2011,3.7743e+05,-11952,0
2012,3.7746e+05,-11969,0
2013,3.7749e+05,-11985,0
2014,3.7751e+05,-12002,0
2015,3.7754e+05,-12018,0
2016,3.7757e+05,-12035,0
2017,3.776e+05,-12051,0
2018,3.7763e+05,-12067,0
2019,3.7766e+05,-12083,0
2020,3.7768e+05,-12099,0
2021,3.7771e+05,-12115,0
2022,3.7774e+05,-12131,0
2023,3.7777e+05,-12147,0
2024,3.778e+05,-12163,0
2025,3.7783e+05,-12178,0
2026,3.7786e+05,-12194,0
2027,3.7789e+05,-12209,0
2028,3.7791e+05,-12225,0
2029,3.7794e+05,-12240,0
2030,3.7797e+05,-12256,0
2031,3.78e+05,-12271,0
2032,3.7803e+05,-12286,0
2033,3.7806e+05,-12301,0
2034,3.7809e+05,-12316,0
2035,3.7812e+05,-12331,0
2036,3.7815e+05,-12346,0
2037,3.7817e+05,-12361,0
2038,3.782e+05,-12376,0
2039,3.7823e+05,-12391,0
2040,3.7826e+05,-12405,0
2041,3.7829e+05,-12420,0
2042,3.7832e+05,-12434,0
2043,3.7835e+05,-12449,0
2044,3.7838e+05,-12463,0
2045,3.7841e+05,-12478,0
2046,3.7844e+05,-12492,0
2047,3.7847e+05,-12506,0
2048,3.785e+05,-12520,0
2049,3.7853e+05,-12534,0
2050,3.7856e+05,-12548,0
2051,3.7858e+05,-12562,0
2052,3.7861e+05,-12576,0
2053,3.7864e+05,-12589,0
2054,3.7867e+05,-12603,0
2055,3.787e+05,-12617,0
2056,3.7873e+05,-12630,0
2057,3.7876e+05,-12644,0
2058,3.7879e+05,-12657,0
2059,3.7882e+05,-12670,0
2060,3.7885e+05,-12683,0
2061,3.7888e+05,-12697,0
2062,3.7891e+05,-12710,0
2063,3.7894e+05,-12723,0
2064,3.7897e+05,-12736,0
2065,3.79e+05,-12749,0
2066,3.7903e+05,-12761,0
2067,3.7906e+05,-12774,0
2068,3.7909e+05,-12787,0
2069,3.7912e+05,-12799,0
2070,3.7915e+05,-12812,0
2071,3.7918e+05,-12824,0
2072,3.7921e+05,-12837,0
2073,3.7924e+05,-12849,0
2074,3.7927e+05,-12861,0
2075,3.793e+05,-12873,0
2076,3.7933e+05,-12885,0
2077,3.7936e+05,-12897,0
2078,3.7939e+05,-12909,0
2079,3.7942e+05,-12921,0
2080,3.7945e+05,-12933,0
2081,3.7949e+05,-12945,0
2082,3.7952e+05,-12956,0
2083,3.7955e+05,-12968,0
2084,3.7958e+05,-12979,0
2085,3.7961e+05,-12991,0
2086,3.7964e+05,-13002,0
2087,3.7967e+05,-13013,0
2088,3.797e+05,-13025,0
2089,3.7973e+05,-13036,0
2090,3.7976e+05,-13047,0
2091,3.7979e+05,-13058,0
2092,3.7982e+05,-13069,0
2093,3.7985e+05,-13079,0
2094,3.7988e+05,-13090,0
2095,3.7991e+05,-13101,0
2096,3.7995e+05,-13111,0
2097,3.7998e+05,-13122,0
2098,3.8001e+05,-13132,0
2099,3.8004e+05,-13143,0
2100,3.8007e+05,-13153,0
2101,3.801e+05,-13163,0
2102,3.8013e+05,-13174,0
2103,3.8016e+05,-13184,0
2104,3.8019e+05,-13194,0
2105,3.8022e+05,-13204,0
2106,3.8025e+05,-13214,0
2107,3.8029e+05,-13223,0
2108,3.8032e+05,-13233,0
2109,3.8035e+05,-13243,0
2110,3.8038e+05,-13252,0
2111,3.8041e+05,-13262,0
2112,3.8044e+05,-13271,0
2113,3.8047e+05,-13280,0
2114,3.805e+05,-13290,0
2115,3.8054e+05,-13299,0
2116,3.8057e+05,-13308,0
2117,3.806e+05,-13317,0
2118,3.8063e+05,-13326,0
2119,3.8066e+05,-13335,0
2120,3.8069e+05,-13344,0
2121,3.8072e+05,-13353,0
2122,3.8076e+05,-13361,0
2123,3.8079e+05,-13370,0
2124,3.8082e+05,-13378,0
2125,3.8085e+05,-13387,0
2126,3.8088e+05,-13395,0
2127,3.8091e+05,-13403,0
2128,3.8094e+05,-13412,0
2129,3.8098e+05,-13420,0
2130,3.8101e+05,-13428,0
2131,3.8104e+05,-13436,0
2132,3.8107e+05,-13444,0
2133,3.811e+05,-13452,0
2134,3.8113e+05,-13459,0
2135,3.8117e+05,-13467,0
2136,3.812e+05,-13475,0
2137,3.8123e+05,-13482,0
2138,3.8126e+05,-13490,0
2139,3.8129e+05,-13497,0
2140,3.8132e+05,-13504,0
2141,3.8136e+05,-13512,0
2142,3.8139e+05,-13519,0
2143,3.8142e+05,-13526,0
2144,3.8145e+05,-13533,0
2145,3.8148e+05,-13540,0
2146,3.8151e+05,-13547,0
2147,3.8155e+05,-13553,0
2148,3.8158e+05,-13560,0
2149,3.8161e+05,-13567,0
2150,3.8164e+05,-13573,0
2151,3.8167e+05,-13580,0
2152,3.8171e+05,-13586,0
2153,3.8174e+05,-13592,0
2154,3.8177e+05,-13599,0
2155,3.818e+05,-13605,0
2156,3.8183e+05,-13611,0
2157,3.8187e+05,-13617,0
2158,3.819e+05,-13623,0
2159,3.8193e+05,-13629,0
2160,3.8196e+05,-13634,0
2161,3.8199e+05,-13640,0
2162,3.8203e+05,-13646,0
2163,3.8206e+05,-13651,0
2164,3.8209e+05,-13657,0
2165,3.8212e+05,-13662,0
2166,3.8216e+05,-13667,0
2167,3.8219e+05,-13673,0
2168,3.8222e+05,-13678,0
2169,3.8225e+05,-13683,0
2170,3.8228e+05,-13688,0
2171,3.8232e+05,-13693,0
2172,3.8235e+05,-13698,0
2173,3.8238e+05,-13702,0
2174,3.8241e+05,-13707,0
2175,3.8245e+05,-13712,0
2176,3.8248e+05,-13716,0
2177,3.8251e+05,-13721,0
2178,3.8254e+05,-13725,0
2179,3.8257e+05,-13729,0
2180,3.8261e+05,-13734,0
2181,3.8264e+05,-13738,0
2182,3.8267e+05,-13742,0
2183,3.827e+05,-13746,0
2184,3.8274e+05,-13750,0
2185,3.8277e+05,-13754,0
2186,3.828e+05,-13757,0
2187,3.8283e+05,-13761,0
2188,3.8287e+05,-13765,0
2189,3.829e+05,-13768,0
2190,3.8293e+05,-13772,0
2191,3.8296e+05,-13775,0
2192,3.8299e+05,-13778,0
2193,3.8303e+05,-13782,0
2194,3.8306e+05,-13785,0
2195,3.8309e+05,-13788,0
2196,3.8312e+05,-13791,0
2197,3.8316e+05,-13794,0
2198,3.8319e+05,-13797,0
2199,3.8322e+05,-13799,0
2200,3.8325e+05,-13802,0
2201,3.8329e+05,-13805,0
2202,3.8332e+05,-13807,0
2203,3.8335e+05,-13810,0
2204,3.8338e+05,-13812,0
2205,3.8342e+05,-13814,0
2206,3.8345e+05,-13816,0
2207,3.8348e+05,-13819,0
2208,3.8351e+05,-13821,0
2209,3.8355e+05,-13823,0
2210,3.8358e+05,-13824,0
2211,3.8361e+05,-13826,0
2212,3.8364e+05,-13828,0
2213,3.8368e+05,-13830,0
2214,3.8371e+05,-13831,0
2215,3.8374e+05,-13833,0
2216,3.8377e+05,-13834,0
2217,3.8381e+05,-13836,0
2218,3.8384e+05,-13837,0
2219,3.8387e+05,-13838,0
2220,3.839e+05,-13839,0
2221,3.8394e+05,-13840,0
2222,3.8397e+05,-13841,0
2223,3.84e+05,-13842,0
2224,3.8404e+05,-13843,0
2225,3.8407e+05,-13844,0
2226,3.841e+05,-13844,0
2227,3.8413e+05,-13845,0
2228,3.8417e+05,-13845,0
2229,3.842e+05,-13846,0
2230,3.8423e+05,-13846,0
2231,3.8426e+05,-13846,0
2232,3.843e+05,-13846,0
2233,3.8433e+05,-13847,0
2234,3.8436e+05,-13847,0
2235,3.8439e+05,-13847,0
2236,3.8443e+05,-13846,0
2237,3.8446e+05,-13846,0
2238,3.8449e+05,-13846,0
2239,3.8452e+05,-13846,0
2240,3.8456e+05,-13845,0
2241,3.8459e+05,-13845,0
2242,3.8462e+05,-13844,0
2243,3.8465e+05,-13843,0
2244,3.8469e+05,-13843,0
2245,3.8472e+05,-13842,0
2246,3.8475e+05,-13841,0
2247,3.8478e+05,-13840,0
2248,3.8482e+05,-13839,0
2249,3.8485e+05,-13838,0
2250,3.8488e+05,-13836,0
2251,3.8492e+05,-13835,0
2252,3.8495e+05,-13834,0
2253,3.8498e+05,-13832,0
2254,3.8501e+05,-13831,0
2255,3.8505e+05,-13829,0
2256,3.8508e+05,-13827,0
2257,3.8511e+05,-13826,0
2258,3.8514e+05,-13824,0
2259,3.8518e+05,-13822,0
2260,3.8521e+05,-13820,0
2261,3.8524e+05,-13818,0
2262,3.8527e+05,-13816,0
2263,3.8531e+05,-13813,0
2264,3.8534e+05,-13811,0
2265,3.8537e+05,-13809,0
2266,3.854e+05,-13806,0
2267,3.8544e+05,-13804,0
2268,3.8547e+05,-13801,0
2269,3.855e+05,-13798,0
2270,3.8553e+05,-13796,0
2271,3.8557e+05,-13793,0
2272,3.856e+05,-13790,0
2273,3.8563e+05,-13787,0
2274,3.8566e+05,-13784,0
2275,3.857e+05,-13780,0
2276,3.8573e+05,-13777,0
2277,3.8576e+05,-13774,0
2278,3.8579e+05,-13770,0
2279,3.8583e+05,-13767,0
2280,3.8586e+05,-13763,0
2281,3.8589e+05,-13760,0
2282,3.8592e+05,-13756,0
2283,3.8595e+05,-13752,0
2284,3.8599e+05,-13748,0
2285,3.8602e+05,-13744,0
2286,3.8605e+05,-13740,0
2287,3.8608e+05,-13736,0
2288,3.8612e+05,-13732,0
2289,3.8615e+05,-13728,0
2290,3.8618e+05,-13723,0
2291,3.8621e+05,-13719,0
2292,3.8625e+05,-13715,0
2293,3.8628e+05,-13710,0
2294,3.8631e+05,-13705,0
2295,3.8634e+05,-13701,0
2296,3.8637e+05,-13696,0
2297,3.8641e+05,-13691,0
2298,3.8644e+05,-13686,0
2299,3.8647e+05,-13681,0
2300,3.865e+05,-13676,0
2301,3.8654e+05,-13671,0
2302,3.8657e+05,-13665,0
2303,3.866e+05,-13660,0
2304,3.8663e+05,-13655,0
2305,3.8666e+05,-13649,0
2306,3.867e+05,-13643,0
2307,3.8673e+05,-13638,0
2308,3.8676e+05,-13632,0
2309,3.8679e+05,-13626,0
2310,3.8683e+05,-13620,0
2311,3.8686e+05,-13614,0
2312,3.8689e+05,-13608,0
2313,3.8692e+05,-13602,0
2314,3.8695e+05,-13596,0
2315,3.8699e+05,-13590,0
2316,3.8702e+05,-13583,0
2317,3.8705e+05,-13577,0
2318,3.8708e+05,-13571,0
2319,3.8711e+05,-13564,0
2320,3.8715e+05,-13557,0
2321,3.8718e+05,-13551,0
2322,3.8721e+05,-13544,0
2323,3.8724e+05,-13537,0
2324,3.8727e+05,-13530,0
2325,3.8731e+05,-13523,0
2326,3.8734e+05,-13516,0
2327,3.8737e+05,-13509,0
2328,3.874e+05,-13501,0
2329,3.8743e+05,-13494,0
2330,3.8746e+05,-13487,0
2331,3.875e+05,-13479,0
2332,3.8753e+05,-13471,0
2333,3.8756e+05,-13464,0
2334,3.8759e+05,-13456,0
2335,3.8762e+05,-13448,0
2336,3.8765e+05,-13440,0
2337,3.8769e+05,-13432,0
2338,3.8772e+05,-13424,0
2339,3.8775e+05,-13416,0
2340,3.8778e+05,-13408,0
2341,3.8781e+05,-13400,0
2342,3.8784e+05,-13391,0
2343,3.8788e+05,-13383,0
2344,3.8791e+05,-13375,0
2345,3.8794e+05,-13366,0
2346,3.8797e+05,-13357,0
2347,3.88e+05,-13349,0
2348,3.8803e+05,-13340,0
2349,3.8806e+05,-13331,0
2350,3.881e+05,-13322,0
2351,3.8813e+05,-13313,0
2352,3.8816e+05,-13304,0
2353,3.8819e+05,-13295,0
2354,3.8822e+05,-13286,0
2355,3.8825e+05,-13276,0
2356,3.8828e+05,-13267,0
2357,3.8832e+05,-13257,0
2358,3.8835e+05,-13248,0
2359,3.8838e+05,-13238,0
2360,3.8841e+05,-13228,0
2361,3.8844e+05,-13219,0
2362,3.8847e+05,-13209,0
2363,3.885e+05,-13199,0
2364,3.8853e+05,-13189,0
2365,3.8856e+05,-13179,0
2366,3.886e+05,-13169,0
2367,3.8863e+05,-13159,0
2368,3.8866e+05,-13148,0
2369,3.8869e+05,-13138,0
2370,3.8872e+05,-13127,0
2371,3.8875e+05,-13117,0
2372,3.8878e+05,-13106,0
2373,3.8881e+05,-13096,0
2374,3.8884e+05,-13085,0
2375,3.8887e+05,-13074,0
2376,3.8891e+05,-13063,0
2377,3.8894e+05,-13052,0
2378,3.8897e+05,-13041,0
2379,3.89e+05,-13030,0
2380,3.8903e+05,-13019,0
2381,3.8906e+05,-13008,0
2382,3.8909e+05,-12996,0
2383,3.8912e+05,-12985,0
2384,3.8915e+05,-12973,0
2385,3.8918e+05,-12962,0
2386,3.8921e+05,-12950,0
2387,3.8924e+05,-12938,0
2388,3.8927e+05,-12927,0
2389,3.893e+05,-12915,0
2390,3.8933e+05,-12903,0
2391,3.8936e+05,-12891,0
2392,3.8939e+05,-12879,0
2393,3.8943e+05,-12867,0
2394,3.8946e+05,-12855,0
2395,3.8949e+05,-12842,0
2396,3.8952e+05,-12830,0
2397,3.8955e+05,-12817,0
2398,3.8958e+05,-12805,0
2399,3.8961e+05,-12792,0
2400,3.8964e+05,-12780,0
2401,3.8967e+05,-12767,0
2402,3.897e+05,-12754,0
2403,3.8973e+05,-12741,0
2404,3.8976e+05,-12728,0
2405,3.8979e+05,-12715,0
2406,3.8982e+05,-12702,0
2407,3.8985e+05,-12689,0
2408,3.8988e+05,-12676,0
2409,3.8991e+05,-12663,0
2410,3.8994e+05,-12649,0
2411,3.8997e+05,-12636,0
2412,3.9e+05,-12622,0
2413,3.9003e+05,-12609,0
2414,3.9006e+05,-12595,0
2415,3.9009e+05,-12581,0
2416,3.9012e+05,-12567,0
2417,3.9015e+05,-12553,0
2418,3.9018e+05,-12540,0
2419,3.902e+05,-12525,0
2420,3.9023e+05,-12511,0
2421,3.9026e+05,-12497,0
2422,3.9029e+05,-12483,0
2423,3.9032e+05,-12469,0
2424,3.9035e+05,-12454,0
2425,3.9038e+05,-12440,0
2426,3.9041e+05,-12425,0
2427,3.9044e+05,-12411,0
2428,3.9047e+05,-12396,0
2429,3.905e+05,-12381,0
2430,3.9053e+05,-12367,0
2431,3.9056e+05,-12352,0
2432,3.9059e+05,-12337,0
2433,3.9062e+05,-12322,0
2434,3.9064e+05,-12307,0
2435,3.9067e+05,-12291,0
2436,3.907e+05,-12276,0
2437,3.9073e+05,-12261,0
2438,3.9076e+05,-12246,0
2439,3.9079e+05,-12230,0
2440,3.9082e+05,-12215,0
2441,3.9085e+05,-12199,0
2442,3.9088e+05,-12183,0
2443,3.909e+05,-12168,0
2444,3.9093e+05,-12152,0
2445,3.9096e+05,-12136,0
2446,3.9099e+05,-12120,0
2447,3.9102e+05,-12104,0
2448,3.9105e+05,-12088,0
2449,3.9108e+05,-12072,0
2450,3.911e+05,-12056,0
2451,3.9113e+05,-12039,0
2452,3.9116e+05,-12023,0
2453,3.9119e+05,-12007,0
2454,3.9122e+05,-11990,0
2455,3.9125e+05,-11974,0
2456,3.9127e+05,-11957,0
2457,3.913e+05,-11940,0
2458,3.9133e+05,-11924,0
2459,3.9136e+05,-11907,0
2460,3.9139e+05,-11890,0
2461,3.9142e+05,-11873,0
2462,3.9144e+05,-11856,0
2463,3.9147e+05,-11839,0
2464,3.915e+05,-11822,0
2465,3.9153e+05,-11805,0
2466,3.9156e+05,-11787,0
2467,3.9158e+05,-11770,0
2468,3.9161e+05,-11752,0
2469,3.9164e+05,-11735,0
2470,3.9167e+05,-11717,0
2471,3.9169e+05,-11700,0
2472,3.9172e+05,-11682,0
2473,3.9175e+05,-11664,0
2474,3.9178e+05,-11646,0
2475,3.918e+05,-11629,0
2476,3.9183e+05,-11611,0
2477,3.9186e+05,-11593,0
2478,3.9189e+05,-11575,0
2479,3.9191e+05,-11556,0
2480,3.9194e+05,-11538,0
2481,3.9197e+05,-11520,0
2482,3.92e+05,-11501,0
2483,3.9202e+05,-11483,0
2484,3.9205e+05,-11465,0
2485,3.9208e+05,-11446,0
2486,3.921e+05,-11427,0
2487,3.9213e+05,-11409,0
2488,3.9216e+05,-11390,0
2489,3.9219e+05,-11371,0
2490,3.9221e+05,-11352,0
2491,3.9224e+05,-11333,0
2492,3.9227e+05,-11314,0
2493,3.9229e+05,-11295,0
2494,3.9232e+05,-11276,0
2495,3.9235e+05,-11257,0
2496,3.9237e+05,-11238,0
2497,3.924e+05,-11218,0
2498,3.9243e+05,-11199,0
2499,3.9245e+05,-11179,0
2500,3.9248e+05,-11160,0
2501,3.925e+05,-11140,0
2502,3.9253e+05,-11121,0
2503,3.9256e+05,-11101,0
2504,3.9258e+05,-11081,0
2505,3.9261e+05,-11061,0
2506,3.9264e+05,-11041,0
2507,3.9266e+05,-11021,0
2508,3.9269e+05,-11001,0
2509,3.9271e+05,-10981,0
2510,3.9274e+05,-10961,0
2511,3.9277e+05,-10941,0
2512,3.9279e+05,-10921,0
2513,3.9282e+05,-10900,0
2514,3.9284e+05,-10880,0
2515,3.9287e+05,-10859,0
2516,3.9289e+05,-10839,0
2517,3.9292e+05,-10818,0
2518,3.9295e+05,-10798,0
2519,3.9297e+05,-10777,0
2520,3.93e+05,-10756,0
2521,3.9302e+05,-10735,0
2522,3.9305e+05,-10714,0
2523,3.9307e+05,-10693,0
2524,3.931e+05,-10672,0
2525,3.9312e+05,-10651,0
2526,3.9315e+05,-10630,0
2527,3.9317e+05,-10609,0
2528,3.932e+05,-10588,0
2529,3.9322e+05,-10566,0
2530,3.9325e+05,-10545,0
2531,3.9327e+05,-10523,0
2532,3.933e+05,-10502,0
2533,3.9332e+05,-10480,0
2534,3.9335e+05,-10459,0
2535,3.9337e+05,-10437,0
2536,3.934e+05,-10415,0
2537,3.9342e+05,-10393,0
2538,3.9345e+05,-10371,0
2539,3.9347e+05,-10349,0
2540,3.935e+05,-10327,0
2541,3.9352e+05,-10305,0
2542,3.9354e+05,-10283,0
2543,3.9357e+05,-10261,0
2544,3.9359e+05,-10239,0
2545,3.9362e+05,-10217,0
2546,3.9364e+05,-10194,0
2547,3.9367e+05,-10172,0
2548,3.9369e+05,-10149,0
2549,3.9371e+05,-10127,0
2550,3.9374e+05,-10104,0
2551,3.9376e+05,-10082,0
2552,3.9379e+05,-10059,0
2553,3.9381e+05,-10036,0
2554,3.9383e+05,-10013,0
2555,3.9386e+05,-9990.4,0
2556,3.9388e+05,-9967.4,0
2557,3.939e+05,-9944.4,0
2558,3.9393e+05,-9921.4,0
2559,3.9395e+05,-9898.3,0
2560,3.9397e+05,-9875.1,0
2561,3.94e+05,-9851.9,0
2562,3.9402e+05,-9828.6,0
2563,3.9404e+05,-9805.3,0
2564,3.9407e+05,-9781.9,0
2565,3.9409e+05,-9758.4,0
2566,3.9411e+05,-9734.9,0
2567,3.9414e+05,-9711.4,0
2568,3.9416e+05,-9687.7,0
2569,3.9418e+05,-9664.1,0
2570,3.9421e+05,-9640.3,0
2571,3.9423e+05,-9616.6,0
2572,3.9425e+05,-9592.7,0
2573,3.9427e+05,-9568.8,0
2574,3.943e+05,-9544.9,0
2575,3.9432e+05,-9520.9,0
2576,3.9434e+05,-9496.8,0
2577,3.9436e+05,-9472.7,0
2578,3.9439e+05,-9448.5,0
2579,3.9441e+05,-9424.3,0
2580,3.9443e+05,-9400,0
2581,3.9445e+05,-9375.7,0
2582,3.9448e+05,-9351.3,0
2583,3.945e+05,-9326.8,0
2584,3.9452e+05,-9302.3,0
2585,3.9454e+05,-9277.8,0
2586,3.9456e+05,-9253.2,0
2587,3.9459e+05,-9228.5,0
2588,3.9461e+05,-9203.8,0
2589,3.9463e+05,-9179.1,0
2590,3.9465e+05,-9154.2,0
2591,3.9467e+05,-9129.4,0
2592,3.9469e+05,-9104.5,0
2593,3.9472e+05,-9079.5,0
2594,3.9474e+05,-9054.5,0
2595,3.9476e+05,-9029.4,0
2596,3.9478e+05,-9004.2,0
2597,3.948e+05,-8979.1,0
2598,3.9482e+05,-8953.8,0
2599,3.9484e+05,-8928.5,0
2600,3.9487e+05,-8903.2,0
2601,3.9489e+05,-8877.8,0
2602,3.9491e+05,-8852.4,0
2603,3.9493e+05,-8826.9,0
2604,3.9495e+05,-8801.3,0
2605,3.9497e+05,-8775.7,0
2606,3.9499e+05,-8750.1,0
2607,3.9501e+05,-8724.4,0
2608,3.9503e+05,-8698.6,0
2609,3.9505e+05,-8672.8,0
2610,3.9507e+05,-8647,0
2611,3.9509e+05,-8621.1,0
2612,3.9511e+05,-8595.1,0
2613,3.9513e+05,-8569.1,0
2614,3.9515e+05,-8543.1,0
2615,3.9518e+05,-8517,0
2616,3.952e+05,-8490.9,0
2617,3.9522e+05,-8464.7,0
2618,3.9524e+05,-8438.4,0
2619,3.9526e+05,-8412.1,0
2620,3.9528e+05,-8385.8,0
2621,3.953e+05,-8359.4,0
2622,3.9532e+05,-8332.9,0
2623,3.9533e+05,-8306.5,0
2624,3.9535e+05,-8279.9,0
2625,3.9537e+05,-8253.3,0
2626,3.9539e+05,-8226.7,0
2627,3.9541e+05,-8200,0
2628,3.9543e+05,-8173.3,0
2629,3.9545e+05,-8146.5,0
2630,3.9547e+05,-8119.7,0
2631,3.9549e+05,-8092.8,0
2632,3.9551e+05,-8065.9,0
2633,3.9553e+05,-8039,0
2634,3.9555e+05,-8012,0
2635,3.9557e+05,-7984.9,0
