0,3.707e+05,-6486.1,0
1,3.7068e+05,-6453.5,0
2,3.7067e+05,-6420.9,0
3,3.7065e+05,-6388.2,0
4,3.7064e+05,-6355.5,0
5,3.7062e+05,-6322.8,0
6,3.7061e+05,-6290,0
7,3.7059e+05,-6257.2,0
8,3.7058e+05,-6224.4,0
9,3.7056e+05,-6191.5,0
10,3.7055e+05,-6158.6,0
11,3.7054e+05,-6125.7,0
12,3.7052e+05,-6092.7,0
13,3.7051e+05,-6059.7,0
14,3.7049e+05,-6026.6,0
15,3.7048e+05,-5993.6,0
16,3.7047e+05,-5960.5,0
17,3.7045e+05,-5927.3,0
18,3.7044e+05,-5894.1,0
19,3.7042e+05,-5860.9,0
20,3.7041e+05,-5827.7,0
21,3.704e+05,-5794.4,0
22,3.7038e+05,-5761.1,0
23,3.7037e+05,-5727.8,0
24,3.7036e+05,-5694.4,0
25,3.7034e+05,-5661,0
26,3.7033e+05,-5627.6,0
27,3.7032e+05,-5594.1,0
28,3.703e+05,-5560.6,0
29,3.7029e+05,-5527.1,0
30,3.7028e+05,-5493.5,0
31,3.7027e+05,-5459.9,0
32,3.7025e+05,-5426.3,0
33,3.7024e+05,-5392.6,0
34,3.7023e+05,-5359,0
35,3.7022e+05,-5325.2,0
36,3.702e+05,-5291.5,0
37,3.7019e+05,-5257.7,0
38,3.7018e+05,-5223.9,0
39,3.7017e+05,-5190.1,0
40,3.7015e+05,-5156.2,0
41,3.7014e+05,-5122.4,0
42,3.7013e+05,-5088.4,0
43,3.7012e+05,-5054.5,0
44,3.7011e+05,-5020.5,0
45,3.7009e+05,-4986.5,0
46,3.7008e+05,-4952.5,0
47,3.7007e+05,-4918.4,0
48,3.7006e+05,-4884.3,0
49,3.7005e+05,-4850.2,0
50,3.7004e+05,-4816.1,0
51,3.7003e+05,-4781.9,0
52,3.7002e+05,-4747.7,0
53,3.7e+05,-4713.5,0
54,3.6999e+05,-4679.3,0
55,3.6998e+05,-4645,0
56,3.6997e+05,-4610.7,0
57,3.6996e+05,-4576.4,0
58,3.6995e+05,-4542,0
59,3.6994e+05,-4507.6,0
60,3.6993e+05,-4473.2,0
61,3.6992e+05,-4438.8,0
62,3.6991e+05,-4404.4,0
63,3.699e+05,-4369.9,0
64,3.6989e+05,-4335.4,0
65,3.6988e+05,-4300.9,0
66,3.6987e+05,-4266.3,0
67,3.6986e+05,-4231.8,0
68,3.6985e+05,-4197.2,0
69,3.6984e+05,-4162.5,0
70,3.6983e+05,-4127.9,0
71,3.6982e+05,-4093.2,0
72,3.6981e+05,-4058.5,0
73,3.698e+05,-4023.8,0
74,3.6979e+05,-3989.1,0
75,3.6978e+05,-3954.3,0
76,3.6977e+05,-3919.6,0
77,3.6976e+05,-3884.8,0
78,3.6975e+05,-3849.9,0
79,3.6975e+05,-3815.1,0
80,3.6974e+05,-3780.2,0
81,3.6973e+05,-3745.3,0
82,3.6972e+05,-3710.4,0
83,3.6971e+05,-3675.5,0
84,3.697e+05,-3640.5,0
85,3.6969e+05,-3605.6,0
86,3.6969e+05,-3570.6,0
87,3.6968e+05,-3535.6,0
88,3.6967e+05,-3500.5,0
89,3.6966e+05,-3465.5,0
90,3.6965e+05,-3430.4,0
91,3.6964e+05,-3395.3,0
92,3.6964e+05,-3360.2,0
93,3.6963e+05,-3325.1,0
94,3.6962e+05,-3290,0
95,3.6961e+05,-3254.8,0
96,3.6961e+05,-3219.6,0
97,3.696e+05,-3184.4,0
98,3.6959e+05,-3149.2,0
99,3.6958e+05,-3114,0
100,3.6958e+05,-3078.7,0
101,3.6957e+05,-3043.4,0
102,3.6956e+05,-3008.1,0
103,3.6956e+05,-2972.8,0
104,3.6955e+05,-2937.5,0
105,3.6954e+05,-2902.2,0
106,3.6953e+05,-2866.8,0
107,3.6953e+05,-2831.5,0
108,3.6952e+05,-2796.1,0
109,3.6952e+05,-2760.7,0
110,3.6951e+05,-2725.3,0
111,3.695e+05,-2689.8,0
112,3.695e+05,-2654.4,0
113,3.6949e+05,-2618.9,0
114,3.6948e+05,-2583.4,0
115,3.6948e+05,-2547.9,0
116,3.6947e+05,-2512.4,0
117,3.6947e+05,-2476.9,0
118,3.6946e+05,-2441.4,0
119,3.6945e+05,-2405.8,0
120,3.6945e+05,-2370.3,0
121,3.6944e+05,-2334.7,0
122,3.6944e+05,-2299.1,0
123,3.6943e+05,-2263.5,0
124,3.6943e+05,-2227.9,0
125,3.6942e+05,-2192.3,0
126,3.6942e+05,-2156.6,0
127,3.6941e+05,-2121,0
128,3.6941e+05,-2085.3,0
129,3.694e+05,-2049.6,0
130,3.694e+05,-2014,0
131,3.6939e+05,-1978.3,0
132,3.6939e+05,-1942.6,0
133,3.6938e+05,-1906.8,0
134,3.6938e+05,-1871.1,0
135,3.6938e+05,-1835.4,0
136,3.6937e+05,-1799.6,0
137,3.6937e+05,-1763.9,0
138,3.6936e+05,-1728.1,0
139,3.6936e+05,-1692.3,0
140,3.6936e+05,-1656.5,0
141,3.6935e+05,-1620.7,0
142,3.6935e+05,-1584.9,0
143,3.6934e+05,-1549.1,0
144,3.6934e+05,-1513.3,0
145,3.6934e+05,-1477.4,0
146,3.6933e+05,-1441.6,0
147,3.6933e+05,-1405.7,0
148,3.6933e+05,-1369.9,0
149,3.6932e+05,-1334,0
150,3.6932e+05,-1298.1,0
151,3.6932e+05,-1262.3,0
152,3.6931e+05,-1226.4,0
153,3.6931e+05,-1190.5,0
154,3.6931e+05,-1154.6,0
155,3.6931e+05,-1118.7,0
156,3.693e+05,-1082.8,0
157,3.693e+05,-1046.8,0
158,3.693e+05,-1010.9,0
159,3.693e+05,-974.98,0
160,3.6929e+05,-939.04,0
161,3.6929e+05,-903.1,0
162,3.6929e+05,-867.15,0
163,3.6929e+05,-831.2,0
164,3.6929e+05,-795.24,0
165,3.6928e+05,-759.28,0
166,3.6928e+05,-723.31,0
167,3.6928e+05,-687.34,0
168,3.6928e+05,-651.37,0
169,3.6928e+05,-615.39,0
170,3.6928e+05,-579.41,0
171,3.6928e+05,-543.42,0
172,3.6927e+05,-507.44,0
173,3.6927e+05,-471.45,0
174,3.6927e+05,-435.45,0
175,3.6927e+05,-399.46,0
176,3.6927e+05,-363.46,0
177,3.6927e+05,-327.46,0
178,3.6927e+05,-291.46,0
179,3.6927e+05,-255.45,0
180,3.6927e+05,-219.45,0
181,3.6927e+05,-183.44,0
182,3.6927e+05,-147.44,0
183,3.6927e+05,-111.43,0
184,3.6927e+05,-75.421,0
185,3.6927e+05,-39.413,0
186,3.6927e+05,-3.4037,0
187,3.6927e+05,32.605,0
188,3.6927e+05,68.614,0
189,3.6927e+05,104.62,0
190,3.6927e+05,140.63,0
191,3.6927e+05,176.64,0
192,3.6927e+05,212.64,0
193,3.6927e+05,248.65,0
194,3.6927e+05,284.65,0
195,3.6927e+05,320.65,0
196,3.6927e+05,356.65,0
197,3.6927e+05,392.65,0
198,3.6927e+05,428.65,0
199,3.6927e+05,464.64,0
200,3.6927e+05,500.63,0
201,3.6928e+05,536.62,0
202,3.6928e+05,572.6,0
203,3.6928e+05,608.59,0
204,3.6928e+05,644.57,0
205,3.6928e+05,680.54,0
206,3.6928e+05,716.51,0
207,3.6928e+05,752.48,0
208,3.6929e+05,788.44,0
209,3.6929e+05,824.4,0
210,3.6929e+05,860.35,0
211,3.6929e+05,896.3,0
212,3.6929e+05,932.24,0
213,3.693e+05,968.18,0
214,3.693e+05,1004.1,0
215,3.693e+05,1040,0
216,3.693e+05,1076,0
217,3.6931e+05,1111.9,0
218,3.6931e+05,1147.8,0
219,3.6931e+05,1183.7,0
220,3.6931e+05,1219.6,0
221,3.6932e+05,1255.5,0
222,3.6932e+05,1291.4,0
223,3.6932e+05,1327.2,0
224,3.6933e+05,1363.1,0
225,3.6933e+05,1399,0
226,3.6933e+05,1434.8,0
227,3.6934e+05,1470.7,0
228,3.6934e+05,1506.5,0
229,3.6934e+05,1542.3,0
230,3.6935e+05,1578.1,0
231,3.6935e+05,1613.9,0
232,3.6935e+05,1649.7,0
233,3.6936e+05,1685.5,0
234,3.6936e+05,1721.3,0
235,3.6937e+05,1757.1,0
236,3.6937e+05,1792.9,0
237,3.6937e+05,1828.6,0
238,3.6938e+05,1864.4,0
239,3.6938e+05,1900.1,0
240,3.6939e+05,1935.8,0
241,3.6939e+05,1971.5,0
242,3.694e+05,2007.2,0
243,3.694e+05,2042.9,0
244,3.6941e+05,2078.6,0
245,3.6941e+05,2114.2,0
246,3.6942e+05,2149.9,0
247,3.6942e+05,2185.5,0
248,3.6943e+05,2221.2,0
249,3.6943e+05,2256.8,0
250,3.6944e+05,2292.4,0
251,3.6944e+05,2328,0
252,3.6945e+05,2363.5,0
253,3.6945e+05,2399.1,0
254,3.6946e+05,2434.7,0
255,3.6947e+05,2470.2,0
256,3.6947e+05,2505.7,0
257,3.6948e+05,2541.2,0
258,3.6948e+05,2576.7,0
259,3.6949e+05,2612.2,0
260,3.695e+05,2647.7,0
261,3.695e+05,2683.1,0
262,3.6951e+05,2718.6,0
263,3.6951e+05,2754,0
264,3.6952e+05,2789.4,0
265,3.6953e+05,2824.8,0
266,3.6953e+05,2860.1,0
267,3.6954e+05,2895.5,0
268,3.6955e+05,2930.8,0
269,3.6955e+05,2966.2,0
270,3.6956e+05,3001.5,0
271,3.6957e+05,3036.8,0
272,3.6958e+05,3072,0
273,3.6958e+05,3107.3,0
274,3.6959e+05,3142.5,0
275,3.696e+05,3177.8,0
276,3.696e+05,3213,0
277,3.6961e+05,3248.1,0
278,3.6962e+05,3283.3,0
279,3.6963e+05,3318.5,0
280,3.6964e+05,3353.6,0
281,3.6964e+05,3388.7,0
282,3.6965e+05,3423.8,0
283,3.6966e+05,3458.9,0
284,3.6967e+05,3493.9,0
285,3.6968e+05,3529,0
286,3.6968e+05,3564,0
287,3.6969e+05,3599,0
288,3.697e+05,3633.9,0
289,3.6971e+05,3668.9,0
290,3.6972e+05,3703.8,0
291,3.6973e+05,3738.7,0
292,3.6974e+05,3773.6,0
293,3.6974e+05,3808.5,0
294,3.6975e+05,3843.3,0
295,3.6976e+05,3878.2,0
296,3.6977e+05,3913,0
297,3.6978e+05,3947.8,0
298,3.6979e+05,3982.5,0
299,3.698e+05,4017.3,0
300,3.6981e+05,4052,0
301,3.6982e+05,4086.7,0
302,3.6983e+05,4121.3,0
303,3.6984e+05,4156,0
304,3.6985e+05,4190.6,0
305,3.6986e+05,4225.2,0
306,3.6987e+05,4259.8,0
307,3.6988e+05,4294.3,0
308,3.6989e+05,4328.9,0
309,3.699e+05,4363.4,0
310,3.6991e+05,4397.9,0
311,3.6992e+05,4432.3,0
312,3.6993e+05,4466.7,0
313,3.6994e+05,4501.1,0
314,3.6995e+05,4535.5,0
315,3.6996e+05,4569.9,0
316,3.6997e+05,4604.2,0
317,3.6998e+05,4638.5,0
318,3.6999e+05,4672.8,0
319,3.7e+05,4707,0
320,3.7001e+05,4741.3,0
321,3.7002e+05,4775.5,0
322,3.7004e+05,4809.6,0
323,3.7005e+05,4843.8,0
324,3.7006e+05,4877.9,0
325,3.7007e+05,4912,0
326,3.7008e+05,4946.1,0
327,3.7009e+05,4980.1,0
328,3.701e+05,5014.1,0
329,3.7012e+05,5048.1,0
330,3.7013e+05,5082,0
331,3.7014e+05,5115.9,0
332,3.7015e+05,5149.8,0
333,3.7016e+05,5183.7,0
334,3.7018e+05,5217.5,0
335,3.7019e+05,5251.3,0
336,3.702e+05,5285.1,0
337,3.7021e+05,5318.9,0
338,3.7023e+05,5352.6,0
339,3.7024e+05,5386.3,0
340,3.7025e+05,5419.9,0
341,3.7026e+05,5453.6,0
342,3.7028e+05,5487.2,0
343,3.7029e+05,5520.7,0
344,3.703e+05,5554.3,0
345,3.7031e+05,5587.8,0
346,3.7033e+05,5621.2,0
347,3.7034e+05,5654.7,0
348,3.7035e+05,5688.1,0
349,3.7037e+05,5721.5,0
350,3.7038e+05,5754.8,0
351,3.7039e+05,5788.1,0
352,3.7041e+05,5821.4,0
353,3.7042e+05,5854.6,0
354,3.7044e+05,5887.9,0
355,3.7045e+05,5921,0
356,3.7046e+05,5954.2,0
357,3.7048e+05,5987.3,0
358,3.7049e+05,6020.4,0
359,3.705e+05,6053.4,0
360,3.7052e+05,6086.5,0
361,3.7053e+05,6119.4,0
362,3.7055e+05,6152.4,0
363,3.7056e+05,6185.3,0
364,3.7058e+05,6218.2,0
365,3.7059e+05,6251,0
366,3.7061e+05,6283.8,0
367,3.7062e+05,6316.6,0
368,3.7064e+05,6349.3,0
369,3.7065e+05,6382,0
370,3.7066e+05,6414.7,0
371,3.7068e+05,6447.3,0
372,3.7069e+05,6479.9,0
373,3.7071e+05,6512.5,0
374,3.7073e+05,6545,0
375,3.7074e+05,6577.5,0
376,3.7076e+05,6609.9,0
377,3.7077e+05,6642.3,0
378,3.7079e+05,6674.7,0
379,3.708e+05,6707,0
380,3.7082e+05,6739.3,0
381,3.7083e+05,6771.6,0
382,3.7085e+05,6803.8,0
383,3.7087e+05,6836,0
384,3.7088e+05,6868.2,0
385,3.709e+05,6900.3,0
386,3.7091e+05,6932.3,0
387,3.7093e+05,6964.4,0
388,3.7095e+05,6996.4,0
389,3.7096e+05,7028.3,0
390,3.7098e+05,7060.2,0
391,3.71e+05,7092.1,0
392,3.7101e+05,7123.9,0
393,3.7103e+05,7155.7,0
394,3.7105e+05,7187.5,0
395,3.7106e+05,7219.2,0
396,3.7108e+05,7250.9,0
397,3.711e+05,7282.5,0
398,3.7111e+05,7314.1,0
399,3.7113e+05,7345.6,0
400,3.7115e+05,7377.2,0
401,3.7116e+05,7408.6,0
402,3.7118e+05,7440.1,0
403,3.712e+05,7471.4,0
404,3.7122e+05,7502.8,0
405,3.7123e+05,7534.1,0
406,3.7125e+05,7565.4,0
407,3.7127e+05,7596.6,0
408,3.7129e+05,7627.7,0
409,3.7131e+05,7658.9,0
410,3.7132e+05,7690,0
411,3.7134e+05,7721,0
412,3.7136e+05,7752,0
413,3.7138e+05,7783,0
414,3.714e+05,7813.9,0
415,3.7141e+05,7844.8,0
416,3.7143e+05,7875.6,0
417,3.7145e+05,7906.4,0
418,3.7147e+05,7937.1,0
419,3.7149e+05,7967.8,0
420,3.7151e+05,7998.5,0
421,3.7152e+05,8029.1,0
422,3.7154e+05,8059.7,0
423,3.7156e+05,8090.2,0
424,3.7158e+05,8120.7,0
425,3.716e+05,8151.1,0
426,3.7162e+05,8181.5,0
427,3.7164e+05,8211.8,0
428,3.7166e+05,8242.1,0
429,3.7168e+05,8272.3,0
430,3.717e+05,8302.5,0
431,3.7172e+05,8332.7,0
432,3.7173e+05,8362.8,0
433,3.7175e+05,8392.9,0
434,3.7177e+05,8422.9,0
435,3.7179e+05,8452.8,0
436,3.7181e+05,8482.8,0
437,3.7183e+05,8512.6,0
438,3.7185e+05,8542.5,0
439,3.7187e+05,8572.2,0
440,3.7189e+05,8602,0
441,3.7191e+05,8631.6,0
442,3.7193e+05,8661.3,0
443,3.7195e+05,8690.9,0
444,3.7197e+05,8720.4,0
445,3.7199e+05,8749.9,0
446,3.7201e+05,8779.3,0
447,3.7204e+05,8808.7,0
448,3.7206e+05,8838.1,0
449,3.7208e+05,8867.4,0
450,3.721e+05,8896.6,0
451,3.7212e+05,8925.8,0
452,3.7214e+05,8954.9,0
453,3.7216e+05,8984,0
454,3.7218e+05,9013.1,0
455,3.722e+05,9042.1,0
456,3.7222e+05,9071,0
457,3.7224e+05,9099.9,0
458,3.7226e+05,9128.7,0
459,3.7229e+05,9157.5,0
460,3.7231e+05,9186.3,0
461,3.7233e+05,9215,0
462,3.7235e+05,9243.6,0
463,3.7237e+05,9272.2,0
464,3.7239e+05,9300.7,0
465,3.7242e+05,9329.2,0
466,3.7244e+05,9357.6,0
467,3.7246e+05,9386,0
468,3.7248e+05,9414.3,0
469,3.725e+05,9442.6,0
470,3.7252e+05,9470.8,0
471,3.7255e+05,9499,0
472,3.7257e+05,9527.1,0
473,3.7259e+05,9555.2,0
474,3.7261e+05,9583.2,0
475,3.7264e+05,9611.1,0
476,3.7266e+05,9639,0
477,3.7268e+05,9666.9,0
478,3.727e+05,9694.7,0
479,3.7273e+05,9722.4,0
480,3.7275e+05,9750.1,0
481,3.7277e+05,9777.7,0
482,3.7279e+05,9805.3,0
483,3.7282e+05,9832.8,0
484,3.7284e+05,9860.3,0
485,3.7286e+05,9887.7,0
486,3.7289e+05,9915.1,0
487,3.7291e+05,9942.4,0
488,3.7293e+05,9969.6,0
489,3.7296e+05,9996.8,0
490,3.7298e+05,10024,0
491,3.73e+05,10051,0
492,3.7303e+05,10078,0
493,3.7305e+05,10105,0
494,3.7307e+05,10132,0
495,3.731e+05,10159,0
496,3.7312e+05,10186,0
497,3.7314e+05,10212,0
498,3.7317e+05,10239,0
499,3.7319e+05,10266,0
500,3.7322e+05,10292,0
501,3.7324e+05,10319,0
502,3.7326e+05,10345,0
503,3.7329e+05,10372,0
504,3.7331e+05,10398,0
505,3.7334e+05,10424,0
506,3.7336e+05,10450,0
507,3.7338e+05,10477,0
508,3.7341e+05,10503,0
509,3.7343e+05,10529,0
510,3.7346e+05,10555,0
511,3.7348e+05,10581,0
512,3.7351e+05,10607,0
513,3.7353e+05,10632,0
514,3.7356e+05,10658,0
515,3.7358e+05,10684,0
516,3.7361e+05,10710,0
517,3.7363e+05,10735,0
518,3.7366e+05,10761,0
519,3.7368e+05,10786,0
520,3.7371e+05,10812,0
521,3.7373e+05,10837,0
522,3.7376e+05,10862,0
523,3.7378e+05,10887,0
524,3.7381e+05,10913,0
525,3.7383e+05,10938,0
526,3.7386e+05,10963,0
527,3.7388e+05,10988,0
528,3.7391e+05,11013,0
529,3.7394e+05,11037,0
530,3.7396e+05,11062,0
531,3.7399e+05,11087,0
532,3.7401e+05,11112,0
533,3.7404e+05,11136,0
534,3.7407e+05,11161,0
535,3.7409e+05,11185,0
536,3.7412e+05,11210,0
537,3.7414e+05,11234,0
538,3.7417e+05,11258,0
539,3.742e+05,11283,0
540,3.7422e+05,11307,0
541,3.7425e+05,11331,0
542,3.7427e+05,11355,0
543,3.743e+05,11379,0
544,3.7433e+05,11403,0
545,3.7435e+05,11427,0
546,3.7438e+05,11451,0
547,3.7441e+05,11474,0
548,3.7443e+05,11498,0
549,3.7446e+05,11522,0
550,3.7449e+05,11545,0
551,3.7451e+05,11569,0
552,3.7454e+05,11592,0
553,3.7457e+05,11615,0
554,3.746e+05,11639,0
555,3.7462e+05,11662,0
556,3.7465e+05,11685,0
557,3.7468e+05,11708,0
558,3.747e+05,11731,0
559,3.7473e+05,11754,0
560,3.7476e+05,11777,0
561,3.7479e+05,11800,0
562,3.7481e+05,11823,0
563,3.7484e+05,11845,0
564,3.7487e+05,11868,0
565,3.749e+05,11891,0
566,3.7492e+05,11913,0
567,3.7495e+05,11936,0
568,3.7498e+05,11958,0
569,3.7501e+05,11980,0
570,3.7504e+05,12002,0
571,3.7506e+05,12025,0
572,3.7509e+05,12047,0
573,3.7512e+05,12069,0
574,3.7515e+05,12091,0
575,3.7518e+05,12113,0
576,3.752e+05,12135,0
577,3.7523e+05,12156,0
578,3.7526e+05,12178,0
579,3.7529e+05,12200,0
580,3.7532e+05,12221,0
581,3.7535e+05,12243,0
582,3.7537e+05,12264,0
583,3.754e+05,12286,0
584,3.7543e+05,12307,0
585,3.7546e+05,12328,0
586,3.7549e+05,12349,0
587,3.7552e+05,12370,0
588,3.7555e+05,12391,0
589,3.7558e+05,12412,0
590,3.756e+05,12433,0
591,3.7563e+05,12454,0
592,3.7566e+05,12475,0
593,3.7569e+05,12495,0
594,3.7572e+05,12516,0
595,3.7575e+05,12537,0
596,3.7578e+05,12557,0
597,3.7581e+05,12578,0
598,3.7584e+05,12598,0
599,3.7587e+05,12618,0
600,3.759e+05,12638,0
601,3.7592e+05,12658,0
602,3.7595e+05,12679,0
603,3.7598e+05,12699,0
604,3.7601e+05,12718,0
605,3.7604e+05,12738,0
606,3.7607e+05,12758,0
607,3.761e+05,12778,0
608,3.7613e+05,12797,0
609,3.7616e+05,12817,0
610,3.7619e+05,12836,0
611,3.7622e+05,12856,0
612,3.7625e+05,12875,0
613,3.7628e+05,12895,0
614,3.7631e+05,12914,0
615,3.7634e+05,12933,0
616,3.7637e+05,12952,0
617,3.764e+05,12971,0
618,3.7643e+05,12990,0
619,3.7646e+05,13009,0
620,3.7649e+05,13028,0
621,3.7652e+05,13046,0
622,3.7655e+05,13065,0
623,3.7658e+05,13083,0
624,3.7661e+05,13102,0
625,3.7664e+05,13120,0
626,3.7667e+05,13139,0
627,3.7671e+05,13157,0
628,3.7674e+05,13175,0
629,3.7677e+05,13193,0
630,3.768e+05,13211,0
631,3.7683e+05,13229,0
632,3.7686e+05,13247,0
633,3.7689e+05,13265,0
634,3.7692e+05,13283,0
635,3.7695e+05,13301,0
636,3.7698e+05,13318,0
637,3.7701e+05,13336,0
638,3.7704e+05,13353,0
639,3.7708e+05,13371,0
640,3.7711e+05,13388,0
641,3.7714e+05,13405,0
642,3.7717e+05,13423,0
643,3.772e+05,13440,0
644,3.7723e+05,13457,0
645,3.7726e+05,13474,0
646,3.7729e+05,13490,0
647,3.7732e+05,13507,0
648,3.7736e+05,13524,0
649,3.7739e+05,13541,0
650,3.7742e+05,13557,0
651,3.7745e+05,13574,0
652,3.7748e+05,13590,0
653,3.7751e+05,13607,0
654,3.7755e+05,13623,0
655,3.7758e+05,13639,0
656,3.7761e+05,13655,0
657,3.7764e+05,13671,0
658,3.7767e+05,13687,0
659,3.777e+05,13703,0
660,3.7774e+05,13719,0
661,3.7777e+05,13735,0
662,3.778e+05,13751,0
663,3.7783e+05,13766,0
664,3.7786e+05,13782,0
665,3.779e+05,13797,0
666,3.7793e+05,13813,0
667,3.7796e+05,13828,0
668,3.7799e+05,13843,0
669,3.7802e+05,13858,0
670,3.7806e+05,13873,0
671,3.7809e+05,13888,0
672,3.7812e+05,13903,0
673,3.7815e+05,13918,0
674,3.7819e+05,13933,0
675,3.7822e+05,13948,0
676,3.7825e+05,13962,0
677,3.7828e+05,13977,0
678,3.7832e+05,13991,0
679,3.7835e+05,14006,0
680,3.7838e+05,14020,0
681,3.7841e+05,14034,0
682,3.7845e+05,14048,0
683,3.7848e+05,14062,0
684,3.7851e+05,14076,0
685,3.7854e+05,14090,0
686,3.7858e+05,14104,0
687,3.7861e+05,14118,0
688,3.7864e+05,14132,0
689,3.7867e+05,14145,0
690,3.7871e+05,14159,0
691,3.7874e+05,14172,0
692,3.7877e+05,14186,0
693,3.7881e+05,14199,0
694,3.7884e+05,14212,0
695,3.7887e+05,14225,0
696,3.7891e+05,14238,0
697,3.7894e+05,14251,0
698,3.7897e+05,14264,0
699,3.79e+05,14277,0
700,3.7904e+05,14290,0
701,3.7907e+05,14303,0
702,3.791e+05,14315,0
703,3.7914e+05,14328,0
704,3.7917e+05,14340,0
705,3.792e+05,14352,0
706,3.7924e+05,14365,0
707,3.7927e+05,14377,0
708,3.793e+05,14389,0
709,3.7934e+05,14401,0
710,3.7937e+05,14413,0
711,3.794e+05,14425,0
712,3.7944e+05,14437,0
713,3.7947e+05,14449,0
714,3.7951e+05,14460,0
715,3.7954e+05,14472,0
716,3.7957e+05,14483,0
717,3.7961e+05,14495,0
718,3.7964e+05,14506,0
719,3.7967e+05,14517,0
720,3.7971e+05,14528,0
721,3.7974e+05,14540,0
722,3.7977e+05,14551,0
723,3.7981e+05,14561,0
724,3.7984e+05,14572,0
725,3.7988e+05,14583,0
726,3.7991e+05,14594,0
727,3.7994e+05,14604,0
728,3.7998e+05,14615,0
729,3.8001e+05,14625,0
730,3.8005e+05,14636,0
731,3.8008e+05,14646,0
732,3.8011e+05,14656,0
733,3.8015e+05,14666,0
734,3.8018e+05,14677,0
735,3.8022e+05,14686,0
736,3.8025e+05,14696,0
737,3.8028e+05,14706,0
738,3.8032e+05,14716,0
739,3.8035e+05,14726,0
740,3.8039e+05,14735,0
741,3.8042e+05,14745,0
742,3.8045e+05,14754,0
743,3.8049e+05,14763,0
744,3.8052e+05,14773,0
745,3.8056e+05,14782,0
746,3.8059e+05,14791,0
747,3.8063e+05,14800,0
748,3.8066e+05,14809,0
749,3.807e+05,14818,0
750,3.8073e+05,14826,0
751,3.8076e+05,14835,0
752,3.808e+05,14844,0
753,3.8083e+05,14852,0
754,3.8087e+05,14861,0
755,3.809e+05,14869,0
756,3.8094e+05,14877,0
757,3.8097e+05,14885,0
758,3.8101e+05,14894,0
759,3.8104e+05,14902,0
760,3.8107e+05,14910,0
761,3.8111e+05,14917,0
762,3.8114e+05,14925,0
763,3.8118e+05,14933,0
764,3.8121e+05,14940,0
765,3.8125e+05,14948,0
766,3.8128e+05,14955,0
767,3.8132e+05,14963,0
768,3.8135e+05,14970,0
769,3.8139e+05,14977,0
770,3.8142e+05,14984,0
771,3.8146e+05,14992,0
772,3.8149e+05,14998,0
773,3.8153e+05,15005,0
774,3.8156e+05,15012,0
775,3.816e+05,15019,0
776,3.8163e+05,15026,0
777,3.8167e+05,15032,0
778,3.817e+05,15039,0
779,3.8173e+05,15045,0
780,3.8177e+05,15051,0
781,3.818e+05,15057,0
782,3.8184e+05,15064,0
783,3.8187e+05,15070,0
784,3.8191e+05,15076,0
785,3.8194e+05,15082,0
786,3.8198e+05,15087,0
787,3.8201e+05,15093,0
788,3.8205e+05,15099,0
789,3.8208e+05,15104,0
790,3.8212e+05,15110,0
791,3.8215e+05,15115,0
792,3.8219e+05,15120,0
793,3.8222e+05,15126,0
794,3.8226e+05,15131,0
795,3.823e+05,15136,0
796,3.8233e+05,15141,0
797,3.8237e+05,15146,0
798,3.824e+05,15151,0
799,3.8244e+05,15155,0
800,3.8247e+05,15160,0
801,3.8251e+05,15165,0
802,3.8254e+05,15169,0
803,3.8258e+05,15173,0
804,3.8261e+05,15178,0
805,3.8265e+05,15182,0
806,3.8268e+05,15186,0
807,3.8272e+05,15190,0
808,3.8275e+05,15194,0
809,3.8279e+05,15198,0
810,3.8282e+05,15202,0
811,3.8286e+05,15206,0
812,3.8289e+05,15209,0
813,3.8293e+05,15213,0
814,3.8296e+05,15216,0
815,3.83e+05,15220,0
816,3.8303e+05,15223,0
817,3.8307e+05,15226,0
818,3.8311e+05,15230,0
819,3.8314e+05,15233,0
820,3.8318e+05,15236,0
821,3.8321e+05,15238,0
822,3.8325e+05,15241,0
823,3.8328e+05,15244,0
824,3.8332e+05,15247,0
825,3.8335e+05,15249,0
826,3.8339e+05,15252,0
827,3.8342e+05,15254,0
828,3.8346e+05,15256,0
829,3.8349e+05,15259,0
830,3.8353e+05,15261,0
831,3.8357e+05,15263,0
832,3.836e+05,15265,0
833,3.8364e+05,15267,0
834,3.8367e+05,15269,0
835,3.8371e+05,15270,0
836,3.8374e+05,15272,0
837,3.8378e+05,15274,0
838,3.8381e+05,15275,0
839,3.8385e+05,15276,0
840,3.8388e+05,15278,0
841,3.8392e+05,15279,0
842,3.8395e+05,15280,0
843,3.8399e+05,15281,0
844,3.8403e+05,15282,0
845,3.8406e+05,15283,0
846,3.841e+05,15284,0
847,3.8413e+05,15285,0
848,3.8417e+05,15285,0
849,3.842e+05,15286,0
850,3.8424e+05,15286,0
851,3.8427e+05,15287,0
852,3.8431e+05,15287,0
853,3.8434e+05,15287,0
854,3.8438e+05,15288,0
855,3.8442e+05,15288,0
856,3.8445e+05,15288,0
857,3.8449e+05,15287,0
858,3.8452e+05,15287,0
859,3.8456e+05,15287,0
860,3.8459e+05,15287,0
861,3.8463e+05,15286,0
862,3.8466e+05,15286,0
863,3.847e+05,15285,0
864,3.8473e+05,15284,0
865,3.8477e+05,15284,0
866,3.8481e+05,15283,0
867,3.8484e+05,15282,0
868,3.8488e+05,15281,0
869,3.8491e+05,15280,0
870,3.8495e+05,15279,0
871,3.8498e+05,15277,0
872,3.8502e+05,15276,0
873,3.8505e+05,15274,0
874,3.8509e+05,15273,0
875,3.8512e+05,15271,0
876,3.8516e+05,15270,0
877,3.852e+05,15268,0
878,3.8523e+05,15266,0
879,3.8527e+05,15264,0
880,3.853e+05,15262,0
881,3.8534e+05,15260,0
882,3.8537e+05,15258,0
883,3.8541e+05,15255,0
884,3.8544e+05,15253,0
885,3.8548e+05,15251,0
886,3.8551e+05,15248,0
887,3.8555e+05,15246,0
888,3.8558e+05,15243,0
889,3.8562e+05,15240,0
890,3.8566e+05,15237,0
891,3.8569e+05,15234,0
892,3.8573e+05,15231,0
893,3.8576e+05,15228,0
894,3.858e+05,15225,0
895,3.8583e+05,15222,0
896,3.8587e+05,15218,0
897,3.859e+05,15215,0
898,3.8594e+05,15211,0
899,3.8597e+05,15208,0
900,3.8601e+05,15204,0
901,3.8604e+05,15200,0
902,3.8608e+05,15196,0
903,3.8611e+05,15193,0
904,3.8615e+05,15189,0
905,3.8618e+05,15184,0
906,3.8622e+05,15180,0
907,3.8625e+05,15176,0
908,3.8629e+05,15172,0
909,3.8633e+05,15167,0
910,3.8636e+05,15163,0
911,3.864e+05,15158,0
912,3.8643e+05,15153,0
913,3.8647e+05,15149,0
914,3.865e+05,15144,0
915,3.8654e+05,15139,0
916,3.8657e+05,15134,0
917,3.8661e+05,15129,0
918,3.8664e+05,15124,0
919,3.8668e+05,15118,0
920,3.8671e+05,15113,0
921,3.8675e+05,15107,0
922,3.8678e+05,15102,0
923,3.8682e+05,15096,0
924,3.8685e+05,15091,0
925,3.8689e+05,15085,0
926,3.8692e+05,15079,0
927,3.8696e+05,15073,0
928,3.8699e+05,15067,0
929,3.8703e+05,15061,0
930,3.8706e+05,15055,0
931,3.871e+05,15049,0
932,3.8713e+05,15042,0
933,3.8717e+05,15036,0
934,3.872e+05,15029,0
935,3.8724e+05,15023,0
936,3.8727e+05,15016,0
937,3.8731e+05,15009,0
938,3.8734e+05,15003,0
939,3.8737e+05,14996,0
940,3.8741e+05,14989,0
941,3.8744e+05,14982,0
942,3.8748e+05,14974,0
943,3.8751e+05,14967,0
944,3.8755e+05,14960,0
945,3.8758e+05,14952,0
946,3.8762e+05,14945,0
947,3.8765e+05,14937,0
948,3.8769e+05,14930,0
949,3.8772e+05,14922,0
950,3.8776e+05,14914,0
951,3.8779e+05,14906,0
952,3.8783e+05,14898,0
953,3.8786e+05,14890,0
954,3.8789e+05,14882,0
955,3.8793e+05,14874,0
956,3.8796e+05,14866,0
957,3.88e+05,14857,0
958,3.8803e+05,14849,0
959,3.8807e+05,14840,0
960,3.881e+05,14832,0
961,3.8814e+05,14823,0
962,3.8817e+05,14814,0
963,3.882e+05,14805,0
964,3.8824e+05,14796,0
965,3.8827e+05,14787,0
966,3.8831e+05,14778,0
967,3.8834e+05,14769,0
968,3.8838e+05,14760,0
969,3.8841e+05,14750,0
970,3.8844e+05,14741,0
971,3.8848e+05,14731,0
972,3.8851e+05,14722,0
973,3.8855e+05,14712,0
974,3.8858e+05,14702,0
975,3.8861e+05,14693,0
976,3.8865e+05,14683,0
977,3.8868e+05,14673,0
978,3.8872e+05,14663,0
979,3.8875e+05,14652,0
980,3.8879e+05,14642,0
981,3.8882e+05,14632,0
982,3.8885e+05,14622,0
983,3.8889e+05,14611,0
984,3.8892e+05,14600,0
985,3.8895e+05,14590,0
986,3.8899e+05,14579,0
987,3.8902e+05,14568,0
988,3.8906e+05,14557,0
989,3.8909e+05,14547,0
990,3.8912e+05,14535,0
991,3.8916e+05,14524,0
992,3.8919e+05,14513,0
993,3.8922e+05,14502,0
994,3.8926e+05,14491,0
995,3.8929e+05,14479,0
996,3.8933e+05,14468,0
997,3.8936e+05,14456,0
998,3.8939e+05,14444,0
999,3.8943e+05,14433,0
1000,3.8946e+05,14421,0
1001,3.8949e+05,14409,0
1002,3.8953e+05,14397,0
1003,3.8956e+05,14385,0
1004,3.8959e+05,14373,0
1005,3.8963e+05,14360,0
1006,3.8966e+05,14348,0
1007,3.8969e+05,14336,0
1008,3.8973e+05,14323,0
1009,3.8976e+05,14311,0
1010,3.8979e+05,14298,0
1011,3.8983e+05,14285,0
1012,3.8986e+05,14273,0
1013,3.8989e+05,14260,0
1014,3.8992e+05,14247,0
1015,3.8996e+05,14234,0
1016,3.8999e+05,14221,0
1017,3.9002e+05,14208,0
1018,3.9006e+05,14194,0
1019,3.9009e+05,14181,0
1020,3.9012e+05,14168,0
1021,3.9016e+05,14154,0
1022,3.9019e+05,14141,0
1023,3.9022e+05,14127,0
1024,3.9025e+05,14113,0
1025,3.9029e+05,14100,0
1026,3.9032e+05,14086,0
1027,3.9035e+05,14072,0
1028,3.9038e+05,14058,0
1029,3.9042e+05,14044,0
1030,3.9045e+05,14030,0
1031,3.9048e+05,14015,0
1032,3.9051e+05,14001,0
1033,3.9055e+05,13987,0
1034,3.9058e+05,13972,0
1035,3.9061e+05,13958,0
1036,3.9064e+05,13943,0
1037,3.9068e+05,13928,0
1038,3.9071e+05,13914,0
1039,3.9074e+05,13899,0
1040,3.9077e+05,13884,0
1041,3.9081e+05,13869,0
1042,3.9084e+05,13854,0
1043,3.9087e+05,13838,0
1044,3.909e+05,13823,0
1045,3.9093e+05,13808,0
1046,3.9097e+05,13793,0
1047,3.91e+05,13777,0
1048,3.9103e+05,13762,0
1049,3.9106e+05,13746,0
1050,3.9109e+05,13730,0
1051,3.9113e+05,13715,0
1052,3.9116e+05,13699,0
1053,3.9119e+05,13683,0
1054,3.9122e+05,13667,0
1055,3.9125e+05,13651,0
1056,3.9128e+05,13635,0
1057,3.9132e+05,13618,0
1058,3.9135e+05,13602,0
1059,3.9138e+05,13586,0
1060,3.9141e+05,13569,0
1061,3.9144e+05,13553,0
1062,3.9147e+05,13536,0
1063,3.915e+05,13520,0
1064,3.9154e+05,13503,0
1065,3.9157e+05,13486,0
1066,3.916e+05,13469,0
1067,3.9163e+05,13452,0
1068,3.9166e+05,13435,0
1069,3.9169e+05,13418,0
1070,3.9172e+05,13401,0
1071,3.9175e+05,13384,0
1072,3.9179e+05,13366,0
1073,3.9182e+05,13349,0
1074,3.9185e+05,13331,0
1075,3.9188e+05,13314,0
1076,3.9191e+05,13296,0
1077,3.9194e+05,13279,0
1078,3.9197e+05,13261,0
1079,3.92e+05,13243,0
1080,3.9203e+05,13225,0
1081,3.9206e+05,13207,0
1082,3.9209e+05,13189,0
1083,3.9212e+05,13171,0
1084,3.9216e+05,13153,0
1085,3.9219e+05,13134,0
1086,3.9222e+05,13116,0
1087,3.9225e+05,13098,0
1088,3.9228e+05,13079,0
1089,3.9231e+05,13061,0
1090,3.9234e+05,13042,0
1091,3.9237e+05,13023,0
1092,3.924e+05,13005,0
1093,3.9243e+05,12986,0
1094,3.9246e+05,12967,0
1095,3.9249e+05,12948,0
1096,3.9252e+05,12929,0
1097,3.9255e+05,12910,0
1098,3.9258e+05,12891,0
1099,3.9261e+05,12871,0
1100,3.9264e+05,12852,0
1101,3.9267e+05,12833,0
1102,3.927e+05,12813,0
1103,3.9273e+05,12793,0
1104,3.9276e+05,12774,0
1105,3.9279e+05,12754,0
1106,3.9282e+05,12734,0
1107,3.9285e+05,12715,0
1108,3.9288e+05,12695,0
1109,3.929e+05,12675,0
1110,3.9293e+05,12655,0
1111,3.9296e+05,12635,0
1112,3.9299e+05,12614,0
1113,3.9302e+05,12594,0
1114,3.9305e+05,12574,0
1115,3.9308e+05,12553,0
1116,3.9311e+05,12533,0
1117,3.9314e+05,12513,0
1118,3.9317e+05,12492,0
1119,3.932e+05,12471,0
1120,3.9323e+05,12451,0
1121,3.9325e+05,12430,0
1122,3.9328e+05,12409,0
1123,3.9331e+05,12388,0
1124,3.9334e+05,12367,0
1125,3.9337e+05,12346,0
1126,3.934e+05,12325,0
1127,3.9343e+05,12304,0
1128,3.9346e+05,12282,0
1129,3.9348e+05,12261,0
1130,3.9351e+05,12240,0
1131,3.9354e+05,12218,0
1132,3.9357e+05,12197,0
1133,3.936e+05,12175,0
1134,3.9363e+05,12153,0
1135,3.9365e+05,12132,0
1136,3.9368e+05,12110,0
1137,3.9371e+05,12088,0
1138,3.9374e+05,12066,0
1139,3.9377e+05,12044,0
1140,3.9379e+05,12022,0
1141,3.9382e+05,12000,0
1142,3.9385e+05,11977,0
1143,3.9388e+05,11955,0
1144,3.9391e+05,11933,0
1145,3.9393e+05,11910,0
1146,3.9396e+05,11888,0
1147,3.9399e+05,11865,0
1148,3.9402e+05,11843,0
1149,3.9404e+05,11820,0
1150,3.9407e+05,11797,0
1151,3.941e+05,11775,0
1152,3.9413e+05,11752,0
1153,3.9415e+05,11729,0
1154,3.9418e+05,11706,0
1155,3.9421e+05,11683,0
1156,3.9423e+05,11660,0
1157,3.9426e+05,11637,0
1158,3.9429e+05,11613,0
1159,3.9432e+05,11590,0
1160,3.9434e+05,11567,0
1161,3.9437e+05,11543,0
1162,3.944e+05,11520,0
1163,3.9442e+05,11496,0
1164,3.9445e+05,11473,0
1165,3.9448e+05,11449,0
1166,3.945e+05,11425,0
1167,3.9453e+05,11401,0
1168,3.9456e+05,11377,0
1169,3.9458e+05,11353,0
1170,3.9461e+05,11329,0
1171,3.9463e+05,11305,0
1172,3.9466e+05,11281,0
1173,3.9469e+05,11257,0
1174,3.9471e+05,11233,0
1175,3.9474e+05,11209,0
1176,3.9476e+05,11184,0
1177,3.9479e+05,11160,0
1178,3.9482e+05,11135,0
1179,3.9484e+05,11111,0
1180,3.9487e+05,11086,0
1181,3.9489e+05,11061,0
1182,3.9492e+05,11037,0
1183,3.9495e+05,11012,0
1184,3.9497e+05,10987,0
1185,3.95e+05,10962,0
1186,3.9502e+05,10937,0
1187,3.9505e+05,10912,0
1188,3.9507e+05,10887,0
1189,3.951e+05,10862,0
1190,3.9512e+05,10837,0
1191,3.9515e+05,10811,0
1192,3.9517e+05,10786,0
1193,3.952e+05,10761,0
1194,3.9522e+05,10735,0
1195,3.9525e+05,10710,0
1196,3.9527e+05,10684,0
1197,3.953e+05,10658,0
1198,3.9532e+05,10633,0
1199,3.9535e+05,10607,0
1200,3.9537e+05,10581,0
1201,3.954e+05,10555,0
1202,3.9542e+05,10529,0
1203,3.9545e+05,10503,0
1204,3.9547e+05,10477,0
1205,3.9549e+05,10451,0
1206,3.9552e+05,10425,0
1207,3.9554e+05,10399,0
1208,3.9557e+05,10373,0
1209,3.9559e+05,10346,0
1210,3.9561e+05,10320,0
1211,3.9564e+05,10293,0
1212,3.9566e+05,10267,0
1213,3.9569e+05,10240,0
1214,3.9571e+05,10214,0
1215,3.9573e+05,10187,0
1216,3.9576e+05,10160,0
1217,3.9578e+05,10133,0
1218,3.958e+05,10107,0
1219,3.9583e+05,10080,0
1220,3.9585e+05,10053,0
1221,3.9587e+05,10026,0
1222,3.959e+05,9998.7,0
1223,3.9592e+05,9971.6,0
1224,3.9594e+05,9944.4,0
1225,3.9597e+05,9917.2,0
1226,3.9599e+05,9889.9,0
1227,3.9601e+05,9862.6,0
1228,3.9604e+05,9835.2,0
1229,3.9606e+05,9807.7,0
1230,3.9608e+05,9780.2,0
1231,3.961e+05,9752.7,0
1232,3.9613e+05,9725.1,0
1233,3.9615e+05,9697.4,0
1234,3.9617e+05,9669.7,0
1235,3.9619e+05,9641.9,0
1236,3.9622e+05,9614.1,0
1237,3.9624e+05,9586.3,0
1238,3.9626e+05,9558.3,0
1239,3.9628e+05,9530.3,0
1240,3.9631e+05,9502.3,0
1241,3.9633e+05,9474.2,0
1242,3.9635e+05,9446.1,0
1243,3.9637e+05,9417.9,0
1244,3.9639e+05,9389.7,0
1245,3.9642e+05,9361.4,0
1246,3.9644e+05,9333,0
1247,3.9646e+05,9304.6,0
1248,3.9648e+05,9276.2,0
1249,3.965e+05,9247.7,0
1250,3.9652e+05,9219.1,0
1251,3.9655e+05,9190.5,0
1252,3.9657e+05,9161.9,0
1253,3.9659e+05,9133.2,0
1254,3.9661e+05,9104.4,0
1255,3.9663e+05,9075.6,0
1256,3.9665e+05,9046.8,0
1257,3.9667e+05,9017.9,0
1258,3.9669e+05,8988.9,0
1259,3.9671e+05,8959.9,0
1260,3.9673e+05,8930.9,0
1261,3.9676e+05,8901.8,0
1262,3.9678e+05,8872.6,0
1263,3.968e+05,8843.4,0
1264,3.9682e+05,8814.2,0
1265,3.9684e+05,8784.9,0
1266,3.9686e+05,8755.5,0
1267,3.9688e+05,8726.1,0
1268,3.969e+05,8696.7,0
1269,3.9692e+05,8667.2,0
1270,3.9694e+05,8637.7,0
1271,3.9696e+05,8608.1,0
1272,3.9698e+05,8578.5,0
1273,3.97e+05,8548.8,0
1274,3.9702e+05,8519.1,0
1275,3.9704e+05,8489.3,0
1276,3.9706e+05,8459.5,0
1277,3.9708e+05,8429.6,0
1278,3.971e+05,8399.7,0
1279,3.9712e+05,8369.7,0
1280,3.9714e+05,8339.7,0
1281,3.9716e+05,8309.7,0
1282,3.9718e+05,8279.6,0
1283,3.9719e+05,8249.4,0
1284,3.9721e+05,8219.2,0
1285,3.9723e+05,8189,0
1286,3.9725e+05,8158.7,0
1287,3.9727e+05,8128.4,0
1288,3.9729e+05,8098,0
1289,3.9731e+05,8067.6,0
1290,3.9733e+05,8037.1,0
1291,3.9735e+05,8006.6,0
1292,3.9736e+05,7976.1,0
1293,3.9738e+05,7945.5,0
1294,3.974e+05,7914.8,0
1295,3.9742e+05,7884.2,0
1296,3.9744e+05,7853.4,0
1297,3.9746e+05,7822.7,0
1298,3.9747e+05,7791.9,0
1299,3.9749e+05,7761,0
1300,3.9751e+05,7730.1,0
1301,3.9753e+05,7699.2,0
1302,3.9755e+05,7668.2,0
1303,3.9756e+05,7637.2,0
1304,3.9758e+05,7606.1,0
1305,3.976e+05,7575,0
1306,3.9762e+05,7543.8,0
1307,3.9763e+05,7512.6,0
1308,3.9765e+05,7481.4,0
1309,3.9767e+05,7450.1,0
1310,3.9769e+05,7418.8,0
1311,3.977e+05,7387.5,0
1312,3.9772e+05,7356.1,0
1313,3.9774e+05,7324.6,0
1314,3.9776e+05,7293.1,0
1315,3.9777e+05,7261.6,0
1316,3.9779e+05,7230.1,0
1317,3.9781e+05,7198.5,0
1318,3.9782e+05,7166.8,0
1319,3.9784e+05,7135.1,0
1320,3.9786e+05,7103.4,0
1321,3.9787e+05,7071.7,0
1322,3.9789e+05,7039.9,0
1323,3.979e+05,7008,0
1324,3.9792e+05,6976.1,0
1325,3.9794e+05,6944.2,0
1326,3.9795e+05,6912.3,0
1327,3.9797e+05,6880.3,0
1328,3.9799e+05,6848.3,0
1329,3.98e+05,6816.2,0
1330,3.9802e+05,6784.1,0
1331,3.9803e+05,6751.9,0
1332,3.9805e+05,6719.8,0
1333,3.9806e+05,6687.5,0
1334,3.9808e+05,6655.3,0
1335,3.981e+05,6623,0
1336,3.9811e+05,6590.7,0
1337,3.9813e+05,6558.3,0
1338,3.9814e+05,6525.9,0
1339,3.9816e+05,6493.5,0
1340,3.9817e+05,6461,0
1341,3.9819e+05,6428.5,0
1342,3.982e+05,6395.9,0
1343,3.9822e+05,6363.4,0
1344,3.9823e+05,6330.7,0
1345,3.9825e+05,6298.1,0
1346,3.9826e+05,6265.4,0
1347,3.9827e+05,6232.7,0
1348,3.9829e+05,6199.9,0
1349,3.983e+05,6167.1,0
1350,3.9832e+05,6134.3,0
1351,3.9833e+05,6101.5,0
1352,3.9835e+05,6068.6,0
1353,3.9836e+05,6035.7,0
1354,3.9837e+05,6002.7,0
1355,3.9839e+05,5969.7,0
1356,3.984e+05,5936.7,0
1357,3.9842e+05,5903.6,0
1358,3.9843e+05,5870.5,0
1359,3.9844e+05,5837.4,0
1360,3.9846e+05,5804.3,0
1361,3.9847e+05,5771.1,0
1362,3.9848e+05,5737.9,0
1363,3.985e+05,5704.6,0
1364,3.9851e+05,5671.3,0
1365,3.9852e+05,5638,0
1366,3.9854e+05,5604.7,0
1367,3.9855e+05,5571.3,0
1368,3.9856e+05,5537.9,0
1369,3.9858e+05,5504.4,0
1370,3.9859e+05,5471,0
1371,3.986e+05,5437.5,0
1372,3.9861e+05,5403.9,0
1373,3.9863e+05,5370.4,0
1374,3.9864e+05,5336.8,0
1375,3.9865e+05,5303.2,0
1376,3.9866e+05,5269.5,0
1377,3.9868e+05,5235.9,0
1378,3.9869e+05,5202.2,0
1379,3.987e+05,5168.4,0
1380,3.9871e+05,5134.7,0
1381,3.9872e+05,5100.9,0
1382,3.9874e+05,5067,0
1383,3.9875e+05,5033.2,0
1384,3.9876e+05,4999.3,0
1385,3.9877e+05,4965.4,0
1386,3.9878e+05,4931.5,0
1387,3.9879e+05,4897.5,0
1388,3.988e+05,4863.5,0
1389,3.9882e+05,4829.5,0
1390,3.9883e+05,4795.5,0
1391,3.9884e+05,4761.4,0
1392,3.9885e+05,4727.3,0
1393,3.9886e+05,4693.2,0
1394,3.9887e+05,4659.1,0
1395,3.9888e+05,4624.9,0
1396,3.9889e+05,4590.7,0
1397,3.989e+05,4556.5,0
1398,3.9891e+05,4522.2,0
1399,3.9892e+05,4488,0
1400,3.9893e+05,4453.7,0
1401,3.9894e+05,4419.3,0
1402,3.9896e+05,4385,0
1403,3.9897e+05,4350.6,0
1404,3.9898e+05,4316.2,0
1405,3.9899e+05,4281.8,0
1406,3.99e+05,4247.4,0
1407,3.9901e+05,4212.9,0
1408,3.9901e+05,4178.4,0
1409,3.9902e+05,4143.9,0
1410,3.9903e+05,4109.4,0
1411,3.9904e+05,4074.8,0
1412,3.9905e+05,4040.2,0
1413,3.9906e+05,4005.6,0
1414,3.9907e+05,3971,0
1415,3.9908e+05,3936.4,0
1416,3.9909e+05,3901.7,0
1417,3.991e+05,3867,0
1418,3.9911e+05,3832.3,0
1419,3.9912e+05,3797.6,0
1420,3.9913e+05,3762.8,0
1421,3.9913e+05,3728,0
1422,3.9914e+05,3693.2,0
1423,3.9915e+05,3658.4,0
1424,3.9916e+05,3623.6,0
1425,3.9917e+05,3588.7,0
1426,3.9918e+05,3553.8,0
1427,3.9919e+05,3518.9,0
1428,3.9919e+05,3484,0
1429,3.992e+05,3449.1,0
1430,3.9921e+05,3414.1,0
1431,3.9922e+05,3379.2,0
1432,3.9923e+05,3344.2,0
1433,3.9923e+05,3309.2,0
1434,3.9924e+05,3274.1,0
1435,3.9925e+05,3239.1,0
1436,3.9926e+05,3204,0
1437,3.9926e+05,3168.9,0
1438,3.9927e+05,3133.8,0
1439,3.9928e+05,3098.7,0
1440,3.9928e+05,3063.6,0
1441,3.9929e+05,3028.4,0
1442,3.993e+05,2993.3,0
1443,3.9931e+05,2958.1,0
1444,3.9931e+05,2922.9,0
1445,3.9932e+05,2887.6,0
1446,3.9933e+05,2852.4,0
1447,3.9933e+05,2817.2,0
1448,3.9934e+05,2781.9,0
1449,3.9935e+05,2746.6,0
1450,3.9935e+05,2711.3,0
1451,3.9936e+05,2676,0
1452,3.9936e+05,2640.7,0
1453,3.9937e+05,2605.3,0
1454,3.9938e+05,2570,0
1455,3.9938e+05,2534.6,0
1456,3.9939e+05,2499.2,0
1457,3.9939e+05,2463.8,0
1458,3.994e+05,2428.4,0
1459,3.9941e+05,2393,0
1460,3.9941e+05,2357.5,0
1461,3.9942e+05,2322.1,0
1462,3.9942e+05,2286.6,0
1463,3.9943e+05,2251.2,0
1464,3.9943e+05,2215.7,0
1465,3.9944e+05,2180.2,0
1466,3.9944e+05,2144.6,0
1467,3.9945e+05,2109.1,0
1468,3.9945e+05,2073.6,0
1469,3.9946e+05,2038,0
1470,3.9946e+05,2002.5,0
1471,3.9947e+05,1966.9,0
1472,3.9947e+05,1931.3,0
1473,3.9948e+05,1895.7,0
1474,3.9948e+05,1860.1,0
1475,3.9948e+05,1824.5,0
1476,3.9949e+05,1788.9,0
1477,3.9949e+05,1753.2,0
1478,3.995e+05,1717.6,0
1479,3.995e+05,1681.9,0
1480,3.995e+05,1646.3,0
1481,3.9951e+05,1610.6,0
1482,3.9951e+05,1574.9,0
1483,3.9952e+05,1539.2,0
1484,3.9952e+05,1503.5,0
1485,3.9952e+05,1467.8,0
1486,3.9953e+05,1432.1,0
1487,3.9953e+05,1396.4,0
1488,3.9953e+05,1360.7,0
1489,3.9954e+05,1324.9,0
1490,3.9954e+05,1289.2,0
1491,3.9954e+05,1253.4,0
1492,3.9954e+05,1217.7,0
1493,3.9955e+05,1181.9,0
1494,3.9955e+05,1146.1,0
1495,3.9955e+05,1110.3,0
1496,3.9956e+05,1074.6,0
1497,3.9956e+05,1038.8,0
1498,3.9956e+05,1003,0
1499,3.9956e+05,967.17,0
1500,3.9956e+05,931.36,0
1501,3.9957e+05,895.55,0
1502,3.9957e+05,859.73,0
1503,3.9957e+05,823.91,0
1504,3.9957e+05,788.08,0
1505,3.9957e+05,752.25,0
1506,3.9958e+05,716.41,0
1507,3.9958e+05,680.57,0
1508,3.9958e+05,644.72,0
1509,3.9958e+05,608.88,0
1510,3.9958e+05,573.02,0
1511,3.9958e+05,537.17,0
1512,3.9958e+05,501.31,0
1513,3.9959e+05,465.45,0
1514,3.9959e+05,429.59,0
1515,3.9959e+05,393.72,0
1516,3.9959e+05,357.86,0
1517,3.9959e+05,321.99,0
1518,3.9959e+05,286.12,0
1519,3.9959e+05,250.24,0
1520,3.9959e+05,214.37,0
1521,3.9959e+05,178.49,0
1522,3.9959e+05,142.62,0
1523,3.9959e+05,106.74,0
1524,3.9959e+05,70.863,0
1525,3.9959e+05,34.984,0
1526,3.9959e+05,-0.89386,0
1527,3.9959e+05,-36.772,0
1528,3.9959e+05,-72.65,0
1529,3.9959e+05,-108.53,0
1530,3.9959e+05,-144.41,0
1531,3.9959e+05,-180.28,0
1532,3.9959e+05,-216.16,0
1533,3.9959e+05,-252.03,0
1534,3.9959e+05,-287.9,0
1535,3.9959e+05,-323.77,0
1536,3.9959e+05,-359.64,0
1537,3.9959e+05,-395.51,0
1538,3.9959e+05,-431.38,0
1539,3.9959e+05,-467.24,0
1540,3.9958e+05,-503.1,0
1541,3.9958e+05,-538.96,0
1542,3.9958e+05,-574.81,0
1543,3.9958e+05,-610.66,0
1544,3.9958e+05,-646.51,0
1545,3.9958e+05,-682.35,0
1546,3.9958e+05,-718.19,0
1547,3.9957e+05,-754.03,0
1548,3.9957e+05,-789.86,0
1549,3.9957e+05,-825.69,0
1550,3.9957e+05,-861.51,0
1551,3.9957e+05,-897.33,0
1552,3.9956e+05,-933.15,0
1553,3.9956e+05,-968.95,0
1554,3.9956e+05,-1004.8,0
1555,3.9956e+05,-1040.6,0
1556,3.9956e+05,-1076.3,0
1557,3.9955e+05,-1112.1,0
1558,3.9955e+05,-1147.9,0
1559,3.9955e+05,-1183.7,0
1560,3.9954e+05,-1219.5,0
1561,3.9954e+05,-1255.2,0
1562,3.9954e+05,-1291,0
1563,3.9954e+05,-1326.7,0
1564,3.9953e+05,-1362.4,0
1565,3.9953e+05,-1398.2,0
1566,3.9953e+05,-1433.9,0
1567,3.9952e+05,-1469.6,0
1568,3.9952e+05,-1505.3,0
1569,3.9952e+05,-1541,0
1570,3.9951e+05,-1576.7,0
1571,3.9951e+05,-1612.4,0
1572,3.995e+05,-1648.1,0
1573,3.995e+05,-1683.7,0
1574,3.995e+05,-1719.4,0
1575,3.9949e+05,-1755,0
1576,3.9949e+05,-1790.7,0
1577,3.9948e+05,-1826.3,0
1578,3.9948e+05,-1861.9,0
1579,3.9948e+05,-1897.5,0
1580,3.9947e+05,-1933.1,0
1581,3.9947e+05,-1968.7,0
1582,3.9946e+05,-2004.2,0
1583,3.9946e+05,-2039.8,0
1584,3.9945e+05,-2075.4,0
1585,3.9945e+05,-2110.9,0
1586,3.9944e+05,-2146.4,0
1587,3.9944e+05,-2181.9,0
1588,3.9943e+05,-2217.4,0
1589,3.9943e+05,-2252.9,0
1590,3.9942e+05,-2288.4,0
1591,3.9942e+05,-2323.9,0
1592,3.9941e+05,-2359.3,0
1593,3.9941e+05,-2394.8,0
1594,3.994e+05,-2430.2,0
1595,3.9939e+05,-2465.6,0
1596,3.9939e+05,-2501,0
1597,3.9938e+05,-2536.4,0
1598,3.9938e+05,-2571.7,0
1599,3.9937e+05,-2607.1,0
1600,3.9936e+05,-2642.4,0
1601,3.9936e+05,-2677.8,0
1602,3.9935e+05,-2713.1,0
1603,3.9935e+05,-2748.4,0
1604,3.9934e+05,-2783.7,0
1605,3.9933e+05,-2818.9,0
1606,3.9933e+05,-2854.2,0
1607,3.9932e+05,-2889.4,0
1608,3.9931e+05,-2924.6,0
1609,3.9931e+05,-2959.8,0
1610,3.993e+05,-2995,0
1611,3.9929e+05,-3030.2,0
1612,3.9928e+05,-3065.3,0
1613,3.9928e+05,-3100.5,0
1614,3.9927e+05,-3135.6,0
1615,3.9926e+05,-3170.7,0
1616,3.9926e+05,-3205.8,0
1617,3.9925e+05,-3240.8,0
1618,3.9924e+05,-3275.9,0
1619,3.9923e+05,-3310.9,0
1620,3.9922e+05,-3345.9,0
1621,3.9922e+05,-3380.9,0
1622,3.9921e+05,-3415.9,0
1623,3.992e+05,-3450.8,0
1624,3.9919e+05,-3485.8,0
1625,3.9918e+05,-3520.7,0
1626,3.9918e+05,-3555.6,0
1627,3.9917e+05,-3590.5,0
1628,3.9916e+05,-3625.3,0
1629,3.9915e+05,-3660.1,0
1630,3.9914e+05,-3695,0
1631,3.9913e+05,-3729.8,0
1632,3.9913e+05,-3764.5,0
1633,3.9912e+05,-3799.3,0
1634,3.9911e+05,-3834,0
1635,3.991e+05,-3868.7,0
1636,3.9909e+05,-3903.4,0
1637,3.9908e+05,-3938.1,0
1638,3.9907e+05,-3972.7,0
1639,3.9906e+05,-4007.4,0
1640,3.9905e+05,-4042,0
1641,3.9904e+05,-4076.5,0
1642,3.9903e+05,-4111.1,0
1643,3.9902e+05,-4145.6,0
1644,3.9901e+05,-4180.1,0
1645,3.99e+05,-4214.6,0
1646,3.9899e+05,-4249.1,0
1647,3.9898e+05,-4283.5,0
1648,3.9897e+05,-4318,0
1649,3.9896e+05,-4352.3,0
1650,3.9895e+05,-4386.7,0
1651,3.9894e+05,-4421.1,0
1652,3.9893e+05,-4455.4,0
1653,3.9892e+05,-4489.7,0
1654,3.9891e+05,-4523.9,0
1655,3.989e+05,-4558.2,0
1656,3.9889e+05,-4592.4,0
1657,3.9888e+05,-4626.6,0
1658,3.9887e+05,-4660.8,0
1659,3.9886e+05,-4694.9,0
1660,3.9885e+05,-4729,0
1661,3.9884e+05,-4763.1,0
1662,3.9883e+05,-4797.2,0
1663,3.9882e+05,-4831.2,0
1664,3.988e+05,-4865.2,0
1665,3.9879e+05,-4899.2,0
1666,3.9878e+05,-4933.2,0
1667,3.9877e+05,-4967.1,0
1668,3.9876e+05,-5001,0
1669,3.9875e+05,-5034.9,0
1670,3.9873e+05,-5068.7,0
1671,3.9872e+05,-5102.6,0
1672,3.9871e+05,-5136.3,0
1673,3.987e+05,-5170.1,0
1674,3.9869e+05,-5203.8,0
1675,3.9867e+05,-5237.5,0
1676,3.9866e+05,-5271.2,0
1677,3.9865e+05,-5304.9,0
1678,3.9864e+05,-5338.5,0
1679,3.9863e+05,-5372.1,0
1680,3.9861e+05,-5405.6,0
1681,3.986e+05,-5439.1,0
1682,3.9859e+05,-5472.6,0
1683,3.9857e+05,-5506.1,0
1684,3.9856e+05,-5539.5,0
1685,3.9855e+05,-5572.9,0
1686,3.9854e+05,-5606.3,0
1687,3.9852e+05,-5639.7,0
1688,3.9851e+05,-5673,0
1689,3.985e+05,-5706.3,0
1690,3.9848e+05,-5739.5,0
1691,3.9847e+05,-5772.7,0
1692,3.9846e+05,-5805.9,0
1693,3.9844e+05,-5839.1,0
1694,3.9843e+05,-5872.2,0
1695,3.9842e+05,-5905.3,0
1696,3.984e+05,-5938.3,0
1697,3.9839e+05,-5971.3,0
1698,3.9837e+05,-6004.3,0
1699,3.9836e+05,-6037.3,0
1700,3.9835e+05,-6070.2,0
1701,3.9833e+05,-6103.1,0
1702,3.9832e+05,-6136,0
1703,3.983e+05,-6168.8,0
1704,3.9829e+05,-6201.6,0
1705,3.9827e+05,-6234.3,0
1706,3.9826e+05,-6267,0
1707,3.9824e+05,-6299.7,0
1708,3.9823e+05,-6332.4,0
1709,3.9822e+05,-6365,0
1710,3.982e+05,-6397.6,0
1711,3.9819e+05,-6430.1,0
1712,3.9817e+05,-6462.6,0
1713,3.9816e+05,-6495.1,0
1714,3.9814e+05,-6527.5,0
1715,3.9812e+05,-6559.9,0
1716,3.9811e+05,-6592.3,0
1717,3.9809e+05,-6624.6,0
1718,3.9808e+05,-6656.9,0
1719,3.9806e+05,-6689.1,0
1720,3.9805e+05,-6721.4,0
1721,3.9803e+05,-6753.5,0
1722,3.9802e+05,-6785.7,0
1723,3.98e+05,-6817.8,0
1724,3.9798e+05,-6849.8,0
1725,3.9797e+05,-6881.9,0
1726,3.9795e+05,-6913.9,0
1727,3.9794e+05,-6945.8,0
1728,3.9792e+05,-6977.7,0
1729,3.979e+05,-7009.6,0
1730,3.9789e+05,-7041.4,0
1731,3.9787e+05,-7073.2,0
1732,3.9785e+05,-7105,0
1733,3.9784e+05,-7136.7,0
1734,3.9782e+05,-7168.4,0
1735,3.978e+05,-7200,0
1736,3.9779e+05,-7231.6,0
1737,3.9777e+05,-7263.2,0
1738,3.9775e+05,-7294.7,0
1739,3.9774e+05,-7326.2,0
1740,3.9772e+05,-7357.6,0
1741,3.977e+05,-7389,0
1742,3.9769e+05,-7420.4,0
1743,3.9767e+05,-7451.7,0
1744,3.9765e+05,-7483,0
1745,3.9763e+05,-7514.2,0
1746,3.9762e+05,-7545.4,0
1747,3.976e+05,-7576.5,0
1748,3.9758e+05,-7607.6,0
1749,3.9756e+05,-7638.7,0
1750,3.9755e+05,-7669.7,0
1751,3.9753e+05,-7700.7,0
1752,3.9751e+05,-7731.7,0
1753,3.9749e+05,-7762.5,0
1754,3.9747e+05,-7793.4,0
1755,3.9746e+05,-7824.2,0
1756,3.9744e+05,-7855,0
1757,3.9742e+05,-7885.7,0
1758,3.974e+05,-7916.4,0
1759,3.9738e+05,-7947,0
1760,3.9736e+05,-7977.6,0
1761,3.9734e+05,-8008.1,0
1762,3.9733e+05,-8038.7,0
1763,3.9731e+05,-8069.1,0
1764,3.9729e+05,-8099.5,0
1765,3.9727e+05,-8129.9,0
1766,3.9725e+05,-8160.2,0
1767,3.9723e+05,-8190.5,0
1768,3.9721e+05,-8220.7,0
1769,3.9719e+05,-8250.9,0
1770,3.9717e+05,-8281.1,0
1771,3.9715e+05,-8311.2,0
1772,3.9714e+05,-8341.2,0
1773,3.9712e+05,-8371.2,0
1774,3.971e+05,-8401.2,0
1775,3.9708e+05,-8431.1,0
1776,3.9706e+05,-8460.9,0
1777,3.9704e+05,-8490.8,0
1778,3.9702e+05,-8520.5,0
1779,3.97e+05,-8550.3,0
1780,3.9698e+05,-8579.9,0
1781,3.9696e+05,-8609.6,0
1782,3.9694e+05,-8639.2,0
1783,3.9692e+05,-8668.7,0
1784,3.969e+05,-8698.2,0
1785,3.9688e+05,-8727.6,0
1786,3.9686e+05,-8757,0
1787,3.9684e+05,-8786.3,0
1788,3.9682e+05,-8815.6,0
1789,3.968e+05,-8844.9,0
1790,3.9678e+05,-8874.1,0
1791,3.9675e+05,-8903.2,0
1792,3.9673e+05,-8932.3,0
1793,3.9671e+05,-8961.4,0
1794,3.9669e+05,-8990.4,0
1795,3.9667e+05,-9019.3,0
1796,3.9665e+05,-9048.2,0
1797,3.9663e+05,-9077.1,0
1798,3.9661e+05,-9105.9,0
1799,3.9659e+05,-9134.6,0
1800,3.9657e+05,-9163.3,0
1801,3.9654e+05,-9192,0
1802,3.9652e+05,-9220.6,0
1803,3.965e+05,-9249.1,0
1804,3.9648e+05,-9277.6,0
1805,3.9646e+05,-9306,0
1806,3.9644e+05,-9334.4,0
1807,3.9641e+05,-9362.8,0
1808,3.9639e+05,-9391.1,0
1809,3.9637e+05,-9419.3,0
1810,3.9635e+05,-9447.5,0
1811,3.9633e+05,-9475.6,0
1812,3.9631e+05,-9503.7,0
1813,3.9628e+05,-9531.7,0
1814,3.9626e+05,-9559.7,0
1815,3.9624e+05,-9587.6,0
1816,3.9622e+05,-9615.5,0
1817,3.9619e+05,-9643.3,0
1818,3.9617e+05,-9671.1,0
1819,3.9615e+05,-9698.8,0
1820,3.9613e+05,-9726.5,0
1821,3.961e+05,-9754.1,0
1822,3.9608e+05,-9781.6,0
1823,3.9606e+05,-9809.1,0
1824,3.9604e+05,-9836.6,0
1825,3.9601e+05,-9863.9,0
1826,3.9599e+05,-9891.3,0
1827,3.9597e+05,-9918.6,0
1828,3.9594e+05,-9945.8,0
1829,3.9592e+05,-9973,0
1830,3.959e+05,-10000,0
1831,3.9587e+05,-10027,0
1832,3.9585e+05,-10054,0
1833,3.9583e+05,-10081,0
1834,3.958e+05,-10108,0
1835,3.9578e+05,-10135,0
1836,3.9576e+05,-10162,0
1837,3.9573e+05,-10188,0
1838,3.9571e+05,-10215,0
1839,3.9569e+05,-10242,0
1840,3.9566e+05,-10268,0
1841,3.9564e+05,-10295,0
1842,3.9561e+05,-10321,0
1843,3.9559e+05,-10347,0
1844,3.9557e+05,-10374,0
1845,3.9554e+05,-10400,0
1846,3.9552e+05,-10426,0
1847,3.9549e+05,-10452,0
1848,3.9547e+05,-10479,0
1849,3.9544e+05,-10505,0
1850,3.9542e+05,-10531,0
1851,3.954e+05,-10557,0
1852,3.9537e+05,-10582,0
1853,3.9535e+05,-10608,0
1854,3.9532e+05,-10634,0
1855,3.953e+05,-10660,0
1856,3.9527e+05,-10685,0
1857,3.9525e+05,-10711,0
1858,3.9522e+05,-10736,0
1859,3.952e+05,-10762,0
1860,3.9517e+05,-10787,0
1861,3.9515e+05,-10813,0
1862,3.9512e+05,-10838,0
1863,3.951e+05,-10863,0
1864,3.9507e+05,-10888,0
1865,3.9505e+05,-10913,0
1866,3.9502e+05,-10938,0
1867,3.95e+05,-10963,0
1868,3.9497e+05,-10988,0
1869,3.9494e+05,-11013,0
1870,3.9492e+05,-11038,0
1871,3.9489e+05,-11063,0
1872,3.9487e+05,-11087,0
1873,3.9484e+05,-11112,0
1874,3.9482e+05,-11136,0
1875,3.9479e+05,-11161,0
1876,3.9476e+05,-11185,0
1877,3.9474e+05,-11210,0
1878,3.9471e+05,-11234,0
1879,3.9469e+05,-11258,0
1880,3.9466e+05,-11283,0
1881,3.9463e+05,-11307,0
1882,3.9461e+05,-11331,0
1883,3.9458e+05,-11355,0
1884,3.9455e+05,-11379,0
1885,3.9453e+05,-11402,0
1886,3.945e+05,-11426,0
1887,3.9447e+05,-11450,0
1888,3.9445e+05,-11474,0
1889,3.9442e+05,-11497,0
1890,3.9439e+05,-11521,0
1891,3.9437e+05,-11544,0
1892,3.9434e+05,-11568,0
1893,3.9431e+05,-11591,0
1894,3.9429e+05,-11615,0
1895,3.9426e+05,-11638,0
1896,3.9423e+05,-11661,0
1897,3.9421e+05,-11684,0
1898,3.9418e+05,-11707,0
1899,3.9415e+05,-11730,0
1900,3.9412e+05,-11753,0
1901,3.941e+05,-11776,0
1902,3.9407e+05,-11799,0
1903,3.9404e+05,-11821,0
1904,3.9401e+05,-11844,0
1905,3.9399e+05,-11867,0
1906,3.9396e+05,-11889,0
1907,3.9393e+05,-11912,0
1908,3.939e+05,-11934,0
1909,3.9388e+05,-11956,0
1910,3.9385e+05,-11979,0
1911,3.9382e+05,-12001,0
1912,3.9379e+05,-12023,0
1913,3.9376e+05,-12045,0
1914,3.9374e+05,-12067,0
1915,3.9371e+05,-12089,0
1916,3.9368e+05,-12111,0
1917,3.9365e+05,-12133,0
1918,3.9362e+05,-12154,0
1919,3.936e+05,-12176,0
1920,3.9357e+05,-12198,0
1921,3.9354e+05,-12219,0
1922,3.9351e+05,-12241,0
1923,3.9348e+05,-12262,0
1924,3.9345e+05,-12283,0
1925,3.9343e+05,-12305,0
1926,3.934e+05,-12326,0
1927,3.9337e+05,-12347,0
1928,3.9334e+05,-12368,0
1929,3.9331e+05,-12389,0
1930,3.9328e+05,-12410,0
1931,3.9325e+05,-12431,0
1932,3.9322e+05,-12452,0
1933,3.932e+05,-12472,0
1934,3.9317e+05,-12493,0
1935,3.9314e+05,-12514,0
1936,3.9311e+05,-12534,0
1937,3.9308e+05,-12555,0
1938,3.9305e+05,-12575,0
1939,3.9302e+05,-12595,0
1940,3.9299e+05,-12615,0
1941,3.9296e+05,-12636,0
1942,3.9293e+05,-12656,0
1943,3.929e+05,-12676,0
1944,3.9287e+05,-12696,0
1945,3.9284e+05,-12716,0
1946,3.9281e+05,-12735,0
1947,3.9279e+05,-12755,0
1948,3.9276e+05,-12775,0
1949,3.9273e+05,-12794,0
1950,3.927e+05,-12814,0
1951,3.9267e+05,-12833,0
1952,3.9264e+05,-12853,0
1953,3.9261e+05,-12872,0
1954,3.9258e+05,-12891,0
1955,3.9255e+05,-12911,0
1956,3.9252e+05,-12930,0
1957,3.9249e+05,-12949,0
1958,3.9246e+05,-12968,0
1959,3.9243e+05,-12987,0
1960,3.924e+05,-13006,0
1961,3.9237e+05,-13024,0
1962,3.9234e+05,-13043,0
1963,3.9231e+05,-13062,0
1964,3.9228e+05,-13080,0
1965,3.9224e+05,-13099,0
1966,3.9221e+05,-13117,0
1967,3.9218e+05,-13135,0
1968,3.9215e+05,-13154,0
1969,3.9212e+05,-13172,0
1970,3.9209e+05,-13190,0
1971,3.9206e+05,-13208,0
1972,3.9203e+05,-13226,0
1973,3.92e+05,-13244,0
1974,3.9197e+05,-13262,0
1975,3.9194e+05,-13279,0
1976,3.9191e+05,-13297,0
1977,3.9188e+05,-13315,0
1978,3.9185e+05,-13332,0
1979,3.9182e+05,-13350,0
1980,3.9178e+05,-13367,0
1981,3.9175e+05,-13384,0
1982,3.9172e+05,-13402,0
1983,3.9169e+05,-13419,0
1984,3.9166e+05,-13436,0
1985,3.9163e+05,-13453,0
1986,3.916e+05,-13470,0
1987,3.9157e+05,-13487,0
1988,3.9153e+05,-13504,0
1989,3.915e+05,-13520,0
1990,3.9147e+05,-13537,0
1991,3.9144e+05,-13554,0
1992,3.9141e+05,-13570,0
1993,3.9138e+05,-13587,0
1994,3.9135e+05,-13603,0
1995,3.9131e+05,-13619,0
1996,3.9128e+05,-13635,0
1997,3.9125e+05,-13652,0
1998,3.9122e+05,-13668,0
1999,3.9119e+05,-13684,0
2000,3.9116e+05,-13699,0
2001,3.9112e+05,-13715,0
2002,3.9109e+05,-13731,0
2003,3.9106e+05,-13747,0
2004,3.9103e+05,-13762,0
2005,3.91e+05,-13778,0
2006,3.9096e+05,-13793,0
2007,3.9093e+05,-13809,0
2008,3.909e+05,-13824,0
2009,3.9087e+05,-13839,0
2010,3.9084e+05,-13854,0
2011,3.908e+05,-13869,0
2012,3.9077e+05,-13884,0
2013,3.9074e+05,-13899,0
2014,3.9071e+05,-13914,0
2015,3.9068e+05,-13929,0
2016,3.9064e+05,-13944,0
2017,3.9061e+05,-13958,0
2018,3.9058e+05,-13973,0
2019,3.9055e+05,-13987,0
2020,3.9051e+05,-14002,0
2021,3.9048e+05,-14016,0
2022,3.9045e+05,-14030,0
2023,3.9042e+05,-14044,0
2024,3.9038e+05,-14059,0
2025,3.9035e+05,-14073,0
2026,3.9032e+05,-14086,0
2027,3.9028e+05,-14100,0
2028,3.9025e+05,-14114,0
2029,3.9022e+05,-14128,0
2030,3.9019e+05,-14141,0
2031,3.9015e+05,-14155,0
2032,3.9012e+05,-14168,0
2033,3.9009e+05,-14182,0
2034,3.9006e+05,-14195,0
2035,3.9002e+05,-14208,0
2036,3.8999e+05,-14222,0
2037,3.8996e+05,-14235,0
2038,3.8992e+05,-14248,0
2039,3.8989e+05,-14261,0
2040,3.8986e+05,-14273,0
2041,3.8982e+05,-14286,0
2042,3.8979e+05,-14299,0
2043,3.8976e+05,-14311,0
2044,3.8972e+05,-14324,0
2045,3.8969e+05,-14336,0
2046,3.8966e+05,-14349,0
2047,3.8962e+05,-14361,0
2048,3.8959e+05,-14373,0
2049,3.8956e+05,-14385,0
2050,3.8952e+05,-14397,0
2051,3.8949e+05,-14409,0
2052,3.8946e+05,-14421,0
2053,3.8942e+05,-14433,0
2054,3.8939e+05,-14445,0
2055,3.8936e+05,-14457,0
2056,3.8932e+05,-14468,0
2057,3.8929e+05,-14480,0
2058,3.8926e+05,-14491,0
2059,3.8922e+05,-14502,0
2060,3.8919e+05,-14514,0
2061,3.8916e+05,-14525,0
2062,3.8912e+05,-14536,0
2063,3.8909e+05,-14547,0
2064,3.8905e+05,-14558,0
2065,3.8902e+05,-14569,0
2066,3.8899e+05,-14580,0
2067,3.8895e+05,-14590,0
2068,3.8892e+05,-14601,0
2069,3.8889e+05,-14612,0
2070,3.8885e+05,-14622,0
2071,3.8882e+05,-14632,0
2072,3.8878e+05,-14643,0
2073,3.8875e+05,-14653,0
2074,3.8872e+05,-14663,0
2075,3.8868e+05,-14673,0
2076,3.8865e+05,-14683,0
2077,3.8861e+05,-14693,0
2078,3.8858e+05,-14703,0
2079,3.8855e+05,-14713,0
2080,3.8851e+05,-14722,0
2081,3.8848e+05,-14732,0
2082,3.8844e+05,-14741,0
2083,3.8841e+05,-14751,0
2084,3.8837e+05,-14760,0
2085,3.8834e+05,-14769,0
2086,3.8831e+05,-14779,0
2087,3.8827e+05,-14788,0
2088,3.8824e+05,-14797,0
2089,3.882e+05,-14806,0
2090,3.8817e+05,-14815,0
2091,3.8813e+05,-14823,0
2092,3.881e+05,-14832,0
2093,3.8807e+05,-14841,0
2094,3.8803e+05,-14849,0
2095,3.88e+05,-14858,0
2096,3.8796e+05,-14866,0
2097,3.8793e+05,-14874,0
2098,3.8789e+05,-14883,0
2099,3.8786e+05,-14891,0
2100,3.8782e+05,-14899,0
2101,3.8779e+05,-14907,0
2102,3.8775e+05,-14915,0
2103,3.8772e+05,-14922,0
2104,3.8769e+05,-14930,0
2105,3.8765e+05,-14938,0
2106,3.8762e+05,-14945,0
2107,3.8758e+05,-14953,0
2108,3.8755e+05,-14960,0
2109,3.8751e+05,-14968,0
2110,3.8748e+05,-14975,0
2111,3.8744e+05,-14982,0
2112,3.8741e+05,-14989,0
2113,3.8737e+05,-14996,0
2114,3.8734e+05,-15003,0
2115,3.873e+05,-15010,0
2116,3.8727e+05,-15016,0
2117,3.8723e+05,-15023,0
2118,3.872e+05,-15030,0
2119,3.8716e+05,-15036,0
2120,3.8713e+05,-15043,0
2121,3.8709e+05,-15049,0
2122,3.8706e+05,-15055,0
2123,3.8702e+05,-15061,0
2124,3.8699e+05,-15067,0
2125,3.8695e+05,-15073,0
2126,3.8692e+05,-15079,0
2127,3.8688e+05,-15085,0
2128,3.8685e+05,-15091,0
2129,3.8681e+05,-15097,0
2130,3.8678e+05,-15102,0
2131,3.8674e+05,-15108,0
2132,3.8671e+05,-15113,0
2133,3.8667e+05,-15119,0
2134,3.8664e+05,-15124,0
2135,3.866e+05,-15129,0
2136,3.8657e+05,-15134,0
2137,3.8653e+05,-15139,0
2138,3.865e+05,-15144,0
2139,3.8646e+05,-15149,0
2140,3.8643e+05,-15154,0
2141,3.8639e+05,-15158,0
2142,3.8636e+05,-15163,0
2143,3.8632e+05,-15167,0
2144,3.8629e+05,-15172,0
2145,3.8625e+05,-15176,0
2146,3.8622e+05,-15180,0
2147,3.8618e+05,-15185,0
2148,3.8615e+05,-15189,0
2149,3.8611e+05,-15193,0
2150,3.8608e+05,-15197,0
2151,3.8604e+05,-15201,0
2152,3.8601e+05,-15204,0
2153,3.8597e+05,-15208,0
2154,3.8594e+05,-15212,0
2155,3.859e+05,-15215,0
2156,3.8587e+05,-15219,0
2157,3.8583e+05,-15222,0
2158,3.8579e+05,-15225,0
2159,3.8576e+05,-15228,0
2160,3.8572e+05,-15231,0
2161,3.8569e+05,-15234,0
2162,3.8565e+05,-15237,0
2163,3.8562e+05,-15240,0
2164,3.8558e+05,-15243,0
2165,3.8555e+05,-15246,0
2166,3.8551e+05,-15248,0
2167,3.8548e+05,-15251,0
2168,3.8544e+05,-15253,0
2169,3.8541e+05,-15256,0
2170,3.8537e+05,-15258,0
2171,3.8534e+05,-15260,0
2172,3.853e+05,-15262,0
2173,3.8526e+05,-15264,0
2174,3.8523e+05,-15266,0
2175,3.8519e+05,-15268,0
2176,3.8516e+05,-15270,0
2177,3.8512e+05,-15271,0
2178,3.8509e+05,-15273,0
2179,3.8505e+05,-15275,0
2180,3.8502e+05,-15276,0
2181,3.8498e+05,-15277,0
2182,3.8495e+05,-15279,0
2183,3.8491e+05,-15280,0
2184,3.8487e+05,-15281,0
2185,3.8484e+05,-15282,0
2186,3.848e+05,-15283,0
2187,3.8477e+05,-15284,0
2188,3.8473e+05,-15284,0
2189,3.847e+05,-15285,0
2190,3.8466e+05,-15286,0
2191,3.8463e+05,-15286,0
2192,3.8459e+05,-15287,0
2193,3.8456e+05,-15287,0
2194,3.8452e+05,-15287,0
2195,3.8448e+05,-15287,0
2196,3.8445e+05,-15288,0
2197,3.8441e+05,-15288,0
2198,3.8438e+05,-15288,0
2199,3.8434e+05,-15287,0
2200,3.8431e+05,-15287,0
2201,3.8427e+05,-15287,0
2202,3.8424e+05,-15286,0
2203,3.842e+05,-15286,0
2204,3.8417e+05,-15285,0
2205,3.8413e+05,-15285,0
2206,3.8409e+05,-15284,0
2207,3.8406e+05,-15283,0
2208,3.8402e+05,-15282,0
2209,3.8399e+05,-15281,0
2210,3.8395e+05,-15280,0
2211,3.8392e+05,-15279,0
2212,3.8388e+05,-15278,0
2213,3.8385e+05,-15276,0
2214,3.8381e+05,-15275,0
2215,3.8378e+05,-15274,0
2216,3.8374e+05,-15272,0
2217,3.8371e+05,-15270,0
2218,3.8367e+05,-15269,0
2219,3.8363e+05,-15267,0
2220,3.836e+05,-15265,0
2221,3.8356e+05,-15263,0
2222,3.8353e+05,-15261,0
2223,3.8349e+05,-15259,0
2224,3.8346e+05,-15256,0
2225,3.8342e+05,-15254,0
2226,3.8339e+05,-15252,0
2227,3.8335e+05,-15249,0
2228,3.8332e+05,-15247,0
2229,3.8328e+05,-15244,0
2230,3.8324e+05,-15241,0
2231,3.8321e+05,-15238,0
2232,3.8317e+05,-15235,0
2233,3.8314e+05,-15232,0
2234,3.831e+05,-15229,0
2235,3.8307e+05,-15226,0
2236,3.8303e+05,-15223,0
2237,3.83e+05,-15220,0
2238,3.8296e+05,-15216,0
2239,3.8293e+05,-15213,0
2240,3.8289e+05,-15209,0
2241,3.8286e+05,-15206,0
2242,3.8282e+05,-15202,0
2243,3.8279e+05,-15198,0
2244,3.8275e+05,-15194,0
2245,3.8272e+05,-15190,0
2246,3.8268e+05,-15186,0
2247,3.8265e+05,-15182,0
2248,3.8261e+05,-15178,0
2249,3.8257e+05,-15173,0
2250,3.8254e+05,-15169,0
2251,3.825e+05,-15164,0
2252,3.8247e+05,-15160,0
2253,3.8243e+05,-15155,0
2254,3.824e+05,-15150,0
2255,3.8236e+05,-15146,0
2256,3.8233e+05,-15141,0
2257,3.8229e+05,-15136,0
2258,3.8226e+05,-15131,0
2259,3.8222e+05,-15125,0
2260,3.8219e+05,-15120,0
2261,3.8215e+05,-15115,0
2262,3.8212e+05,-15109,0
2263,3.8208e+05,-15104,0
2264,3.8205e+05,-15098,0
2265,3.8201e+05,-15093,0
2266,3.8198e+05,-15087,0
2267,3.8194e+05,-15081,0
2268,3.8191e+05,-15075,0
2269,3.8187e+05,-15069,0
2270,3.8184e+05,-15063,0
2271,3.818e+05,-15057,0
2272,3.8177e+05,-15051,0
2273,3.8173e+05,-15045,0
2274,3.817e+05,-15038,0
2275,3.8166e+05,-15032,0
2276,3.8163e+05,-15025,0
2277,3.8159e+05,-15019,0
2278,3.8156e+05,-15012,0
2279,3.8152e+05,-15005,0
2280,3.8149e+05,-14998,0
2281,3.8145e+05,-14991,0
2282,3.8142e+05,-14984,0
2283,3.8138e+05,-14977,0
2284,3.8135e+05,-14970,0
2285,3.8132e+05,-14962,0
2286,3.8128e+05,-14955,0
2287,3.8125e+05,-14948,0
2288,3.8121e+05,-14940,0
2289,3.8118e+05,-14932,0
2290,3.8114e+05,-14925,0
2291,3.8111e+05,-14917,0
2292,3.8107e+05,-14909,0
2293,3.8104e+05,-14901,0
2294,3.81e+05,-14893,0
2295,3.8097e+05,-14885,0
2296,3.8093e+05,-14877,0
2297,3.809e+05,-14869,0
2298,3.8087e+05,-14860,0
2299,3.8083e+05,-14852,0
2300,3.808e+05,-14843,0
2301,3.8076e+05,-14835,0
2302,3.8073e+05,-14826,0
2303,3.8069e+05,-14817,0
2304,3.8066e+05,-14808,0
2305,3.8062e+05,-14799,0
2306,3.8059e+05,-14790,0
2307,3.8056e+05,-14781,0
2308,3.8052e+05,-14772,0
2309,3.8049e+05,-14763,0
2310,3.8045e+05,-14754,0
2311,3.8042e+05,-14744,0
2312,3.8038e+05,-14735,0
2313,3.8035e+05,-14725,0
2314,3.8032e+05,-14715,0
2315,3.8028e+05,-14706,0
2316,3.8025e+05,-14696,0
2317,3.8021e+05,-14686,0
2318,3.8018e+05,-14676,0
2319,3.8015e+05,-14666,0
2320,3.8011e+05,-14656,0
2321,3.8008e+05,-14646,0
2322,3.8004e+05,-14635,0
2323,3.8001e+05,-14625,0
2324,3.7998e+05,-14614,0
2325,3.7994e+05,-14604,0
2326,3.7991e+05,-14593,0
2327,3.7987e+05,-14583,0
2328,3.7984e+05,-14572,0
2329,3.7981e+05,-14561,0
2330,3.7977e+05,-14550,0
2331,3.7974e+05,-14539,0
2332,3.7971e+05,-14528,0
2333,3.7967e+05,-14517,0
2334,3.7964e+05,-14505,0
2335,3.796e+05,-14494,0
2336,3.7957e+05,-14483,0
2337,3.7954e+05,-14471,0
2338,3.795e+05,-14460,0
2339,3.7947e+05,-14448,0
2340,3.7944e+05,-14436,0
2341,3.794e+05,-14424,0
2342,3.7937e+05,-14413,0
2343,3.7934e+05,-14401,0
2344,3.793e+05,-14388,0
2345,3.7927e+05,-14376,0
2346,3.7924e+05,-14364,0
2347,3.792e+05,-14352,0
2348,3.7917e+05,-14339,0
2349,3.7914e+05,-14327,0
2350,3.791e+05,-14314,0
2351,3.7907e+05,-14302,0
2352,3.7904e+05,-14289,0
2353,3.79e+05,-14276,0
2354,3.7897e+05,-14264,0
2355,3.7894e+05,-14251,0
2356,3.789e+05,-14238,0
2357,3.7887e+05,-14225,0
2358,3.7884e+05,-14211,0
2359,3.788e+05,-14198,0
2360,3.7877e+05,-14185,0
2361,3.7874e+05,-14172,0
2362,3.7871e+05,-14158,0
2363,3.7867e+05,-14145,0
2364,3.7864e+05,-14131,0
2365,3.7861e+05,-14117,0
2366,3.7857e+05,-14103,0
2367,3.7854e+05,-14090,0
2368,3.7851e+05,-14076,0
2369,3.7848e+05,-14062,0
2370,3.7844e+05,-14048,0
2371,3.7841e+05,-14033,0
2372,3.7838e+05,-14019,0
2373,3.7835e+05,-14005,0
2374,3.7831e+05,-13990,0
2375,3.7828e+05,-13976,0
2376,3.7825e+05,-13961,0
2377,3.7822e+05,-13947,0
2378,3.7818e+05,-13932,0
2379,3.7815e+05,-13917,0
2380,3.7812e+05,-13902,0
2381,3.7809e+05,-13888,0
2382,3.7805e+05,-13873,0
2383,3.7802e+05,-13857,0
2384,3.7799e+05,-13842,0
2385,3.7796e+05,-13827,0
2386,3.7793e+05,-13812,0
2387,3.7789e+05,-13796,0
2388,3.7786e+05,-13781,0
2389,3.7783e+05,-13765,0
2390,3.778e+05,-13750,0
2391,3.7777e+05,-13734,0
2392,3.7773e+05,-13718,0
2393,3.777e+05,-13702,0
2394,3.7767e+05,-13687,0
2395,3.7764e+05,-13671,0
2396,3.7761e+05,-13654,0
2397,3.7758e+05,-13638,0
2398,3.7754e+05,-13622,0
2399,3.7751e+05,-13606,0
2400,3.7748e+05,-13589,0
2401,3.7745e+05,-13573,0
2402,3.7742e+05,-13556,0
2403,3.7739e+05,-13540,0
2404,3.7735e+05,-13523,0
2405,3.7732e+05,-13506,0
2406,3.7729e+05,-13490,0
2407,3.7726e+05,-13473,0
2408,3.7723e+05,-13456,0
2409,3.772e+05,-13439,0
2410,3.7717e+05,-13422,0
2411,3.7714e+05,-13404,0
2412,3.771e+05,-13387,0
2413,3.7707e+05,-13370,0
2414,3.7704e+05,-13352,0
2415,3.7701e+05,-13335,0
2416,3.7698e+05,-13317,0
2417,3.7695e+05,-13300,0
2418,3.7692e+05,-13282,0
2419,3.7689e+05,-13264,0
2420,3.7686e+05,-13246,0
2421,3.7683e+05,-13229,0
2422,3.768e+05,-13211,0
2423,3.7676e+05,-13192,0
2424,3.7673e+05,-13174,0
2425,3.767e+05,-13156,0
2426,3.7667e+05,-13138,0
2427,3.7664e+05,-13120,0
2428,3.7661e+05,-13101,0
2429,3.7658e+05,-13083,0
2430,3.7655e+05,-13064,0
2431,3.7652e+05,-13045,0
2432,3.7649e+05,-13027,0
2433,3.7646e+05,-13008,0
2434,3.7643e+05,-12989,0
2435,3.764e+05,-12970,0
2436,3.7637e+05,-12951,0
2437,3.7634e+05,-12932,0
2438,3.7631e+05,-12913,0
2439,3.7628e+05,-12894,0
2440,3.7625e+05,-12874,0
2441,3.7622e+05,-12855,0
2442,3.7619e+05,-12836,0
2443,3.7616e+05,-12816,0
2444,3.7613e+05,-12796,0
2445,3.761e+05,-12777,0
2446,3.7607e+05,-12757,0
2447,3.7604e+05,-12737,0
2448,3.7601e+05,-12717,0
2449,3.7598e+05,-12698,0
2450,3.7595e+05,-12678,0
2451,3.7592e+05,-12657,0
2452,3.7589e+05,-12637,0
2453,3.7586e+05,-12617,0
2454,3.7584e+05,-12597,0
2455,3.7581e+05,-12577,0
2456,3.7578e+05,-12556,0
2457,3.7575e+05,-12536,0
2458,3.7572e+05,-12515,0
2459,3.7569e+05,-12494,0
2460,3.7566e+05,-12474,0
2461,3.7563e+05,-12453,0
2462,3.756e+05,-12432,0
2463,3.7557e+05,-12411,0
2464,3.7554e+05,-12390,0
2465,3.7552e+05,-12369,0
2466,3.7549e+05,-12348,0
2467,3.7546e+05,-12327,0
2468,3.7543e+05,-12306,0
2469,3.754e+05,-12284,0
2470,3.7537e+05,-12263,0
2471,3.7534e+05,-12242,0
2472,3.7532e+05,-12220,0
2473,3.7529e+05,-12199,0
2474,3.7526e+05,-12177,0
2475,3.7523e+05,-12155,0
2476,3.752e+05,-12133,0
2477,3.7517e+05,-12112,0
2478,3.7515e+05,-12090,0
2479,3.7512e+05,-12068,0
2480,3.7509e+05,-12046,0
2481,3.7506e+05,-12024,0
2482,3.7503e+05,-12001,0
2483,3.7501e+05,-11979,0
2484,3.7498e+05,-11957,0
2485,3.7495e+05,-11934,0
2486,3.7492e+05,-11912,0
2487,3.749e+05,-11889,0
2488,3.7487e+05,-11867,0
2489,3.7484e+05,-11844,0
2490,3.7481e+05,-11822,0
2491,3.7479e+05,-11799,0
2492,3.7476e+05,-11776,0
2493,3.7473e+05,-11753,0
2494,3.747e+05,-11730,0
2495,3.7468e+05,-11707,0
2496,3.7465e+05,-11684,0
2497,3.7462e+05,-11661,0
2498,3.7459e+05,-11638,0
2499,3.7457e+05,-11614,0
2500,3.7454e+05,-11591,0
2501,3.7451e+05,-11567,0
2502,3.7449e+05,-11544,0
2503,3.7446e+05,-11520,0
2504,3.7443e+05,-11497,0
2505,3.7441e+05,-11473,0
2506,3.7438e+05,-11449,0
2507,3.7435e+05,-11426,0
2508,3.7433e+05,-11402,0
2509,3.743e+05,-11378,0
2510,3.7427e+05,-11354,0
2511,3.7425e+05,-11330,0
2512,3.7422e+05,-11306,0
2513,3.7419e+05,-11281,0
2514,3.7417e+05,-11257,0
2515,3.7414e+05,-11233,0
2516,3.7412e+05,-11209,0
2517,3.7409e+05,-11184,0
2518,3.7406e+05,-11160,0
2519,3.7404e+05,-11135,0
2520,3.7401e+05,-11110,0
2521,3.7399e+05,-11086,0
2522,3.7396e+05,-11061,0
2523,3.7393e+05,-11036,0
2524,3.7391e+05,-11011,0
2525,3.7388e+05,-10986,0
2526,3.7386e+05,-10961,0
2527,3.7383e+05,-10936,0
2528,3.7381e+05,-10911,0
2529,3.7378e+05,-10886,0
2530,3.7376e+05,-10861,0
2531,3.7373e+05,-10836,0
2532,3.7371e+05,-10810,0
2533,3.7368e+05,-10785,0
2534,3.7366e+05,-10759,0
2535,3.7363e+05,-10734,0
2536,3.7361e+05,-10708,0
2537,3.7358e+05,-10683,0
2538,3.7356e+05,-10657,0
2539,3.7353e+05,-10631,0
2540,3.7351e+05,-10605,0
2541,3.7348e+05,-10579,0
2542,3.7346e+05,-10554,0
2543,3.7343e+05,-10528,0
2544,3.7341e+05,-10501,0
2545,3.7338e+05,-10475,0
2546,3.7336e+05,-10449,0
2547,3.7334e+05,-10423,0
2548,3.7331e+05,-10397,0
2549,3.7329e+05,-10370,0
2550,3.7326e+05,-10344,0
2551,3.7324e+05,-10317,0
2552,3.7321e+05,-10291,0
2553,3.7319e+05,-10264,0
2554,3.7317e+05,-10238,0
2555,3.7314e+05,-10211,0
2556,3.7312e+05,-10184,0
2557,3.731e+05,-10157,0
2558,3.7307e+05,-10131,0
2559,3.7305e+05,-10104,0
2560,3.7302e+05,-10077,0
2561,3.73e+05,-10050,0
2562,3.7298e+05,-10023,0
2563,3.7295e+05,-9995.5,0
2564,3.7293e+05,-9968.3,0
2565,3.7291e+05,-9941,0
2566,3.7289e+05,-9913.7,0
2567,3.7286e+05,-9886.4,0
2568,3.7284e+05,-9858.9,0
2569,3.7282e+05,-9831.5,0
2570,3.7279e+05,-9803.9,0
2571,3.7277e+05,-9776.4,0
2572,3.7275e+05,-9748.7,0
2573,3.7273e+05,-9721,0
2574,3.727e+05,-9693.3,0
2575,3.7268e+05,-9665.5,0
2576,3.7266e+05,-9637.6,0
2577,3.7263e+05,-9609.7,0
2578,3.7261e+05,-9581.8,0
2579,3.7259e+05,-9553.8,0
2580,3.7257e+05,-9525.7,0
2581,3.7255e+05,-9497.6,0
2582,3.7252e+05,-9469.4,0
2583,3.725e+05,-9441.2,0
2584,3.7248e+05,-9412.9,0
2585,3.7246e+05,-9384.6,0
2586,3.7244e+05,-9356.2,0
2587,3.7241e+05,-9327.8,0
2588,3.7239e+05,-9299.3,0
2589,3.7237e+05,-9270.7,0
2590,3.7235e+05,-9242.2,0
2591,3.7233e+05,-9213.5,0
2592,3.7231e+05,-9184.8,0
2593,3.7229e+05,-9156.1,0
2594,3.7226e+05,-9127.3,0
2595,3.7224e+05,-9098.5,0
2596,3.7222e+05,-9069.6,0
2597,3.722e+05,-9040.6,0
2598,3.7218e+05,-9011.6,0
2599,3.7216e+05,-8982.6,0
2600,3.7214e+05,-8953.5,0
2601,3.7212e+05,-8924.3,0
2602,3.721e+05,-8895.1,0
2603,3.7208e+05,-8865.9,0
2604,3.7205e+05,-8836.6,0
2605,3.7203e+05,-8807.3,0
2606,3.7201e+05,-8777.9,0
2607,3.7199e+05,-8748.4,0
2608,3.7197e+05,-8718.9,0
2609,3.7195e+05,-8689.4,0
2610,3.7193e+05,-8659.8,0
2611,3.7191e+05,-8630.2,0
2612,3.7189e+05,-8600.5,0
2613,3.7187e+05,-8570.8,0
2614,3.7185e+05,-8541,0
2615,3.7183e+05,-8511.1,0
2616,3.7181e+05,-8481.3,0
2617,3.7179e+05,-8451.4,0
2618,3.7177e+05,-8421.4,0
2619,3.7175e+05,-8391.4,0
2620,3.7173e+05,-8361.3,0
2621,3.7171e+05,-8331.2,0
2622,3.717e+05,-8301,0
2623,3.7168e+05,-8270.8,0
2624,3.7166e+05,-8240.6,0
2625,3.7164e+05,-8210.3,0
2626,3.7162e+05,-8180,0
2627,3.716e+05,-8149.6,0
2628,3.7158e+05,-8119.1,0
2629,3.7156e+05,-8088.7,0
2630,3.7154e+05,-8058.1,0
2631,3.7152e+05,-8027.6,0
2632,3.7151e+05,-7997,0
2633,3.7149e+05,-7966.3,0
2634,3.7147e+05,-7935.6,0
2635,3.7145e+05,-7904.9,0
2636,3.7143e+05,-7874.1,0
2637,3.7141e+05,-7843.2,0
2638,3.7139e+05,-7812.4,0
2639,3.7138e+05,-7781.4,0
2640,3.7136e+05,-7750.5,0
2641,3.7134e+05,-7719.5,0
2642,3.7132e+05,-7688.4,0
2643,3.713e+05,-7657.3,0
2644,3.7129e+05,-7626.2,0
2645,3.7127e+05,-7595,0
2646,3.7125e+05,-7563.8,0
2647,3.7123e+05,-7532.5,0
2648,3.7122e+05,-7501.2,0
2649,3.712e+05,-7469.9,0
2650,3.7118e+05,-7438.5,0
2651,3.7116e+05,-7407.1,0
2652,3.7115e+05,-7375.6,0
2653,3.7113e+05,-7344.1,0
2654,3.7111e+05,-7312.5,0
2655,3.711e+05,-7280.9,0
2656,3.7108e+05,-7249.3,0
2657,3.7106e+05,-7217.6,0
2658,3.7104e+05,-7185.9,0
2659,3.7103e+05,-7154.1,0
2660,3.7101e+05,-7122.3,0
2661,3.7099e+05,-7090.5,0
2662,3.7098e+05,-7058.6,0
2663,3.7096e+05,-7026.7,0
2664,3.7095e+05,-6994.8,0
2665,3.7093e+05,-6962.8,0
2666,3.7091e+05,-6930.7,0
2667,3.709e+05,-6898.7,0
2668,3.7088e+05,-6866.6,0
2669,3.7086e+05,-6834.4,0
2670,3.7085e+05,-6802.2,0
2671,3.7083e+05,-6770,0
2672,3.7082e+05,-6737.7,0
2673,3.708e+05,-6705.4,0
2674,3.7079e+05,-6673.1,0
2675,3.7077e+05,-6640.7,0
2676,3.7076e+05,-6608.3,0
2677,3.7074e+05,-6575.9,0
2678,3.7072e+05,-6543.4,0
2679,3.7071e+05,-6510.9,0
