0,3.8438e+05,-9294.9,0
1,3.8442e+05,-9294.8,0
2,3.8446e+05,-9294.6,0
3,3.8451e+05,-9294.2,0
4,3.8455e+05,-9293.6,0
5,3.8459e+05,-9292.8,0
6,3.8463e+05,-9291.8,0
7,3.8467e+05,-9290.7,0
8,3.8471e+05,-9289.3,0
9,3.8475e+05,-9287.8,0
10,3.8479e+05,-9286.1,0
11,3.8483e+05,-9284.2,0
12,3.8488e+05,-9282.2,0
13,3.8492e+05,-9279.9,0
14,3.8496e+05,-9277.5,0
15,3.85e+05,-9274.9,0
16,3.8504e+05,-9272.1,0
17,3.8508e+05,-9269.1,0
18,3.8512e+05,-9265.9,0
19,3.8516e+05,-9262.6,0
20,3.852e+05,-9259.1,0
21,3.8525e+05,-9255.3,0
22,3.8529e+05,-9251.4,0
23,3.8533e+05,-9247.4,0
24,3.8537e+05,-9243.1,0
25,3.8541e+05,-9238.7,0
26,3.8545e+05,-9234.1,0
27,3.8549e+05,-9229.2,0
28,3.8553e+05,-9224.3,0
29,3.8557e+05,-9219.1,0
30,3.8561e+05,-9213.7,0
31,3.8565e+05,-9208.2,0
32,3.8569e+05,-9202.5,0
33,3.8574e+05,-9196.6,0
34,3.8578e+05,-9190.5,0
35,3.8582e+05,-9184.3,0
36,3.8586e+05,-9177.8,0
37,3.859e+05,-9171.2,0
38,3.8594e+05,-9164.4,0
39,3.8598e+05,-9157.4,0
40,3.8602e+05,-9150.3,0
41,3.8606e+05,-9142.9,0
42,3.861e+05,-9135.4,0
43,3.8614e+05,-9127.7,0
44,3.8618e+05,-9119.8,0
45,3.8622e+05,-9111.8,0
46,3.8626e+05,-9103.5,0
47,3.863e+05,-9095.1,0
48,3.8634e+05,-9086.5,0
49,3.8638e+05,-9077.7,0
50,3.8642e+05,-9068.7,0
51,3.8646e+05,-9059.6,0
52,3.865e+05,-9050.3,0
53,3.8654e+05,-9040.8,0
54,3.8658e+05,-9031.1,0
55,3.8662e+05,-9021.3,0
56,3.8666e+05,-9011.2,0
57,3.867e+05,-9001,0
58,3.8674e+05,-8990.6,0
59,3.8678e+05,-8980.1,0
60,3.8682e+05,-8969.3,0
61,3.8686e+05,-8958.4,0
62,3.869e+05,-8947.3,0
63,3.8694e+05,-8936.1,0
64,3.8698e+05,-8924.6,0
65,3.8702e+05,-8913,0
66,3.8706e+05,-8901.2,0
67,3.871e+05,-8889.2,0
68,3.8714e+05,-8877.1,0
69,3.8718e+05,-8864.7,0
70,3.8722e+05,-8852.2,0
71,3.8726e+05,-8839.6,0
72,3.873e+05,-8826.7,0
73,3.8734e+05,-8813.7,0
74,3.8737e+05,-8800.5,0
75,3.8741e+05,-8787.1,0
76,3.8745e+05,-8773.6,0
77,3.8749e+05,-8759.9,0
78,3.8753e+05,-8746,0
79,3.8757e+05,-8731.9,0
80,3.8761e+05,-8717.7,0
81,3.8765e+05,-8703.3,0
82,3.8768e+05,-8688.7,0
83,3.8772e+05,-8673.9,0
84,3.8776e+05,-8659,0
85,3.878e+05,-8643.9,0
86,3.8784e+05,-8628.6,0
87,3.8788e+05,-8613.2,0
88,3.8791e+05,-8597.6,0
89,3.8795e+05,-8581.8,0
90,3.8799e+05,-8565.9,0
91,3.8803e+05,-8549.8,0
92,3.8807e+05,-8533.5,0
93,3.881e+05,-8517,0
94,3.8814e+05,-8500.4,0
95,3.8818e+05,-8483.6,0
96,3.8822e+05,-8466.7,0
97,3.8825e+05,-8449.6,0
98,3.8829e+05,-8432.3,0
99,3.8833e+05,-8414.8,0
100,3.8837e+05,-8397.2,0
101,3.884e+05,-8379.4,0
102,3.8844e+05,-8361.4,0
103,3.8848e+05,-8343.3,0
104,3.8851e+05,-8325,0
105,3.8855e+05,-8306.6,0
106,3.8859e+05,-8288,0
107,3.8862e+05,-8269.2,0
108,3.8866e+05,-8250.3,0
109,3.887e+05,-8231.2,0
110,3.8873e+05,-8211.9,0
111,3.8877e+05,-8192.5,0
112,3.8881e+05,-8172.9,0
113,3.8884e+05,-8153.1,0
114,3.8888e+05,-8133.2,0
115,3.8892e+05,-8113.1,0
116,3.8895e+05,-8092.9,0
117,3.8899e+05,-8072.5,0
118,3.8902e+05,-8052,0
119,3.8906e+05,-8031.2,0
120,3.8909e+05,-8010.4,0
121,3.8913e+05,-7989.3,0
122,3.8916e+05,-7968.2,0
123,3.892e+05,-7946.8,0
124,3.8924e+05,-7925.3,0
125,3.8927e+05,-7903.6,0
126,3.8931e+05,-7881.8,0
127,3.8934e+05,-7859.9,0
128,3.8937e+05,-7837.7,0
129,3.8941e+05,-7815.5,0
130,3.8944e+05,-7793,0
131,3.8948e+05,-7770.4,0
132,3.8951e+05,-7747.7,0
133,3.8955e+05,-7724.8,0
134,3.8958e+05,-7701.7,0
135,3.8962e+05,-7678.5,0
136,3.8965e+05,-7655.2,0
137,3.8968e+05,-7631.7,0
138,3.8972e+05,-7608,0
139,3.8975e+05,-7584.2,0
140,3.8978e+05,-7560.2,0
141,3.8982e+05,-7536.1,0
142,3.8985e+05,-7511.9,0
143,3.8988e+05,-7487.5,0
144,3.8992e+05,-7462.9,0
145,3.8995e+05,-7438.2,0
146,3.8998e+05,-7413.4,0
147,3.9002e+05,-7388.4,0
148,3.9005e+05,-7363.2,0
149,3.9008e+05,-7337.9,0
150,3.9011e+05,-7312.5,0
151,3.9015e+05,-7286.9,0
152,3.9018e+05,-7261.2,0
153,3.9021e+05,-7235.3,0
154,3.9024e+05,-7209.3,0
155,3.9028e+05,-7183.2,0
156,3.9031e+05,-7156.9,0
157,3.9034e+05,-7130.4,0
158,3.9037e+05,-7103.9,0
159,3.904e+05,-7077.1,0
160,3.9043e+05,-7050.3,0
161,3.9046e+05,-7023.3,0
162,3.905e+05,-6996.2,0
163,3.9053e+05,-6968.9,0
164,3.9056e+05,-6941.5,0
165,3.9059e+05,-6913.9,0
166,3.9062e+05,-6886.2,0
167,3.9065e+05,-6858.4,0
168,3.9068e+05,-6830.4,0
169,3.9071e+05,-6802.3,0
170,3.9074e+05,-6774.1,0
171,3.9077e+05,-6745.7,0
172,3.908e+05,-6717.2,0
173,3.9083e+05,-6688.6,0
174,3.9086e+05,-6659.8,0
175,3.9089e+05,-6630.9,0
176,3.9092e+05,-6601.9,0
177,3.9095e+05,-6572.8,0
178,3.9098e+05,-6543.5,0
179,3.91e+05,-6514.1,0
180,3.9103e+05,-6484.5,0
181,3.9106e+05,-6454.8,0
182,3.9109e+05,-6425,0
183,3.9112e+05,-6395.1,0
184,3.9115e+05,-6365,0
185,3.9118e+05,-6334.8,0
186,3.912e+05,-6304.5,0
187,3.9123e+05,-6274.1,0
188,3.9126e+05,-6243.5,0
189,3.9129e+05,-6212.8,0
190,3.9131e+05,-6182,0
191,3.9134e+05,-6151.1,0
192,3.9137e+05,-6120.1,0
193,3.914e+05,-6088.9,0
194,3.9142e+05,-6057.6,0
195,3.9145e+05,-6026.2,0
196,3.9148e+05,-5994.6,0
197,3.915e+05,-5963,0
198,3.9153e+05,-5931.2,0
199,3.9156e+05,-5899.3,0
200,3.9158e+05,-5867.3,0
201,3.9161e+05,-5835.2,0
202,3.9163e+05,-5803,0
203,3.9166e+05,-5770.6,0
204,3.9168e+05,-5738.1,0
205,3.9171e+05,-5705.6,0
206,3.9174e+05,-5672.9,0
207,3.9176e+05,-5640.1,0
208,3.9179e+05,-5607.1,0
209,3.9181e+05,-5574.1,0
210,3.9184e+05,-5541,0
211,3.9186e+05,-5507.7,0
212,3.9188e+05,-5474.3,0
213,3.9191e+05,-5440.9,0
214,3.9193e+05,-5407.3,0
215,3.9196e+05,-5373.6,0
216,3.9198e+05,-5339.8,0
217,3.92e+05,-5305.9,0
218,3.9203e+05,-5271.9,0
219,3.9205e+05,-5237.8,0
220,3.9207e+05,-5203.6,0
221,3.921e+05,-5169.3,0
222,3.9212e+05,-5134.9,0
223,3.9214e+05,-5100.3,0
224,3.9216e+05,-5065.7,0
225,3.9219e+05,-5031,0
226,3.9221e+05,-4996.2,0
227,3.9223e+05,-4961.2,0
228,3.9225e+05,-4926.2,0
229,3.9228e+05,-4891.1,0
230,3.923e+05,-4855.9,0
231,3.9232e+05,-4820.6,0
232,3.9234e+05,-4785.2,0
233,3.9236e+05,-4749.7,0
234,3.9238e+05,-4714.1,0
235,3.924e+05,-4678.4,0
236,3.9242e+05,-4642.6,0
237,3.9244e+05,-4606.7,0
238,3.9246e+05,-4570.8,0
239,3.9248e+05,-4534.7,0
240,3.925e+05,-4498.6,0
241,3.9252e+05,-4462.3,0
242,3.9254e+05,-4426,0
243,3.9256e+05,-4389.6,0
244,3.9258e+05,-4353.1,0
245,3.926e+05,-4316.5,0
246,3.9262e+05,-4279.8,0
247,3.9264e+05,-4243,0
248,3.9266e+05,-4206.2,0
249,3.9268e+05,-4169.3,0
250,3.927e+05,-4132.3,0
251,3.9271e+05,-4095.2,0
252,3.9273e+05,-4058,0
253,3.9275e+05,-4020.7,0
254,3.9277e+05,-3983.4,0
255,3.9279e+05,-3946,0
256,3.928e+05,-3908.5,0
257,3.9282e+05,-3870.9,0
258,3.9284e+05,-3833.3,0
259,3.9285e+05,-3795.6,0
260,3.9287e+05,-3757.8,0
261,3.9289e+05,-3719.9,0
262,3.929e+05,-3681.9,0
263,3.9292e+05,-3643.9,0
264,3.9294e+05,-3605.8,0
265,3.9295e+05,-3567.7,0
266,3.9297e+05,-3529.4,0
267,3.9298e+05,-3491.1,0
268,3.93e+05,-3452.7,0
269,3.9301e+05,-3414.3,0
270,3.9303e+05,-3375.8,0
271,3.9304e+05,-3337.2,0
272,3.9306e+05,-3298.6,0
273,3.9307e+05,-3259.9,0
274,3.9309e+05,-3221.1,0
275,3.931e+05,-3182.2,0
276,3.9312e+05,-3143.3,0
277,3.9313e+05,-3104.4,0
278,3.9314e+05,-3065.3,0
279,3.9316e+05,-3026.3,0
280,3.9317e+05,-2987.1,0
281,3.9318e+05,-2947.9,0
282,3.932e+05,-2908.6,0
283,3.9321e+05,-2869.3,0
284,3.9322e+05,-2829.9,0
285,3.9323e+05,-2790.5,0
286,3.9325e+05,-2751,0
287,3.9326e+05,-2711.4,0
288,3.9327e+05,-2671.8,0
289,3.9328e+05,-2632.2,0
290,3.9329e+05,-2592.5,0
291,3.9331e+05,-2552.7,0
292,3.9332e+05,-2512.9,0
293,3.9333e+05,-2473,0
294,3.9334e+05,-2433.1,0
295,3.9335e+05,-2393.2,0
296,3.9336e+05,-2353.2,0
297,3.9337e+05,-2313.1,0
298,3.9338e+05,-2273,0
299,3.9339e+05,-2232.9,0
300,3.934e+05,-2192.7,0
301,3.9341e+05,-2152.4,0
302,3.9342e+05,-2112.2,0
303,3.9343e+05,-2071.9,0
304,3.9344e+05,-2031.5,0
305,3.9345e+05,-1991.1,0
306,3.9346e+05,-1950.7,0
307,3.9346e+05,-1910.2,0
308,3.9347e+05,-1869.7,0
309,3.9348e+05,-1829.1,0
310,3.9349e+05,-1788.5,0
311,3.935e+05,-1747.9,0
312,3.935e+05,-1707.2,0
313,3.9351e+05,-1666.5,0
314,3.9352e+05,-1625.8,0
315,3.9353e+05,-1585.1,0
316,3.9353e+05,-1544.3,0
317,3.9354e+05,-1503.4,0
318,3.9355e+05,-1462.6,0
319,3.9355e+05,-1421.7,0
320,3.9356e+05,-1380.8,0
321,3.9357e+05,-1339.9,0
322,3.9357e+05,-1298.9,0
323,3.9358e+05,-1257.9,0
324,3.9358e+05,-1216.9,0
325,3.9359e+05,-1175.9,0
326,3.9359e+05,-1134.8,0
327,3.936e+05,-1093.7,0
328,3.936e+05,-1052.6,0
329,3.9361e+05,-1011.5,0
330,3.9361e+05,-970.33,0
331,3.9362e+05,-929.16,0
332,3.9362e+05,-887.98,0
333,3.9362e+05,-846.77,0
334,3.9363e+05,-805.55,0
335,3.9363e+05,-764.32,0
336,3.9363e+05,-723.07,0
337,3.9364e+05,-681.8,0
338,3.9364e+05,-640.52,0
339,3.9364e+05,-599.23,0
340,3.9365e+05,-557.93,0
341,3.9365e+05,-516.61,0
342,3.9365e+05,-475.29,0
343,3.9365e+05,-433.95,0
344,3.9365e+05,-392.61,0
345,3.9366e+05,-351.26,0
346,3.9366e+05,-309.9,0
347,3.9366e+05,-268.54,0
348,3.9366e+05,-227.17,0
349,3.9366e+05,-185.79,0
350,3.9366e+05,-144.41,0
351,3.9366e+05,-103.03,0
352,3.9366e+05,-61.651,0
353,3.9366e+05,-20.267,0
354,3.9366e+05,21.118,0
355,3.9366e+05,62.502,0
356,3.9366e+05,103.88,0
357,3.9366e+05,145.27,0
358,3.9366e+05,186.64,0
359,3.9366e+05,228.02,0
360,3.9366e+05,269.39,0
361,3.9366e+05,310.75,0
362,3.9366e+05,352.11,0
363,3.9365e+05,393.46,0
364,3.9365e+05,434.8,0
365,3.9365e+05,476.14,0
366,3.9365e+05,517.46,0
367,3.9365e+05,558.78,0
368,3.9364e+05,600.08,0
369,3.9364e+05,641.37,0
370,3.9364e+05,682.65,0
371,3.9363e+05,723.92,0
372,3.9363e+05,765.17,0
373,3.9363e+05,806.4,0
374,3.9362e+05,847.62,0
375,3.9362e+05,888.82,0
376,3.9362e+05,930.01,0
377,3.9361e+05,971.18,0
378,3.9361e+05,1012.3,0
379,3.936e+05,1053.4,0
380,3.936e+05,1094.6,0
381,3.9359e+05,1135.6,0
382,3.9359e+05,1176.7,0
383,3.9358e+05,1217.7,0
384,3.9358e+05,1258.8,0
385,3.9357e+05,1299.7,0
386,3.9357e+05,1340.7,0
387,3.9356e+05,1381.6,0
388,3.9355e+05,1422.5,0
389,3.9355e+05,1463.4,0
390,3.9354e+05,1504.3,0
391,3.9353e+05,1545.1,0
392,3.9353e+05,1585.9,0
393,3.9352e+05,1626.7,0
394,3.9351e+05,1667.4,0
395,3.935e+05,1708.1,0
396,3.935e+05,1748.7,0
397,3.9349e+05,1789.4,0
398,3.9348e+05,1829.9,0
399,3.9347e+05,1870.5,0
400,3.9346e+05,1911,0
401,3.9346e+05,1951.5,0
402,3.9345e+05,1991.9,0
403,3.9344e+05,2032.3,0
404,3.9343e+05,2072.7,0
405,3.9342e+05,2113,0
406,3.9341e+05,2153.3,0
407,3.934e+05,2193.5,0
408,3.9339e+05,2233.7,0
409,3.9338e+05,2273.8,0
410,3.9337e+05,2313.9,0
411,3.9336e+05,2354,0
412,3.9335e+05,2394,0
413,3.9334e+05,2433.9,0
414,3.9333e+05,2473.9,0
415,3.9332e+05,2513.7,0
416,3.9331e+05,2553.5,0
417,3.9329e+05,2593.3,0
418,3.9328e+05,2633,0
419,3.9327e+05,2672.6,0
420,3.9326e+05,2712.3,0
421,3.9325e+05,2751.8,0
422,3.9323e+05,2791.3,0
423,3.9322e+05,2830.7,0
424,3.9321e+05,2870.1,0
425,3.932e+05,2909.4,0
426,3.9318e+05,2948.7,0
427,3.9317e+05,2987.9,0
428,3.9316e+05,3027.1,0
429,3.9314e+05,3066.1,0
430,3.9313e+05,3105.2,0
431,3.9312e+05,3144.1,0
432,3.931e+05,3183,0
433,3.9309e+05,3221.9,0
434,3.9307e+05,3260.7,0
435,3.9306e+05,3299.4,0
436,3.9304e+05,3338,0
437,3.9303e+05,3376.6,0
438,3.9301e+05,3415.1,0
439,3.93e+05,3453.5,0
440,3.9298e+05,3491.9,0
441,3.9297e+05,3530.2,0
442,3.9295e+05,3568.5,0
443,3.9294e+05,3606.6,0
444,3.9292e+05,3644.7,0
445,3.929e+05,3682.7,0
446,3.9289e+05,3720.7,0
447,3.9287e+05,3758.5,0
448,3.9285e+05,3796.3,0
449,3.9284e+05,3834.1,0
450,3.9282e+05,3871.7,0
451,3.928e+05,3909.3,0
452,3.9279e+05,3946.8,0
453,3.9277e+05,3984.2,0
454,3.9275e+05,4021.5,0
455,3.9273e+05,4058.8,0
456,3.9271e+05,4095.9,0
457,3.927e+05,4133,0
458,3.9268e+05,4170,0
459,3.9266e+05,4207,0
460,3.9264e+05,4243.8,0
461,3.9262e+05,4280.6,0
462,3.926e+05,4317.2,0
463,3.9258e+05,4353.8,0
464,3.9256e+05,4390.3,0
465,3.9254e+05,4426.7,0
466,3.9252e+05,4463.1,0
467,3.925e+05,4499.3,0
468,3.9248e+05,4535.4,0
469,3.9246e+05,4571.5,0
470,3.9244e+05,4607.5,0
471,3.9242e+05,4643.3,0
472,3.924e+05,4679.1,0
473,3.9238e+05,4714.8,0
474,3.9236e+05,4750.4,0
475,3.9234e+05,4785.9,0
476,3.9232e+05,4821.3,0
477,3.923e+05,4856.6,0
478,3.9227e+05,4891.8,0
479,3.9225e+05,4927,0
480,3.9223e+05,4962,0
481,3.9221e+05,4996.9,0
482,3.9219e+05,5031.7,0
483,3.9216e+05,5066.4,0
484,3.9214e+05,5101,0
485,3.9212e+05,5135.6,0
486,3.921e+05,5170,0
487,3.9207e+05,5204.3,0
488,3.9205e+05,5238.5,0
489,3.9203e+05,5272.6,0
490,3.92e+05,5306.6,0
491,3.9198e+05,5340.5,0
492,3.9196e+05,5374.3,0
493,3.9193e+05,5408,0
494,3.9191e+05,5441.6,0
495,3.9188e+05,5475,0
496,3.9186e+05,5508.4,0
497,3.9183e+05,5541.6,0
498,3.9181e+05,5574.8,0
499,3.9179e+05,5607.8,0
500,3.9176e+05,5640.7,0
501,3.9173e+05,5673.5,0
502,3.9171e+05,5706.2,0
503,3.9168e+05,5738.8,0
504,3.9166e+05,5771.3,0
505,3.9163e+05,5803.6,0
506,3.9161e+05,5835.9,0
507,3.9158e+05,5868,0
508,3.9156e+05,5900,0
509,3.9153e+05,5931.9,0
510,3.915e+05,5963.6,0
511,3.9148e+05,5995.3,0
512,3.9145e+05,6026.8,0
513,3.9142e+05,6058.2,0
514,3.914e+05,6089.5,0
515,3.9137e+05,6120.7,0
516,3.9134e+05,6151.7,0
517,3.9131e+05,6182.7,0
518,3.9129e+05,6213.5,0
519,3.9126e+05,6244.2,0
520,3.9123e+05,6274.7,0
521,3.912e+05,6305.2,0
522,3.9118e+05,6335.5,0
523,3.9115e+05,6365.6,0
524,3.9112e+05,6395.7,0
525,3.9109e+05,6425.6,0
526,3.9106e+05,6455.4,0
527,3.9103e+05,6485.1,0
528,3.91e+05,6514.7,0
529,3.9098e+05,6544.1,0
530,3.9095e+05,6573.4,0
531,3.9092e+05,6602.5,0
532,3.9089e+05,6631.5,0
533,3.9086e+05,6660.4,0
534,3.9083e+05,6689.2,0
535,3.908e+05,6717.8,0
536,3.9077e+05,6746.3,0
537,3.9074e+05,6774.7,0
538,3.9071e+05,6802.9,0
539,3.9068e+05,6831,0
540,3.9065e+05,6859,0
541,3.9062e+05,6886.8,0
542,3.9059e+05,6914.5,0
543,3.9056e+05,6942,0
544,3.9053e+05,6969.4,0
545,3.9049e+05,6996.7,0
546,3.9046e+05,7023.8,0
547,3.9043e+05,7050.8,0
548,3.904e+05,7077.7,0
549,3.9037e+05,7104.4,0
550,3.9034e+05,7131,0
551,3.9031e+05,7157.4,0
552,3.9027e+05,7183.7,0
553,3.9024e+05,7209.9,0
554,3.9021e+05,7235.9,0
555,3.9018e+05,7261.7,0
556,3.9015e+05,7287.5,0
557,3.9011e+05,7313,0
558,3.9008e+05,7338.5,0
559,3.9005e+05,7363.7,0
560,3.9002e+05,7388.9,0
561,3.8998e+05,7413.9,0
562,3.8995e+05,7438.7,0
563,3.8992e+05,7463.4,0
564,3.8988e+05,7488,0
565,3.8985e+05,7512.4,0
566,3.8982e+05,7536.6,0
567,3.8978e+05,7560.7,0
568,3.8975e+05,7584.7,0
569,3.8972e+05,7608.5,0
570,3.8968e+05,7632.1,0
571,3.8965e+05,7655.7,0
572,3.8961e+05,7679,0
573,3.8958e+05,7702.2,0
574,3.8955e+05,7725.3,0
575,3.8951e+05,7748.1,0
576,3.8948e+05,7770.9,0
577,3.8944e+05,7793.5,0
578,3.8941e+05,7815.9,0
579,3.8937e+05,7838.2,0
580,3.8934e+05,7860.3,0
581,3.893e+05,7882.3,0
582,3.8927e+05,7904.1,0
583,3.8923e+05,7925.8,0
584,3.892e+05,7947.3,0
585,3.8916e+05,7968.6,0
586,3.8913e+05,7989.8,0
587,3.8909e+05,8010.8,0
588,3.8906e+05,8031.7,0
589,3.8902e+05,8052.4,0
590,3.8899e+05,8072.9,0
591,3.8895e+05,8093.3,0
592,3.8891e+05,8113.6,0
593,3.8888e+05,8133.6,0
594,3.8884e+05,8153.5,0
595,3.8881e+05,8173.3,0
596,3.8877e+05,8192.9,0
597,3.8873e+05,8212.3,0
598,3.887e+05,8231.6,0
599,3.8866e+05,8250.7,0
600,3.8862e+05,8269.6,0
601,3.8859e+05,8288.4,0
602,3.8855e+05,8307,0
603,3.8851e+05,8325.4,0
604,3.8848e+05,8343.7,0
605,3.8844e+05,8361.8,0
606,3.884e+05,8379.8,0
607,3.8837e+05,8397.5,0
608,3.8833e+05,8415.2,0
609,3.8829e+05,8432.6,0
610,3.8825e+05,8449.9,0
611,3.8822e+05,8467,0
612,3.8818e+05,8484,0
613,3.8814e+05,8500.8,0
614,3.881e+05,8517.4,0
615,3.8807e+05,8533.8,0
616,3.8803e+05,8550.1,0
617,3.8799e+05,8566.2,0
618,3.8795e+05,8582.2,0
619,3.8791e+05,8597.9,0
620,3.8788e+05,8613.5,0
621,3.8784e+05,8629,0
622,3.878e+05,8644.2,0
623,3.8776e+05,8659.3,0
624,3.8772e+05,8674.2,0
625,3.8768e+05,8689,0
626,3.8765e+05,8703.6,0
627,3.8761e+05,8718,0
628,3.8757e+05,8732.2,0
629,3.8753e+05,8746.3,0
630,3.8749e+05,8760.1,0
631,3.8745e+05,8773.9,0
632,3.8741e+05,8787.4,0
633,3.8737e+05,8800.8,0
634,3.8733e+05,8814,0
635,3.873e+05,8827,0
636,3.8726e+05,8839.8,0
637,3.8722e+05,8852.5,0
638,3.8718e+05,8865,0
639,3.8714e+05,8877.3,0
640,3.871e+05,8889.5,0
641,3.8706e+05,8901.4,0
642,3.8702e+05,8913.2,0
643,3.8698e+05,8924.8,0
644,3.8694e+05,8936.3,0
645,3.869e+05,8947.6,0
646,3.8686e+05,8958.6,0
647,3.8682e+05,8969.6,0
648,3.8678e+05,8980.3,0
649,3.8674e+05,8990.9,0
650,3.867e+05,9001.2,0
651,3.8666e+05,9011.4,0
652,3.8662e+05,9021.5,0
653,3.8658e+05,9031.3,0
654,3.8654e+05,9041,0
655,3.865e+05,9050.5,0
656,3.8646e+05,9059.8,0
657,3.8642e+05,9068.9,0
658,3.8638e+05,9077.9,0
659,3.8634e+05,9086.7,0
660,3.863e+05,9095.3,0
661,3.8626e+05,9103.7,0
662,3.8622e+05,9111.9,0
663,3.8618e+05,9120,0
664,3.8614e+05,9127.9,0
665,3.861e+05,9135.6,0
666,3.8606e+05,9143.1,0
667,3.8602e+05,9150.4,0
668,3.8598e+05,9157.6,0
669,3.8594e+05,9164.5,0
670,3.859e+05,9171.3,0
671,3.8586e+05,9178,0
672,3.8582e+05,9184.4,0
673,3.8578e+05,9190.7,0
674,3.8573e+05,9196.7,0
675,3.8569e+05,9202.6,0
676,3.8565e+05,9208.3,0
677,3.8561e+05,9213.9,0
678,3.8557e+05,9219.2,0
679,3.8553e+05,9224.4,0
680,3.8549e+05,9229.3,0
681,3.8545e+05,9234.1,0
682,3.8541e+05,9238.8,0
683,3.8537e+05,9243.2,0
684,3.8533e+05,9247.5,0
685,3.8529e+05,9251.5,0
686,3.8524e+05,9255.4,0
687,3.852e+05,9259.1,0
688,3.8516e+05,9262.7,0
689,3.8512e+05,9266,0
690,3.8508e+05,9269.2,0
691,3.8504e+05,9272.1,0
692,3.85e+05,9274.9,0
693,3.8496e+05,9277.5,0
694,3.8492e+05,9280,0
695,3.8488e+05,9282.2,0
696,3.8483e+05,9284.3,0
697,3.8479e+05,9286.2,0
698,3.8475e+05,9287.9,0
699,3.8471e+05,9289.4,0
700,3.8467e+05,9290.7,0
701,3.8463e+05,9291.8,0
702,3.8459e+05,9292.8,0
703,3.8455e+05,9293.6,0
704,3.845e+05,9294.2,0
705,3.8446e+05,9294.6,0
706,3.8442e+05,9294.8,0
707,3.8438e+05,9294.9,0
708,3.8434e+05,9294.7,0
709,3.843e+05,9294.4,0
710,3.8426e+05,9293.9,0
711,3.8422e+05,9293.2,0
712,3.8418e+05,9292.4,0
713,3.8413e+05,9291.3,0
714,3.8409e+05,9290.1,0
715,3.8405e+05,9288.7,0
716,3.8401e+05,9287.1,0
717,3.8397e+05,9285.3,0
718,3.8393e+05,9283.3,0
719,3.8389e+05,9281.2,0
720,3.8385e+05,9278.8,0
721,3.8381e+05,9276.3,0
722,3.8376e+05,9273.6,0
723,3.8372e+05,9270.8,0
724,3.8368e+05,9267.7,0
725,3.8364e+05,9264.4,0
726,3.836e+05,9261,0
727,3.8356e+05,9257.4,0
728,3.8352e+05,9253.6,0
729,3.8348e+05,9249.6,0
730,3.8344e+05,9245.5,0
731,3.834e+05,9241.1,0
732,3.8335e+05,9236.6,0
733,3.8331e+05,9231.9,0
734,3.8327e+05,9227,0
735,3.8323e+05,9222,0
736,3.8319e+05,9216.7,0
737,3.8315e+05,9211.3,0
738,3.8311e+05,9205.7,0
739,3.8307e+05,9199.9,0
740,3.8303e+05,9193.9,0
741,3.8299e+05,9187.8,0
742,3.8295e+05,9181.4,0
743,3.8291e+05,9174.9,0
744,3.8287e+05,9168.2,0
745,3.8283e+05,9161.3,0
746,3.8278e+05,9154.3,0
747,3.8274e+05,9147,0
748,3.827e+05,9139.6,0
749,3.8266e+05,9132,0
750,3.8262e+05,9124.2,0
751,3.8258e+05,9116.3,0
752,3.8254e+05,9108.1,0
753,3.825e+05,9099.8,0
754,3.8246e+05,9091.3,0
755,3.8242e+05,9082.6,0
756,3.8238e+05,9073.8,0
757,3.8234e+05,9064.8,0
758,3.823e+05,9055.5,0
759,3.8226e+05,9046.1,0
760,3.8222e+05,9036.6,0
761,3.8218e+05,9026.8,0
762,3.8214e+05,9016.9,0
763,3.821e+05,9006.8,0
764,3.8206e+05,8996.5,0
765,3.8202e+05,8986.1,0
766,3.8198e+05,8975.4,0
767,3.8194e+05,8964.6,0
768,3.819e+05,8953.6,0
769,3.8186e+05,8942.5,0
770,3.8182e+05,8931.1,0
771,3.8178e+05,8919.6,0
772,3.8174e+05,8907.9,0
773,3.817e+05,8896,0
774,3.8167e+05,8884,0
775,3.8163e+05,8871.8,0
776,3.8159e+05,8859.4,0
777,3.8155e+05,8846.8,0
778,3.8151e+05,8834.1,0
779,3.8147e+05,8821.2,0
780,3.8143e+05,8808.1,0
781,3.8139e+05,8794.8,0
782,3.8135e+05,8781.4,0
783,3.8131e+05,8767.8,0
784,3.8127e+05,8754,0
785,3.8124e+05,8740,0
786,3.812e+05,8725.9,0
787,3.8116e+05,8711.6,0
788,3.8112e+05,8697.1,0
789,3.8108e+05,8682.5,0
790,3.8104e+05,8667.7,0
791,3.81e+05,8652.7,0
792,3.8097e+05,8637.5,0
793,3.8093e+05,8622.2,0
794,3.8089e+05,8606.7,0
795,3.8085e+05,8591,0
796,3.8081e+05,8575.2,0
797,3.8078e+05,8559.2,0
798,3.8074e+05,8543,0
799,3.807e+05,8526.7,0
800,3.8066e+05,8510.2,0
801,3.8063e+05,8493.5,0
802,3.8059e+05,8476.7,0
803,3.8055e+05,8459.7,0
804,3.8051e+05,8442.5,0
805,3.8048e+05,8425.1,0
806,3.8044e+05,8407.6,0
807,3.804e+05,8390,0
808,3.8036e+05,8372.1,0
809,3.8033e+05,8354.1,0
810,3.8029e+05,8335.9,0
811,3.8025e+05,8317.6,0
812,3.8022e+05,8299.1,0
813,3.8018e+05,8280.4,0
814,3.8014e+05,8261.6,0
815,3.8011e+05,8242.6,0
816,3.8007e+05,8223.5,0
817,3.8003e+05,8204.2,0
818,3.8e+05,8184.7,0
819,3.7996e+05,8165.1,0
820,3.7992e+05,8145.3,0
821,3.7989e+05,8125.3,0
822,3.7985e+05,8105.2,0
823,3.7982e+05,8084.9,0
824,3.7978e+05,8064.5,0
825,3.7975e+05,8043.9,0
826,3.7971e+05,8023.1,0
827,3.7967e+05,8002.2,0
828,3.7964e+05,7981.1,0
829,3.796e+05,7959.9,0
830,3.7957e+05,7938.5,0
831,3.7953e+05,7917,0
832,3.795e+05,7895.3,0
833,3.7946e+05,7873.4,0
834,3.7943e+05,7851.4,0
835,3.7939e+05,7829.3,0
836,3.7936e+05,7806.9,0
837,3.7933e+05,7784.5,0
838,3.7929e+05,7761.8,0
839,3.7926e+05,7739.1,0
840,3.7922e+05,7716.1,0
841,3.7919e+05,7693,0
842,3.7915e+05,7669.8,0
843,3.7912e+05,7646.4,0
844,3.7909e+05,7622.9,0
845,3.7905e+05,7599.2,0
846,3.7902e+05,7575.4,0
847,3.7899e+05,7551.4,0
848,3.7895e+05,7527.2,0
849,3.7892e+05,7503,0
850,3.7889e+05,7478.5,0
851,3.7885e+05,7453.9,0
852,3.7882e+05,7429.2,0
853,3.7879e+05,7404.3,0
854,3.7875e+05,7379.3,0
855,3.7872e+05,7354.2,0
856,3.7869e+05,7328.8,0
857,3.7866e+05,7303.4,0
858,3.7862e+05,7277.8,0
859,3.7859e+05,7252,0
860,3.7856e+05,7226.2,0
861,3.7853e+05,7200.1,0
862,3.785e+05,7174,0
863,3.7846e+05,7147.7,0
864,3.7843e+05,7121.2,0
865,3.784e+05,7094.6,0
866,3.7837e+05,7067.9,0
867,3.7834e+05,7041,0
868,3.7831e+05,7014,0
869,3.7828e+05,6986.8,0
870,3.7825e+05,6959.5,0
871,3.7822e+05,6932.1,0
872,3.7818e+05,6904.6,0
873,3.7815e+05,6876.9,0
874,3.7812e+05,6849,0
875,3.7809e+05,6821.1,0
876,3.7806e+05,6792.9,0
877,3.7803e+05,6764.7,0
878,3.78e+05,6736.3,0
879,3.7797e+05,6707.8,0
880,3.7794e+05,6679.2,0
881,3.7791e+05,6650.4,0
882,3.7788e+05,6621.5,0
883,3.7786e+05,6592.5,0
884,3.7783e+05,6563.3,0
885,3.778e+05,6534,0
886,3.7777e+05,6504.6,0
887,3.7774e+05,6475.1,0
888,3.7771e+05,6445.4,0
889,3.7768e+05,6415.6,0
890,3.7765e+05,6385.7,0
891,3.7763e+05,6355.6,0
892,3.776e+05,6325.4,0
893,3.7757e+05,6295.1,0
894,3.7754e+05,6264.7,0
895,3.7751e+05,6234.1,0
896,3.7749e+05,6203.4,0
897,3.7746e+05,6172.6,0
898,3.7743e+05,6141.7,0
899,3.7741e+05,6110.7,0
900,3.7738e+05,6079.5,0
901,3.7735e+05,6048.2,0
902,3.7732e+05,6016.8,0
903,3.773e+05,5985.3,0
904,3.7727e+05,5953.7,0
905,3.7725e+05,5921.9,0
906,3.7722e+05,5890,0
907,3.7719e+05,5858,0
908,3.7717e+05,5825.9,0
909,3.7714e+05,5793.7,0
910,3.7712e+05,5761.4,0
911,3.7709e+05,5728.9,0
912,3.7707e+05,5696.3,0
913,3.7704e+05,5663.7,0
914,3.7702e+05,5630.9,0
915,3.7699e+05,5598,0
916,3.7697e+05,5565,0
917,3.7694e+05,5531.8,0
918,3.7692e+05,5498.6,0
919,3.7689e+05,5465.3,0
920,3.7687e+05,5431.8,0
921,3.7684e+05,5398.3,0
922,3.7682e+05,5364.6,0
923,3.768e+05,5330.8,0
924,3.7677e+05,5297,0
925,3.7675e+05,5263,0
926,3.7673e+05,5228.9,0
927,3.767e+05,5194.7,0
928,3.7668e+05,5160.4,0
929,3.7666e+05,5126,0
930,3.7663e+05,5091.5,0
931,3.7661e+05,5057,0
932,3.7659e+05,5022.3,0
933,3.7657e+05,4987.5,0
934,3.7655e+05,4952.6,0
935,3.7652e+05,4917.6,0
936,3.765e+05,4882.5,0
937,3.7648e+05,4847.3,0
938,3.7646e+05,4812,0
939,3.7644e+05,4776.7,0
940,3.7642e+05,4741.2,0
941,3.764e+05,4705.6,0
942,3.7638e+05,4670,0
943,3.7635e+05,4634.2,0
944,3.7633e+05,4598.4,0
945,3.7631e+05,4562.5,0
946,3.7629e+05,4526.5,0
947,3.7627e+05,4490.3,0
948,3.7625e+05,4454.2,0
949,3.7623e+05,4417.9,0
950,3.7621e+05,4381.5,0
951,3.762e+05,4345,0
952,3.7618e+05,4308.5,0
953,3.7616e+05,4271.9,0
954,3.7614e+05,4235.1,0
955,3.7612e+05,4198.3,0
956,3.761e+05,4161.5,0
957,3.7608e+05,4124.5,0
958,3.7606e+05,4087.4,0
959,3.7605e+05,4050.3,0
960,3.7603e+05,4013.1,0
961,3.7601e+05,3975.8,0
962,3.7599e+05,3938.5,0
963,3.7598e+05,3901,0
964,3.7596e+05,3863.5,0
965,3.7594e+05,3825.9,0
966,3.7593e+05,3788.2,0
967,3.7591e+05,3750.5,0
968,3.7589e+05,3712.7,0
969,3.7588e+05,3674.8,0
970,3.7586e+05,3636.8,0
971,3.7584e+05,3598.8,0
972,3.7583e+05,3560.6,0
973,3.7581e+05,3522.5,0
974,3.758e+05,3484.2,0
975,3.7578e+05,3445.9,0
976,3.7577e+05,3407.5,0
977,3.7575e+05,3369,0
978,3.7574e+05,3330.5,0
979,3.7572e+05,3291.9,0
980,3.7571e+05,3253.3,0
981,3.7569e+05,3214.6,0
982,3.7568e+05,3175.8,0
983,3.7566e+05,3136.9,0
984,3.7565e+05,3098,0
985,3.7564e+05,3059.1,0
986,3.7562e+05,3020,0
987,3.7561e+05,2980.9,0
988,3.756e+05,2941.8,0
989,3.7558e+05,2902.6,0
990,3.7557e+05,2863.3,0
991,3.7556e+05,2824,0
992,3.7555e+05,2784.6,0
993,3.7553e+05,2745.2,0
994,3.7552e+05,2705.7,0
995,3.7551e+05,2666.2,0
996,3.755e+05,2626.6,0
997,3.7549e+05,2586.9,0
998,3.7548e+05,2547.2,0
999,3.7546e+05,2507.5,0
1000,3.7545e+05,2467.7,0
1001,3.7544e+05,2427.9,0
1002,3.7543e+05,2388,0
1003,3.7542e+05,2348,0
1004,3.7541e+05,2308,0
1005,3.754e+05,2268,0
1006,3.7539e+05,2227.9,0
1007,3.7538e+05,2187.8,0
1008,3.7537e+05,2147.7,0
1009,3.7536e+05,2107.5,0
1010,3.7535e+05,2067.2,0
1011,3.7534e+05,2026.9,0
1012,3.7533e+05,1986.6,0
1013,3.7533e+05,1946.2,0
1014,3.7532e+05,1905.8,0
1015,3.7531e+05,1865.4,0
1016,3.753e+05,1824.9,0
1017,3.7529e+05,1784.4,0
1018,3.7528e+05,1743.8,0
1019,3.7528e+05,1703.2,0
1020,3.7527e+05,1662.6,0
1021,3.7526e+05,1621.9,0
1022,3.7526e+05,1581.3,0
1023,3.7525e+05,1540.5,0
1024,3.7524e+05,1499.8,0
1025,3.7524e+05,1459,0
1026,3.7523e+05,1418.2,0
1027,3.7522e+05,1377.4,0
1028,3.7522e+05,1336.5,0
1029,3.7521e+05,1295.6,0
1030,3.7521e+05,1254.7,0
1031,3.752e+05,1213.8,0
1032,3.7519e+05,1172.8,0
1033,3.7519e+05,1131.8,0
1034,3.7518e+05,1090.8,0
1035,3.7518e+05,1049.8,0
1036,3.7518e+05,1008.7,0
1037,3.7517e+05,967.66,0
1038,3.7517e+05,926.57,0
1039,3.7516e+05,885.46,0
1040,3.7516e+05,844.33,0
1041,3.7516e+05,803.19,0
1042,3.7515e+05,762.03,0
1043,3.7515e+05,720.86,0
1044,3.7515e+05,679.67,0
1045,3.7514e+05,638.47,0
1046,3.7514e+05,597.25,0
1047,3.7514e+05,556.03,0
1048,3.7513e+05,514.79,0
1049,3.7513e+05,473.54,0
1050,3.7513e+05,432.28,0
1051,3.7513e+05,391.02,0
1052,3.7513e+05,349.75,0
1053,3.7513e+05,308.47,0
1054,3.7512e+05,267.18,0
1055,3.7512e+05,225.89,0
1056,3.7512e+05,184.59,0
1057,3.7512e+05,143.29,0
1058,3.7512e+05,101.99,0
1059,3.7512e+05,60.685,0
1060,3.7512e+05,19.379,0
1061,3.7512e+05,-21.927,0
1062,3.7512e+05,-63.233,0
1063,3.7512e+05,-104.54,0
1064,3.7512e+05,-145.84,0
1065,3.7512e+05,-187.14,0
1066,3.7512e+05,-228.44,0
1067,3.7512e+05,-269.73,0
1068,3.7513e+05,-311.01,0
1069,3.7513e+05,-352.29,0
1070,3.7513e+05,-393.57,0
1071,3.7513e+05,-434.83,0
1072,3.7513e+05,-476.09,0
1073,3.7513e+05,-517.33,0
1074,3.7514e+05,-558.57,0
1075,3.7514e+05,-599.8,0
1076,3.7514e+05,-641.01,0
1077,3.7515e+05,-682.21,0
1078,3.7515e+05,-723.4,0
1079,3.7515e+05,-764.57,0
1080,3.7516e+05,-805.73,0
1081,3.7516e+05,-846.87,0
1082,3.7516e+05,-888,0
1083,3.7517e+05,-929.11,0
1084,3.7517e+05,-970.19,0
1085,3.7518e+05,-1011.3,0
1086,3.7518e+05,-1052.3,0
1087,3.7518e+05,-1093.3,0
1088,3.7519e+05,-1134.4,0
1089,3.7519e+05,-1175.3,0
1090,3.752e+05,-1216.3,0
1091,3.7521e+05,-1257.2,0
1092,3.7521e+05,-1298.1,0
1093,3.7522e+05,-1339,0
1094,3.7522e+05,-1379.9,0
1095,3.7523e+05,-1420.7,0
1096,3.7524e+05,-1461.5,0
1097,3.7524e+05,-1502.3,0
1098,3.7525e+05,-1543.1,0
1099,3.7526e+05,-1583.8,0
1100,3.7526e+05,-1624.5,0
1101,3.7527e+05,-1665.1,0
1102,3.7528e+05,-1705.7,0
1103,3.7529e+05,-1746.3,0
1104,3.7529e+05,-1786.9,0
1105,3.753e+05,-1827.4,0
1106,3.7531e+05,-1867.9,0
1107,3.7532e+05,-1908.3,0
1108,3.7533e+05,-1948.7,0
1109,3.7534e+05,-1989.1,0
1110,3.7534e+05,-2029.4,0
1111,3.7535e+05,-2069.7,0
1112,3.7536e+05,-2109.9,0
1113,3.7537e+05,-2150.1,0
1114,3.7538e+05,-2190.3,0
1115,3.7539e+05,-2230.4,0
1116,3.754e+05,-2270.5,0
1117,3.7541e+05,-2310.5,0
1118,3.7542e+05,-2350.5,0
1119,3.7543e+05,-2390.4,0
1120,3.7544e+05,-2430.3,0
1121,3.7545e+05,-2470.2,0
1122,3.7546e+05,-2510,0
1123,3.7548e+05,-2549.7,0
1124,3.7549e+05,-2589.4,0
1125,3.755e+05,-2629,0
1126,3.7551e+05,-2668.6,0
1127,3.7552e+05,-2708.2,0
1128,3.7553e+05,-2747.6,0
1129,3.7555e+05,-2787.1,0
1130,3.7556e+05,-2826.4,0
1131,3.7557e+05,-2865.8,0
1132,3.7558e+05,-2905,0
1133,3.756e+05,-2944.2,0
1134,3.7561e+05,-2983.4,0
1135,3.7562e+05,-3022.4,0
1136,3.7564e+05,-3061.5,0
1137,3.7565e+05,-3100.4,0
1138,3.7567e+05,-3139.3,0
1139,3.7568e+05,-3178.2,0
1140,3.7569e+05,-3217,0
1141,3.7571e+05,-3255.7,0
1142,3.7572e+05,-3294.3,0
1143,3.7574e+05,-3332.9,0
1144,3.7575e+05,-3371.4,0
1145,3.7577e+05,-3409.9,0
1146,3.7578e+05,-3448.3,0
1147,3.758e+05,-3486.6,0
1148,3.7581e+05,-3524.8,0
1149,3.7583e+05,-3563,0
1150,3.7584e+05,-3601.1,0
1151,3.7586e+05,-3639.1,0
1152,3.7588e+05,-3677.1,0
1153,3.7589e+05,-3715,0
1154,3.7591e+05,-3752.8,0
1155,3.7593e+05,-3790.6,0
1156,3.7594e+05,-3828.2,0
1157,3.7596e+05,-3865.8,0
1158,3.7598e+05,-3903.3,0
1159,3.7599e+05,-3940.8,0
1160,3.7601e+05,-3978.1,0
1161,3.7603e+05,-4015.4,0
1162,3.7605e+05,-4052.6,0
1163,3.7607e+05,-4089.7,0
1164,3.7608e+05,-4126.8,0
1165,3.761e+05,-4163.7,0
1166,3.7612e+05,-4200.6,0
1167,3.7614e+05,-4237.4,0
1168,3.7616e+05,-4274.1,0
1169,3.7618e+05,-4310.7,0
1170,3.762e+05,-4347.3,0
1171,3.7622e+05,-4383.7,0
1172,3.7624e+05,-4420.1,0
1173,3.7626e+05,-4456.4,0
1174,3.7628e+05,-4492.6,0
1175,3.763e+05,-4528.7,0
1176,3.7632e+05,-4564.7,0
1177,3.7634e+05,-4600.6,0
1178,3.7636e+05,-4636.5,0
1179,3.7638e+05,-4672.2,0
1180,3.764e+05,-4707.8,0
1181,3.7642e+05,-4743.4,0
1182,3.7644e+05,-4778.9,0
1183,3.7646e+05,-4814.2,0
1184,3.7648e+05,-4849.5,0
1185,3.765e+05,-4884.7,0
1186,3.7653e+05,-4919.8,0
1187,3.7655e+05,-4954.7,0
1188,3.7657e+05,-4989.6,0
1189,3.7659e+05,-5024.4,0
1190,3.7661e+05,-5059.1,0
1191,3.7664e+05,-5093.7,0
1192,3.7666e+05,-5128.2,0
1193,3.7668e+05,-5162.5,0
1194,3.767e+05,-5196.8,0
1195,3.7673e+05,-5231,0
1196,3.7675e+05,-5265.1,0
1197,3.7677e+05,-5299.1,0
1198,3.768e+05,-5332.9,0
1199,3.7682e+05,-5366.7,0
1200,3.7685e+05,-5400.3,0
1201,3.7687e+05,-5433.9,0
1202,3.7689e+05,-5467.3,0
1203,3.7692e+05,-5500.7,0
1204,3.7694e+05,-5533.9,0
1205,3.7697e+05,-5567,0
1206,3.7699e+05,-5600,0
1207,3.7702e+05,-5632.9,0
1208,3.7704e+05,-5665.7,0
1209,3.7707e+05,-5698.3,0
1210,3.7709e+05,-5730.9,0
1211,3.7712e+05,-5763.4,0
1212,3.7714e+05,-5795.7,0
1213,3.7717e+05,-5827.9,0
1214,3.7719e+05,-5860,0
1215,3.7722e+05,-5892,0
1216,3.7725e+05,-5923.9,0
1217,3.7727e+05,-5955.6,0
1218,3.773e+05,-5987.2,0
1219,3.7733e+05,-6018.8,0
1220,3.7735e+05,-6050.2,0
1221,3.7738e+05,-6081.4,0
1222,3.7741e+05,-6112.6,0
1223,3.7743e+05,-6143.6,0
1224,3.7746e+05,-6174.5,0
1225,3.7749e+05,-6205.3,0
1226,3.7752e+05,-6236,0
1227,3.7754e+05,-6266.6,0
1228,3.7757e+05,-6297,0
1229,3.776e+05,-6327.3,0
1230,3.7763e+05,-6357.5,0
1231,3.7766e+05,-6387.5,0
1232,3.7768e+05,-6417.4,0
1233,3.7771e+05,-6447.2,0
1234,3.7774e+05,-6476.9,0
1235,3.7777e+05,-6506.4,0
1236,3.778e+05,-6535.8,0
1237,3.7783e+05,-6565.1,0
1238,3.7786e+05,-6594.3,0
1239,3.7789e+05,-6623.3,0
1240,3.7792e+05,-6652.2,0
1241,3.7795e+05,-6681,0
1242,3.7798e+05,-6709.6,0
1243,3.7801e+05,-6738.1,0
1244,3.7803e+05,-6766.5,0
1245,3.7806e+05,-6794.7,0
1246,3.781e+05,-6822.8,0
1247,3.7813e+05,-6850.7,0
1248,3.7816e+05,-6878.6,0
1249,3.7819e+05,-6906.3,0
1250,3.7822e+05,-6933.8,0
1251,3.7825e+05,-6961.2,0
1252,3.7828e+05,-6988.5,0
1253,3.7831e+05,-7015.7,0
1254,3.7834e+05,-7042.7,0
1255,3.7837e+05,-7069.5,0
1256,3.784e+05,-7096.2,0
1257,3.7843e+05,-7122.8,0
1258,3.7847e+05,-7149.3,0
1259,3.785e+05,-7175.6,0
1260,3.7853e+05,-7201.7,0
1261,3.7856e+05,-7227.8,0
1262,3.7859e+05,-7253.6,0
1263,3.7863e+05,-7279.4,0
1264,3.7866e+05,-7305,0
1265,3.7869e+05,-7330.4,0
1266,3.7872e+05,-7355.7,0
1267,3.7876e+05,-7380.9,0
1268,3.7879e+05,-7405.9,0
1269,3.7882e+05,-7430.7,0
1270,3.7885e+05,-7455.5,0
1271,3.7889e+05,-7480,0
1272,3.7892e+05,-7504.5,0
1273,3.7895e+05,-7528.7,0
1274,3.7899e+05,-7552.9,0
1275,3.7902e+05,-7576.8,0
1276,3.7905e+05,-7600.7,0
1277,3.7909e+05,-7624.3,0
1278,3.7912e+05,-7647.9,0
1279,3.7916e+05,-7671.2,0
1280,3.7919e+05,-7694.5,0
1281,3.7922e+05,-7717.5,0
1282,3.7926e+05,-7740.5,0
1283,3.7929e+05,-7763.2,0
1284,3.7933e+05,-7785.9,0
1285,3.7936e+05,-7808.3,0
1286,3.794e+05,-7830.6,0
1287,3.7943e+05,-7852.8,0
1288,3.7947e+05,-7874.8,0
1289,3.795e+05,-7896.6,0
1290,3.7954e+05,-7918.3,0
1291,3.7957e+05,-7939.8,0
1292,3.7961e+05,-7961.2,0
1293,3.7964e+05,-7982.4,0
1294,3.7968e+05,-8003.5,0
1295,3.7971e+05,-8024.4,0
1296,3.7975e+05,-8045.1,0
1297,3.7978e+05,-8065.7,0
1298,3.7982e+05,-8086.2,0
1299,3.7986e+05,-8106.4,0
1300,3.7989e+05,-8126.5,0
1301,3.7993e+05,-8146.5,0
1302,3.7996e+05,-8166.3,0
1303,3.8e+05,-8185.9,0
1304,3.8004e+05,-8205.4,0
1305,3.8007e+05,-8224.7,0
1306,3.8011e+05,-8243.8,0
1307,3.8015e+05,-8262.8,0
1308,3.8018e+05,-8281.6,0
1309,3.8022e+05,-8300.2,0
1310,3.8026e+05,-8318.7,0
1311,3.8029e+05,-8337.1,0
1312,3.8033e+05,-8355.2,0
1313,3.8037e+05,-8373.2,0
1314,3.804e+05,-8391,0
1315,3.8044e+05,-8408.7,0
1316,3.8048e+05,-8426.2,0
1317,3.8052e+05,-8443.5,0
1318,3.8055e+05,-8460.7,0
1319,3.8059e+05,-8477.7,0
1320,3.8063e+05,-8494.5,0
1321,3.8067e+05,-8511.2,0
1322,3.807e+05,-8527.7,0
1323,3.8074e+05,-8544,0
1324,3.8078e+05,-8560.2,0
1325,3.8082e+05,-8576.2,0
1326,3.8085e+05,-8592,0
1327,3.8089e+05,-8607.7,0
1328,3.8093e+05,-8623.2,0
1329,3.8097e+05,-8638.5,0
1330,3.8101e+05,-8653.6,0
1331,3.8105e+05,-8668.6,0
1332,3.8108e+05,-8683.4,0
1333,3.8112e+05,-8698,0
1334,3.8116e+05,-8712.5,0
1335,3.812e+05,-8726.8,0
1336,3.8124e+05,-8740.9,0
1337,3.8128e+05,-8754.8,0
1338,3.8132e+05,-8768.6,0
1339,3.8135e+05,-8782.2,0
1340,3.8139e+05,-8795.6,0
1341,3.8143e+05,-8808.9,0
1342,3.8147e+05,-8822,0
1343,3.8151e+05,-8834.9,0
1344,3.8155e+05,-8847.6,0
1345,3.8159e+05,-8860.2,0
1346,3.8163e+05,-8872.5,0
1347,3.8167e+05,-8884.7,0
1348,3.8171e+05,-8896.8,0
1349,3.8175e+05,-8908.6,0
1350,3.8179e+05,-8920.3,0
1351,3.8183e+05,-8931.8,0
1352,3.8186e+05,-8943.2,0
1353,3.819e+05,-8954.3,0
1354,3.8194e+05,-8965.3,0
1355,3.8198e+05,-8976.1,0
1356,3.8202e+05,-8986.7,0
1357,3.8206e+05,-8997.2,0
1358,3.821e+05,-9007.4,0
1359,3.8214e+05,-9017.5,0
1360,3.8218e+05,-9027.4,0
1361,3.8222e+05,-9037.2,0
1362,3.8226e+05,-9046.7,0
1363,3.823e+05,-9056.1,0
1364,3.8234e+05,-9065.3,0
1365,3.8238e+05,-9074.3,0
1366,3.8242e+05,-9083.2,0
1367,3.8246e+05,-9091.8,0
1368,3.825e+05,-9100.3,0
1369,3.8254e+05,-9108.6,0
1370,3.8258e+05,-9116.8,0
1371,3.8263e+05,-9124.7,0
1372,3.8267e+05,-9132.5,0
1373,3.8271e+05,-9140.1,0
1374,3.8275e+05,-9147.5,0
1375,3.8279e+05,-9154.7,0
1376,3.8283e+05,-9161.8,0
1377,3.8287e+05,-9168.6,0
1378,3.8291e+05,-9175.3,0
1379,3.8295e+05,-9181.8,0
1380,3.8299e+05,-9188.1,0
1381,3.8303e+05,-9194.3,0
1382,3.8307e+05,-9200.3,0
1383,3.8311e+05,-9206,0
1384,3.8315e+05,-9211.6,0
1385,3.8319e+05,-9217.1,0
1386,3.8323e+05,-9222.3,0
1387,3.8328e+05,-9227.3,0
1388,3.8332e+05,-9232.2,0
1389,3.8336e+05,-9236.9,0
1390,3.834e+05,-9241.4,0
1391,3.8344e+05,-9245.7,0
1392,3.8348e+05,-9249.9,0
1393,3.8352e+05,-9253.9,0
1394,3.8356e+05,-9257.6,0
1395,3.836e+05,-9261.2,0
1396,3.8364e+05,-9264.7,0
1397,3.8368e+05,-9267.9,0
1398,3.8373e+05,-9270.9,0
1399,3.8377e+05,-9273.8,0
1400,3.8381e+05,-9276.5,0
1401,3.8385e+05,-9279,0
1402,3.8389e+05,-9281.3,0
1403,3.8393e+05,-9283.5,0
1404,3.8397e+05,-9285.4,0
1405,3.8401e+05,-9287.2,0
1406,3.8405e+05,-9288.8,0
1407,3.841e+05,-9290.2,0
1408,3.8414e+05,-9291.4,0
1409,3.8418e+05,-9292.4,0
1410,3.8422e+05,-9293.3,0
1411,3.8426e+05,-9294,0
1412,3.843e+05,-9294.5,0
1413,3.8434e+05,-9294.8,0
