0,3.9553e+05,1982.1,0
1,3.9552e+05,2018.6,0
2,3.9551e+05,2055,0
3,3.9551e+05,2091.5,0
4,3.955e+05,2127.9,0
5,3.9549e+05,2164.3,0
6,3.9549e+05,2200.7,0
7,3.9548e+05,2237,0
8,3.9547e+05,2273.3,0
9,3.9546e+05,2309.6,0
10,3.9546e+05,2345.9,0
11,3.9545e+05,2382.2,0
12,3.9544e+05,2418.4,0
13,3.9543e+05,2454.6,0
14,3.9543e+05,2490.8,0
15,3.9542e+05,2526.9,0
16,3.9541e+05,2563,0
17,3.954e+05,2599.1,0
18,3.9539e+05,2635.2,0
19,3.9538e+05,2671.2,0
20,3.9537e+05,2707.2,0
21,3.9537e+05,2743.2,0
22,3.9536e+05,2779.1,0
23,3.9535e+05,2815.1,0
24,3.9534e+05,2850.9,0
25,3.9533e+05,2886.8,0
26,3.9532e+05,2922.6,0
27,3.9531e+05,2958.4,0
28,3.953e+05,2994.2,0
29,3.9529e+05,3029.9,0
30,3.9528e+05,3065.6,0
31,3.9527e+05,3101.3,0
32,3.9526e+05,3136.9,0
33,3.9525e+05,3172.5,0
34,3.9524e+05,3208.1,0
35,3.9523e+05,3243.6,0
36,3.9522e+05,3279.1,0
37,3.9521e+05,3314.6,0
38,3.952e+05,3350,0
39,3.9519e+05,3385.4,0
40,3.9518e+05,3420.7,0
41,3.9516e+05,3456,0
42,3.9515e+05,3491.3,0
43,3.9514e+05,3526.6,0
44,3.9513e+05,3561.8,0
45,3.9512e+05,3596.9,0
46,3.9511e+05,3632.1,0
47,3.951e+05,3667.2,0
48,3.9508e+05,3702.2,0
49,3.9507e+05,3737.2,0
50,3.9506e+05,3772.2,0
51,3.9505e+05,3807.1,0
52,3.9503e+05,3842,0
53,3.9502e+05,3876.9,0
54,3.9501e+05,3911.7,0
55,3.95e+05,3946.4,0
56,3.9498e+05,3981.2,0
57,3.9497e+05,4015.8,0
58,3.9496e+05,4050.5,0
59,3.9494e+05,4085.1,0
60,3.9493e+05,4119.6,0
61,3.9492e+05,4154.1,0
62,3.949e+05,4188.6,0
63,3.9489e+05,4223,0
64,3.9488e+05,4257.4,0
65,3.9486e+05,4291.7,0
66,3.9485e+05,4326,0
67,3.9484e+05,4360.2,0
68,3.9482e+05,4394.4,0
69,3.9481e+05,4428.5,0
70,3.9479e+05,4462.6,0
71,3.9478e+05,4496.7,0
72,3.9476e+05,4530.7,0
73,3.9475e+05,4564.6,0
74,3.9473e+05,4598.5,0
75,3.9472e+05,4632.4,0
76,3.947e+05,4666.2,0
77,3.9469e+05,4699.9,0
78,3.9467e+05,4733.6,0
79,3.9466e+05,4767.3,0
80,3.9464e+05,4800.9,0
81,3.9463e+05,4834.4,0
82,3.9461e+05,4867.9,0
83,3.9459e+05,4901.4,0
84,3.9458e+05,4934.8,0
85,3.9456e+05,4968.1,0
86,3.9455e+05,5001.4,0
87,3.9453e+05,5034.6,0
88,3.9451e+05,5067.8,0
89,3.945e+05,5100.9,0
90,3.9448e+05,5134,0
91,3.9446e+05,5167,0
92,3.9445e+05,5200,0
93,3.9443e+05,5232.9,0
94,3.9441e+05,5265.7,0
95,3.944e+05,5298.5,0
96,3.9438e+05,5331.3,0
97,3.9436e+05,5363.9,0
98,3.9434e+05,5396.6,0
99,3.9433e+05,5429.1,0
100,3.9431e+05,5461.6,0
101,3.9429e+05,5494.1,0
102,3.9427e+05,5526.5,0
103,3.9426e+05,5558.8,0
104,3.9424e+05,5591.1,0
105,3.9422e+05,5623.3,0
106,3.942e+05,5655.4,0
107,3.9418e+05,5687.5,0
108,3.9416e+05,5719.5,0
109,3.9415e+05,5751.5,0
110,3.9413e+05,5783.4,0
111,3.9411e+05,5815.3,0
112,3.9409e+05,5847.1,0
113,3.9407e+05,5878.8,0
114,3.9405e+05,5910.4,0
115,3.9403e+05,5942,0
116,3.9401e+05,5973.6,0
117,3.9399e+05,6005,0
118,3.9397e+05,6036.4,0
119,3.9395e+05,6067.8,0
120,3.9393e+05,6099.1,0
121,3.9391e+05,6130.3,0
122,3.9389e+05,6161.4,0
123,3.9387e+05,6192.5,0
124,3.9385e+05,6223.5,0
125,3.9383e+05,6254.5,0
126,3.9381e+05,6285.3,0
127,3.9379e+05,6316.1,0
128,3.9377e+05,6346.9,0
129,3.9375e+05,6377.6,0
130,3.9373e+05,6408.2,0
131,3.9371e+05,6438.7,0
132,3.9369e+05,6469.2,0
133,3.9367e+05,6499.6,0
134,3.9365e+05,6529.9,0
135,3.9363e+05,6560.2,0
136,3.9361e+05,6590.4,0
137,3.9358e+05,6620.5,0
138,3.9356e+05,6650.6,0
139,3.9354e+05,6680.6,0
140,3.9352e+05,6710.5,0
141,3.935e+05,6740.3,0
142,3.9348e+05,6770.1,0
143,3.9345e+05,6799.8,0
144,3.9343e+05,6829.4,0
145,3.9341e+05,6859,0
146,3.9339e+05,6888.4,0
147,3.9337e+05,6917.9,0
148,3.9334e+05,6947.2,0
149,3.9332e+05,6976.4,0
150,3.933e+05,7005.6,0
151,3.9327e+05,7034.7,0
152,3.9325e+05,7063.8,0
153,3.9323e+05,7092.7,0
154,3.9321e+05,7121.6,0
155,3.9318e+05,7150.4,0
156,3.9316e+05,7179.2,0
157,3.9314e+05,7207.8,0
158,3.9311e+05,7236.4,0
159,3.9309e+05,7264.9,0
160,3.9307e+05,7293.3,0
161,3.9304e+05,7321.7,0
162,3.9302e+05,7349.9,0
163,3.9299e+05,7378.1,0
164,3.9297e+05,7406.2,0
165,3.9295e+05,7434.3,0
166,3.9292e+05,7462.2,0
167,3.929e+05,7490.1,0
168,3.9287e+05,7517.9,0
169,3.9285e+05,7545.6,0
170,3.9283e+05,7573.3,0
171,3.928e+05,7600.8,0
172,3.9278e+05,7628.3,0
173,3.9275e+05,7655.7,0
174,3.9273e+05,7683,0
175,3.927e+05,7710.2,0
176,3.9268e+05,7737.4,0
177,3.9265e+05,7764.4,0
178,3.9263e+05,7791.4,0
179,3.926e+05,7818.3,0
180,3.9258e+05,7845.1,0
181,3.9255e+05,7871.9,0
182,3.9252e+05,7898.5,0
183,3.925e+05,7925.1,0
184,3.9247e+05,7951.6,0
185,3.9245e+05,7978,0
186,3.9242e+05,8004.3,0
187,3.924e+05,8030.5,0
188,3.9237e+05,8056.6,0
189,3.9234e+05,8082.7,0
190,3.9232e+05,8108.7,0
191,3.9229e+05,8134.6,0
192,3.9227e+05,8160.3,0
193,3.9224e+05,8186.1,0
194,3.9221e+05,8211.7,0
195,3.9219e+05,8237.2,0
196,3.9216e+05,8262.7,0
197,3.9213e+05,8288,0
198,3.9211e+05,8313.3,0
199,3.9208e+05,8338.5,0
200,3.9205e+05,8363.6,0
201,3.9202e+05,8388.6,0
202,3.92e+05,8413.5,0
203,3.9197e+05,8438.4,0
204,3.9194e+05,8463.1,0
205,3.9191e+05,8487.7,0
206,3.9189e+05,8512.3,0
207,3.9186e+05,8536.8,0
208,3.9183e+05,8561.2,0
209,3.918e+05,8585.4,0
210,3.9178e+05,8609.6,0
211,3.9175e+05,8633.8,0
212,3.9172e+05,8657.8,0
213,3.9169e+05,8681.7,0
214,3.9166e+05,8705.5,0
215,3.9164e+05,8729.3,0
216,3.9161e+05,8752.9,0
217,3.9158e+05,8776.5,0
218,3.9155e+05,8799.9,0
219,3.9152e+05,8823.3,0
220,3.9149e+05,8846.6,0
221,3.9147e+05,8869.7,0
222,3.9144e+05,8892.8,0
223,3.9141e+05,8915.8,0
224,3.9138e+05,8938.7,0
225,3.9135e+05,8961.5,0
226,3.9132e+05,8984.2,0
227,3.9129e+05,9006.8,0
228,3.9126e+05,9029.4,0
229,3.9123e+05,9051.8,0
230,3.912e+05,9074.1,0
231,3.9118e+05,9096.3,0
232,3.9115e+05,9118.5,0
233,3.9112e+05,9140.5,0
234,3.9109e+05,9162.4,0
235,3.9106e+05,9184.3,0
236,3.9103e+05,9206,0
237,3.91e+05,9227.7,0
238,3.9097e+05,9249.2,0
239,3.9094e+05,9270.7,0
240,3.9091e+05,9292,0
241,3.9088e+05,9313.3,0
242,3.9085e+05,9334.4,0
243,3.9082e+05,9355.5,0
244,3.9079e+05,9376.5,0
245,3.9076e+05,9397.3,0
246,3.9073e+05,9418.1,0
247,3.907e+05,9438.7,0
248,3.9067e+05,9459.3,0
249,3.9063e+05,9479.8,0
250,3.906e+05,9500.1,0
251,3.9057e+05,9520.4,0
252,3.9054e+05,9540.5,0
253,3.9051e+05,9560.6,0
254,3.9048e+05,9580.6,0
255,3.9045e+05,9600.4,0
256,3.9042e+05,9620.2,0
257,3.9039e+05,9639.8,0
258,3.9036e+05,9659.4,0
259,3.9032e+05,9678.8,0
260,3.9029e+05,9698.2,0
261,3.9026e+05,9717.4,0
262,3.9023e+05,9736.5,0
263,3.902e+05,9755.6,0
264,3.9017e+05,9774.5,0
265,3.9014e+05,9793.3,0
266,3.901e+05,9812.1,0
267,3.9007e+05,9830.7,0
268,3.9004e+05,9849.2,0
269,3.9001e+05,9867.6,0
270,3.8998e+05,9885.9,0
271,3.8995e+05,9904.1,0
272,3.8991e+05,9922.2,0
273,3.8988e+05,9940.2,0
274,3.8985e+05,9958.1,0
275,3.8982e+05,9975.9,0
276,3.8978e+05,9993.6,0
277,3.8975e+05,10011,0
278,3.8972e+05,10029,0
279,3.8969e+05,10046,0
280,3.8965e+05,10063,0
281,3.8962e+05,10080,0
282,3.8959e+05,10097,0
283,3.8956e+05,10114,0
284,3.8952e+05,10131,0
285,3.8949e+05,10148,0
286,3.8946e+05,10165,0
287,3.8943e+05,10181,0
288,3.8939e+05,10197,0
289,3.8936e+05,10214,0
290,3.8933e+05,10230,0
291,3.8929e+05,10246,0
292,3.8926e+05,10262,0
293,3.8923e+05,10278,0
294,3.8919e+05,10294,0
295,3.8916e+05,10309,0
296,3.8913e+05,10325,0
297,3.8909e+05,10340,0
298,3.8906e+05,10356,0
299,3.8903e+05,10371,0
300,3.8899e+05,10386,0
301,3.8896e+05,10401,0
302,3.8893e+05,10416,0
303,3.8889e+05,10431,0
304,3.8886e+05,10445,0
305,3.8883e+05,10460,0
306,3.8879e+05,10474,0
307,3.8876e+05,10489,0
308,3.8872e+05,10503,0
309,3.8869e+05,10517,0
310,3.8866e+05,10531,0
311,3.8862e+05,10545,0
312,3.8859e+05,10558,0
313,3.8855e+05,10572,0
314,3.8852e+05,10586,0
315,3.8849e+05,10599,0
316,3.8845e+05,10612,0
317,3.8842e+05,10626,0
318,3.8838e+05,10639,0
319,3.8835e+05,10652,0
320,3.8831e+05,10665,0
321,3.8828e+05,10677,0
322,3.8825e+05,10690,0
323,3.8821e+05,10703,0
324,3.8818e+05,10715,0
325,3.8814e+05,10727,0
326,3.8811e+05,10740,0
327,3.8807e+05,10752,0
328,3.8804e+05,10764,0
329,3.88e+05,10776,0
330,3.8797e+05,10787,0
331,3.8793e+05,10799,0
332,3.879e+05,10810,0
333,3.8786e+05,10822,0
334,3.8783e+05,10833,0
335,3.8779e+05,10844,0
336,3.8776e+05,10855,0
337,3.8772e+05,10866,0
338,3.8769e+05,10877,0
339,3.8765e+05,10888,0
340,3.8762e+05,10898,0
341,3.8758e+05,10909,0
342,3.8755e+05,10919,0
343,3.8751e+05,10930,0
344,3.8748e+05,10940,0
345,3.8744e+05,10950,0
346,3.8741e+05,10960,0
347,3.8737e+05,10970,0
348,3.8734e+05,10979,0
349,3.873e+05,10989,0
350,3.8726e+05,10998,0
351,3.8723e+05,11008,0
352,3.8719e+05,11017,0
353,3.8716e+05,11026,0
354,3.8712e+05,11035,0
355,3.8709e+05,11044,0
356,3.8705e+05,11053,0
357,3.8702e+05,11061,0
358,3.8698e+05,11070,0
359,3.8694e+05,11078,0
360,3.8691e+05,11086,0
361,3.8687e+05,11095,0
362,3.8684e+05,11103,0
363,3.868e+05,11111,0
364,3.8676e+05,11118,0
365,3.8673e+05,11126,0
366,3.8669e+05,11134,0
367,3.8666e+05,11141,0
368,3.8662e+05,11149,0
369,3.8658e+05,11156,0
370,3.8655e+05,11163,0
371,3.8651e+05,11170,0
372,3.8648e+05,11177,0
373,3.8644e+05,11184,0
374,3.864e+05,11190,0
375,3.8637e+05,11197,0
376,3.8633e+05,11203,0
377,3.863e+05,11210,0
378,3.8626e+05,11216,0
379,3.8622e+05,11222,0
380,3.8619e+05,11228,0
381,3.8615e+05,11234,0
382,3.8612e+05,11239,0
383,3.8608e+05,11245,0
384,3.8604e+05,11250,0
385,3.8601e+05,11256,0
386,3.8597e+05,11261,0
387,3.8593e+05,11266,0
388,3.859e+05,11271,0
389,3.8586e+05,11276,0
390,3.8582e+05,11281,0
391,3.8579e+05,11285,0
392,3.8575e+05,11290,0
393,3.8572e+05,11294,0
394,3.8568e+05,11299,0
395,3.8564e+05,11303,0
396,3.8561e+05,11307,0
397,3.8557e+05,11311,0
398,3.8553e+05,11315,0
399,3.855e+05,11318,0
400,3.8546e+05,11322,0
401,3.8542e+05,11325,0
402,3.8539e+05,11329,0
403,3.8535e+05,11332,0
404,3.8531e+05,11335,0
405,3.8528e+05,11338,0
406,3.8524e+05,11341,0
407,3.852e+05,11344,0
408,3.8517e+05,11346,0
409,3.8513e+05,11349,0
410,3.8509e+05,11351,0
411,3.8506e+05,11353,0
412,3.8502e+05,11355,0
413,3.8498e+05,11357,0
414,3.8495e+05,11359,0
415,3.8491e+05,11361,0
416,3.8487e+05,11363,0
417,3.8484e+05,11364,0
418,3.848e+05,11366,0
419,3.8476e+05,11367,0
420,3.8473e+05,11368,0
421,3.8469e+05,11369,0
422,3.8465e+05,11370,0
423,3.8462e+05,11371,0
424,3.8458e+05,11372,0
425,3.8454e+05,11372,0
426,3.8451e+05,11373,0
427,3.8447e+05,11373,0
428,3.8443e+05,11374,0
429,3.844e+05,11374,0
430,3.8436e+05,11374,0
431,3.8432e+05,11374,0
432,3.8429e+05,11373,0
433,3.8425e+05,11373,0
434,3.8421e+05,11372,0
435,3.8418e+05,11372,0
436,3.8414e+05,11371,0
437,3.841e+05,11370,0
438,3.8407e+05,11369,0
439,3.8403e+05,11368,0
440,3.8399e+05,11367,0
441,3.8396e+05,11366,0
442,3.8392e+05,11364,0
443,3.8388e+05,11363,0
444,3.8385e+05,11361,0
445,3.8381e+05,11359,0
446,3.8377e+05,11357,0
447,3.8374e+05,11355,0
448,3.837e+05,11353,0
449,3.8366e+05,11351,0
450,3.8363e+05,11349,0
451,3.8359e+05,11346,0
452,3.8355e+05,11343,0
453,3.8352e+05,11341,0
454,3.8348e+05,11338,0
455,3.8345e+05,11335,0
456,3.8341e+05,11332,0
457,3.8337e+05,11328,0
458,3.8334e+05,11325,0
459,3.833e+05,11322,0
460,3.8326e+05,11318,0
461,3.8323e+05,11314,0
462,3.8319e+05,11311,0
463,3.8315e+05,11307,0
464,3.8312e+05,11303,0
465,3.8308e+05,11298,0
466,3.8304e+05,11294,0
467,3.8301e+05,11290,0
468,3.8297e+05,11285,0
469,3.8293e+05,11281,0
470,3.829e+05,11276,0
471,3.8286e+05,11271,0
472,3.8283e+05,11266,0
473,3.8279e+05,11261,0
474,3.8275e+05,11256,0
475,3.8272e+05,11250,0
476,3.8268e+05,11245,0
477,3.8264e+05,11239,0
478,3.8261e+05,11233,0
479,3.8257e+05,11228,0
480,3.8254e+05,11222,0
481,3.825e+05,11216,0
482,3.8246e+05,11209,0
483,3.8243e+05,11203,0
484,3.8239e+05,11197,0
485,3.8235e+05,11190,0
486,3.8232e+05,11183,0
487,3.8228e+05,11177,0
488,3.8225e+05,11170,0
489,3.8221e+05,11163,0
490,3.8217e+05,11156,0
491,3.8214e+05,11148,0
492,3.821e+05,11141,0
493,3.8207e+05,11134,0
494,3.8203e+05,11126,0
495,3.82e+05,11118,0
496,3.8196e+05,11110,0
497,3.8192e+05,11103,0
498,3.8189e+05,11094,0
499,3.8185e+05,11086,0
500,3.8182e+05,11078,0
501,3.8178e+05,11070,0
502,3.8174e+05,11061,0
503,3.8171e+05,11052,0
504,3.8167e+05,11044,0
505,3.8164e+05,11035,0
506,3.816e+05,11026,0
507,3.8157e+05,11017,0
508,3.8153e+05,11008,0
509,3.815e+05,10998,0
510,3.8146e+05,10989,0
511,3.8143e+05,10979,0
512,3.8139e+05,10969,0
513,3.8135e+05,10960,0
514,3.8132e+05,10950,0
515,3.8128e+05,10940,0
516,3.8125e+05,10930,0
517,3.8121e+05,10919,0
518,3.8118e+05,10909,0
519,3.8114e+05,10899,0
520,3.8111e+05,10888,0
521,3.8107e+05,10877,0
522,3.8104e+05,10866,0
523,3.81e+05,10855,0
524,3.8097e+05,10844,0
525,3.8093e+05,10833,0
526,3.809e+05,10822,0
527,3.8086e+05,10811,0
528,3.8083e+05,10799,0
529,3.8079e+05,10787,0
530,3.8076e+05,10776,0
531,3.8072e+05,10764,0
532,3.8069e+05,10752,0
533,3.8065e+05,10740,0
534,3.8062e+05,10728,0
535,3.8059e+05,10715,0
536,3.8055e+05,10703,0
537,3.8052e+05,10690,0
538,3.8048e+05,10678,0
539,3.8045e+05,10665,0
540,3.8041e+05,10652,0
541,3.8038e+05,10639,0
542,3.8034e+05,10626,0
543,3.8031e+05,10613,0
544,3.8028e+05,10600,0
545,3.8024e+05,10586,0
546,3.8021e+05,10573,0
547,3.8017e+05,10559,0
548,3.8014e+05,10545,0
549,3.8011e+05,10531,0
550,3.8007e+05,10517,0
551,3.8004e+05,10503,0
552,3.8e+05,10489,0
553,3.7997e+05,10475,0
554,3.7994e+05,10460,0
555,3.799e+05,10446,0
556,3.7987e+05,10431,0
557,3.7984e+05,10416,0
558,3.798e+05,10402,0
559,3.7977e+05,10387,0
560,3.7974e+05,10372,0
561,3.797e+05,10356,0
562,3.7967e+05,10341,0
563,3.7963e+05,10326,0
564,3.796e+05,10310,0
565,3.7957e+05,10295,0
566,3.7954e+05,10279,0
567,3.795e+05,10263,0
568,3.7947e+05,10247,0
569,3.7944e+05,10231,0
570,3.794e+05,10215,0
571,3.7937e+05,10199,0
572,3.7934e+05,10182,0
573,3.793e+05,10166,0
574,3.7927e+05,10149,0
575,3.7924e+05,10132,0
576,3.7921e+05,10116,0
577,3.7917e+05,10099,0
578,3.7914e+05,10082,0
579,3.7911e+05,10065,0
580,3.7908e+05,10047,0
581,3.7904e+05,10030,0
582,3.7901e+05,10013,0
583,3.7898e+05,9995.2,0
584,3.7895e+05,9977.5,0
585,3.7892e+05,9959.8,0
586,3.7888e+05,9941.9,0
587,3.7885e+05,9924,0
588,3.7882e+05,9905.9,0
589,3.7879e+05,9887.7,0
590,3.7876e+05,9869.5,0
591,3.7872e+05,9851.1,0
592,3.7869e+05,9832.6,0
593,3.7866e+05,9814,0
594,3.7863e+05,9795.3,0
595,3.786e+05,9776.6,0
596,3.7857e+05,9757.7,0
597,3.7853e+05,9738.7,0
598,3.785e+05,9719.6,0
599,3.7847e+05,9700.4,0
600,3.7844e+05,9681.1,0
601,3.7841e+05,9661.7,0
602,3.7838e+05,9642.2,0
603,3.7835e+05,9622.6,0
604,3.7832e+05,9602.9,0
605,3.7828e+05,9583.1,0
606,3.7825e+05,9563.2,0
607,3.7822e+05,9543.2,0
608,3.7819e+05,9523.1,0
609,3.7816e+05,9502.9,0
610,3.7813e+05,9482.5,0
611,3.781e+05,9462.1,0
612,3.7807e+05,9441.6,0
613,3.7804e+05,9421,0
614,3.7801e+05,9400.3,0
615,3.7798e+05,9379.5,0
616,3.7795e+05,9358.6,0
617,3.7792e+05,9337.6,0
618,3.7789e+05,9316.5,0
619,3.7786e+05,9295.3,0
620,3.7783e+05,9274,0
621,3.778e+05,9252.6,0
622,3.7777e+05,9231.1,0
623,3.7774e+05,9209.5,0
624,3.7771e+05,9187.9,0
625,3.7768e+05,9166.1,0
626,3.7765e+05,9144.2,0
627,3.7762e+05,9122.2,0
628,3.7759e+05,9100.2,0
629,3.7756e+05,9078,0
630,3.7753e+05,9055.7,0
631,3.775e+05,9033.4,0
632,3.7747e+05,9010.9,0
633,3.7745e+05,8988.4,0
634,3.7742e+05,8965.7,0
635,3.7739e+05,8943,0
636,3.7736e+05,8920.2,0
637,3.7733e+05,8897.2,0
638,3.773e+05,8874.2,0
639,3.7727e+05,8851.1,0
640,3.7724e+05,8827.9,0
641,3.7722e+05,8804.6,0
642,3.7719e+05,8781.2,0
643,3.7716e+05,8757.7,0
644,3.7713e+05,8734.2,0
645,3.771e+05,8710.5,0
646,3.7707e+05,8686.7,0
647,3.7705e+05,8662.9,0
648,3.7702e+05,8639,0
649,3.7699e+05,8614.9,0
650,3.7696e+05,8590.8,0
651,3.7694e+05,8566.6,0
652,3.7691e+05,8542.3,0
653,3.7688e+05,8517.9,0
654,3.7685e+05,8493.4,0
655,3.7683e+05,8468.8,0
656,3.768e+05,8444.2,0
657,3.7677e+05,8419.4,0
658,3.7674e+05,8394.6,0
659,3.7672e+05,8369.6,0
660,3.7669e+05,8344.6,0
661,3.7666e+05,8319.5,0
662,3.7664e+05,8294.3,0
663,3.7661e+05,8269,0
664,3.7658e+05,8243.7,0
665,3.7656e+05,8218.2,0
666,3.7653e+05,8192.7,0
667,3.765e+05,8167.1,0
668,3.7648e+05,8141.3,0
669,3.7645e+05,8115.5,0
670,3.7642e+05,8089.7,0
671,3.764e+05,8063.7,0
672,3.7637e+05,8037.6,0
673,3.7635e+05,8011.5,0
674,3.7632e+05,7985.3,0
675,3.763e+05,7959,0
676,3.7627e+05,7932.6,0
677,3.7624e+05,7906.1,0
678,3.7622e+05,7879.5,0
679,3.7619e+05,7852.9,0
680,3.7617e+05,7826.2,0
681,3.7614e+05,7799.4,0
682,3.7612e+05,7772.5,0
683,3.7609e+05,7745.5,0
684,3.7607e+05,7718.4,0
685,3.7604e+05,7691.3,0
686,3.7602e+05,7664.1,0
687,3.7599e+05,7636.8,0
688,3.7597e+05,7609.4,0
689,3.7594e+05,7582,0
690,3.7592e+05,7554.4,0
691,3.759e+05,7526.8,0
692,3.7587e+05,7499.1,0
693,3.7585e+05,7471.3,0
694,3.7582e+05,7443.5,0
695,3.758e+05,7415.5,0
696,3.7578e+05,7387.5,0
697,3.7575e+05,7359.4,0
698,3.7573e+05,7331.3,0
699,3.757e+05,7303,0
700,3.7568e+05,7274.7,0
701,3.7566e+05,7246.3,0
702,3.7563e+05,7217.8,0
703,3.7561e+05,7189.3,0
704,3.7559e+05,7160.6,0
705,3.7556e+05,7131.9,0
706,3.7554e+05,7103.2,0
707,3.7552e+05,7074.3,0
708,3.755e+05,7045.4,0
709,3.7547e+05,7016.4,0
710,3.7545e+05,6987.3,0
711,3.7543e+05,6958.1,0
712,3.7541e+05,6928.9,0
713,3.7538e+05,6899.6,0
714,3.7536e+05,6870.2,0
715,3.7534e+05,6840.8,0
716,3.7532e+05,6811.3,0
717,3.7529e+05,6781.7,0
718,3.7527e+05,6752,0
719,3.7525e+05,6722.3,0
720,3.7523e+05,6692.5,0
721,3.7521e+05,6662.6,0
722,3.7519e+05,6632.7,0
723,3.7517e+05,6602.7,0
724,3.7514e+05,6572.6,0
725,3.7512e+05,6542.4,0
726,3.751e+05,6512.2,0
727,3.7508e+05,6481.9,0
728,3.7506e+05,6451.6,0
729,3.7504e+05,6421.1,0
730,3.7502e+05,6390.7,0
731,3.75e+05,6360.1,0
732,3.7498e+05,6329.5,0
733,3.7496e+05,6298.8,0
734,3.7494e+05,6268,0
735,3.7492e+05,6237.2,0
736,3.749e+05,6206.3,0
737,3.7488e+05,6175.3,0
738,3.7486e+05,6144.3,0
739,3.7484e+05,6113.2,0
740,3.7482e+05,6082,0
741,3.748e+05,6050.8,0
742,3.7478e+05,6019.5,0
743,3.7476e+05,5988.2,0
744,3.7474e+05,5956.8,0
745,3.7472e+05,5925.3,0
746,3.747e+05,5893.8,0
747,3.7468e+05,5862.2,0
748,3.7466e+05,5830.5,0
749,3.7464e+05,5798.8,0
750,3.7463e+05,5767,0
751,3.7461e+05,5735.2,0
752,3.7459e+05,5703.3,0
753,3.7457e+05,5671.3,0
754,3.7455e+05,5639.3,0
755,3.7453e+05,5607.2,0
756,3.7452e+05,5575,0
757,3.745e+05,5542.8,0
758,3.7448e+05,5510.6,0
759,3.7446e+05,5478.2,0
760,3.7444e+05,5445.9,0
761,3.7443e+05,5413.4,0
762,3.7441e+05,5380.9,0
763,3.7439e+05,5348.4,0
764,3.7438e+05,5315.8,0
765,3.7436e+05,5283.1,0
766,3.7434e+05,5250.4,0
767,3.7432e+05,5217.6,0
768,3.7431e+05,5184.8,0
769,3.7429e+05,5151.9,0
770,3.7427e+05,5119,0
771,3.7426e+05,5086,0
772,3.7424e+05,5052.9,0
773,3.7422e+05,5019.8,0
774,3.7421e+05,4986.7,0
775,3.7419e+05,4953.5,0
776,3.7418e+05,4920.2,0
777,3.7416e+05,4886.9,0
778,3.7415e+05,4853.5,0
779,3.7413e+05,4820.1,0
780,3.7411e+05,4786.6,0
781,3.741e+05,4753.1,0
782,3.7408e+05,4719.6,0
783,3.7407e+05,4685.9,0
784,3.7405e+05,4652.3,0
785,3.7404e+05,4618.6,0
786,3.7402e+05,4584.8,0
787,3.7401e+05,4551,0
788,3.7399e+05,4517.1,0
789,3.7398e+05,4483.2,0
790,3.7396e+05,4449.2,0
791,3.7395e+05,4415.2,0
792,3.7394e+05,4381.2,0
793,3.7392e+05,4347.1,0
794,3.7391e+05,4313,0
795,3.7389e+05,4278.8,0
796,3.7388e+05,4244.5,0
797,3.7387e+05,4210.3,0
798,3.7385e+05,4175.9,0
799,3.7384e+05,4141.6,0
800,3.7383e+05,4107.1,0
801,3.7381e+05,4072.7,0
802,3.738e+05,4038.2,0
803,3.7379e+05,4003.7,0
804,3.7377e+05,3969.1,0
805,3.7376e+05,3934.4,0
806,3.7375e+05,3899.8,0
807,3.7374e+05,3865.1,0
808,3.7372e+05,3830.3,0
809,3.7371e+05,3795.5,0
810,3.737e+05,3760.7,0
811,3.7369e+05,3725.8,0
812,3.7368e+05,3690.9,0
813,3.7366e+05,3656,0
814,3.7365e+05,3621,0
815,3.7364e+05,3585.9,0
816,3.7363e+05,3550.9,0
817,3.7362e+05,3515.8,0
818,3.7361e+05,3480.6,0
819,3.7359e+05,3445.5,0
820,3.7358e+05,3410.3,0
821,3.7357e+05,3375,0
822,3.7356e+05,3339.7,0
823,3.7355e+05,3304.4,0
824,3.7354e+05,3269,0
825,3.7353e+05,3233.7,0
826,3.7352e+05,3198.2,0
827,3.7351e+05,3162.8,0
828,3.735e+05,3127.3,0
829,3.7349e+05,3091.8,0
830,3.7348e+05,3056.2,0
831,3.7347e+05,3020.6,0
832,3.7346e+05,2985,0
833,3.7345e+05,2949.3,0
834,3.7344e+05,2913.6,0
835,3.7343e+05,2877.9,0
836,3.7342e+05,2842.2,0
837,3.7341e+05,2806.4,0
838,3.734e+05,2770.6,0
839,3.734e+05,2734.8,0
840,3.7339e+05,2698.9,0
841,3.7338e+05,2663,0
842,3.7337e+05,2627.1,0
843,3.7336e+05,2591.1,0
844,3.7335e+05,2555.2,0
845,3.7334e+05,2519.2,0
846,3.7334e+05,2483.1,0
847,3.7333e+05,2447.1,0
848,3.7332e+05,2411,0
849,3.7331e+05,2374.9,0
850,3.733e+05,2338.7,0
851,3.733e+05,2302.6,0
852,3.7329e+05,2266.4,0
853,3.7328e+05,2230.2,0
854,3.7328e+05,2194,0
855,3.7327e+05,2157.7,0
856,3.7326e+05,2121.4,0
857,3.7325e+05,2085.1,0
858,3.7325e+05,2048.8,0
859,3.7324e+05,2012.5,0
860,3.7324e+05,1976.1,0
861,3.7323e+05,1939.7,0
862,3.7322e+05,1903.3,0
863,3.7322e+05,1866.9,0
864,3.7321e+05,1830.4,0
865,3.732e+05,1794,0
866,3.732e+05,1757.5,0
867,3.7319e+05,1721,0
868,3.7319e+05,1684.5,0
869,3.7318e+05,1647.9,0
870,3.7318e+05,1611.4,0
871,3.7317e+05,1574.8,0
872,3.7317e+05,1538.2,0
873,3.7316e+05,1501.6,0
874,3.7316e+05,1465,0
875,3.7315e+05,1428.3,0
876,3.7315e+05,1391.7,0
877,3.7314e+05,1355,0
878,3.7314e+05,1318.3,0
879,3.7314e+05,1281.6,0
880,3.7313e+05,1244.9,0
881,3.7313e+05,1208.2,0
882,3.7312e+05,1171.5,0
883,3.7312e+05,1134.7,0
884,3.7312e+05,1098,0
885,3.7311e+05,1061.2,0
886,3.7311e+05,1024.4,0
887,3.7311e+05,987.6,0
888,3.731e+05,950.8,0
889,3.731e+05,913.98,0
890,3.731e+05,877.16,0
891,3.7309e+05,840.32,0
892,3.7309e+05,803.48,0
893,3.7309e+05,766.63,0
894,3.7309e+05,729.77,0
895,3.7308e+05,692.9,0
896,3.7308e+05,656.02,0
897,3.7308e+05,619.14,0
898,3.7308e+05,582.25,0
899,3.7308e+05,545.36,0
900,3.7307e+05,508.46,0
901,3.7307e+05,471.55,0
902,3.7307e+05,434.64,0
903,3.7307e+05,397.73,0
904,3.7307e+05,360.81,0
905,3.7307e+05,323.88,0
906,3.7307e+05,286.96,0
907,3.7307e+05,250.02,0
908,3.7307e+05,213.09,0
909,3.7306e+05,176.16,0
910,3.7306e+05,139.22,0
911,3.7306e+05,102.28,0
912,3.7306e+05,65.343,0
913,3.7306e+05,28.402,0
914,3.7306e+05,-8.5379,0
915,3.7306e+05,-45.478,0
916,3.7306e+05,-82.418,0
917,3.7306e+05,-119.36,0
918,3.7306e+05,-156.29,0
919,3.7306e+05,-193.23,0
920,3.7307e+05,-230.16,0
921,3.7307e+05,-267.1,0
922,3.7307e+05,-304.03,0
923,3.7307e+05,-340.95,0
924,3.7307e+05,-377.87,0
925,3.7307e+05,-414.79,0
926,3.7307e+05,-451.7,0
927,3.7307e+05,-488.61,0
928,3.7308e+05,-525.52,0
929,3.7308e+05,-562.41,0
930,3.7308e+05,-599.31,0
931,3.7308e+05,-636.19,0
932,3.7308e+05,-673.07,0
933,3.7309e+05,-709.94,0
934,3.7309e+05,-746.81,0
935,3.7309e+05,-783.66,0
936,3.7309e+05,-820.51,0
937,3.731e+05,-857.35,0
938,3.731e+05,-894.18,0
939,3.731e+05,-931,0
940,3.731e+05,-967.81,0
941,3.7311e+05,-1004.6,0
942,3.7311e+05,-1041.4,0
943,3.7311e+05,-1078.2,0
944,3.7312e+05,-1114.9,0
945,3.7312e+05,-1151.7,0
946,3.7313e+05,-1188.4,0
947,3.7313e+05,-1225.2,0
948,3.7313e+05,-1261.9,0
949,3.7314e+05,-1298.6,0
950,3.7314e+05,-1335.3,0
951,3.7315e+05,-1372,0
952,3.7315e+05,-1408.6,0
953,3.7315e+05,-1445.3,0
954,3.7316e+05,-1481.9,0
955,3.7316e+05,-1518.5,0
956,3.7317e+05,-1555.1,0
957,3.7317e+05,-1591.7,0
958,3.7318e+05,-1628.3,0
959,3.7318e+05,-1664.8,0
960,3.7319e+05,-1701.3,0
961,3.732e+05,-1737.9,0
962,3.732e+05,-1774.4,0
963,3.7321e+05,-1810.8,0
964,3.7321e+05,-1847.3,0
965,3.7322e+05,-1883.7,0
966,3.7323e+05,-1920.1,0
967,3.7323e+05,-1956.5,0
968,3.7324e+05,-1992.9,0
969,3.7324e+05,-2029.3,0
970,3.7325e+05,-2065.6,0
971,3.7326e+05,-2101.9,0
972,3.7326e+05,-2138.2,0
973,3.7327e+05,-2174.5,0
974,3.7328e+05,-2210.7,0
975,3.7329e+05,-2246.9,0
976,3.7329e+05,-2283.1,0
977,3.733e+05,-2319.3,0
978,3.7331e+05,-2355.4,0
979,3.7332e+05,-2391.6,0
980,3.7332e+05,-2427.7,0
981,3.7333e+05,-2463.7,0
982,3.7334e+05,-2499.8,0
983,3.7335e+05,-2535.8,0
984,3.7336e+05,-2571.8,0
985,3.7336e+05,-2607.8,0
986,3.7337e+05,-2643.7,0
987,3.7338e+05,-2679.6,0
988,3.7339e+05,-2715.5,0
989,3.734e+05,-2751.3,0
990,3.7341e+05,-2787.2,0
991,3.7342e+05,-2823,0
992,3.7343e+05,-2858.7,0
993,3.7344e+05,-2894.4,0
994,3.7345e+05,-2930.1,0
995,3.7345e+05,-2965.8,0
996,3.7346e+05,-3001.5,0
997,3.7347e+05,-3037.1,0
998,3.7348e+05,-3072.6,0
999,3.7349e+05,-3108.2,0
1000,3.735e+05,-3143.7,0
1001,3.7351e+05,-3179.2,0
1002,3.7352e+05,-3214.6,0
1003,3.7353e+05,-3250,0
1004,3.7355e+05,-3285.4,0
1005,3.7356e+05,-3320.7,0
1006,3.7357e+05,-3356,0
1007,3.7358e+05,-3391.3,0
1008,3.7359e+05,-3426.5,0
1009,3.736e+05,-3461.7,0
1010,3.7361e+05,-3496.9,0
1011,3.7362e+05,-3532,0
1012,3.7363e+05,-3567.1,0
1013,3.7365e+05,-3602.1,0
1014,3.7366e+05,-3637.2,0
1015,3.7367e+05,-3672.1,0
1016,3.7368e+05,-3707.1,0
1017,3.7369e+05,-3741.9,0
1018,3.7371e+05,-3776.8,0
1019,3.7372e+05,-3811.6,0
1020,3.7373e+05,-3846.4,0
1021,3.7374e+05,-3881.1,0
1022,3.7375e+05,-3915.8,0
1023,3.7377e+05,-3950.5,0
1024,3.7378e+05,-3985.1,0
1025,3.7379e+05,-4019.6,0
1026,3.7381e+05,-4054.1,0
1027,3.7382e+05,-4088.6,0
1028,3.7383e+05,-4123.1,0
1029,3.7385e+05,-4157.5,0
1030,3.7386e+05,-4191.8,0
1031,3.7387e+05,-4226.1,0
1032,3.7389e+05,-4260.4,0
1033,3.739e+05,-4294.6,0
1034,3.7391e+05,-4328.7,0
1035,3.7393e+05,-4362.9,0
1036,3.7394e+05,-4396.9,0
1037,3.7396e+05,-4431,0
1038,3.7397e+05,-4465,0
1039,3.7399e+05,-4498.9,0
1040,3.74e+05,-4532.8,0
1041,3.7402e+05,-4566.6,0
1042,3.7403e+05,-4600.4,0
1043,3.7405e+05,-4634.1,0
1044,3.7406e+05,-4667.8,0
1045,3.7408e+05,-4701.5,0
1046,3.7409e+05,-4735.1,0
1047,3.7411e+05,-4768.6,0
1048,3.7412e+05,-4802.1,0
1049,3.7414e+05,-4835.6,0
1050,3.7415e+05,-4868.9,0
1051,3.7417e+05,-4902.3,0
1052,3.7418e+05,-4935.6,0
1053,3.742e+05,-4968.8,0
1054,3.7422e+05,-5002,0
1055,3.7423e+05,-5035.1,0
1056,3.7425e+05,-5068.2,0
1057,3.7427e+05,-5101.2,0
1058,3.7428e+05,-5134.2,0
1059,3.743e+05,-5167.1,0
1060,3.7432e+05,-5200,0
1061,3.7433e+05,-5232.8,0
1062,3.7435e+05,-5265.5,0
1063,3.7437e+05,-5298.2,0
1064,3.7438e+05,-5330.9,0
1065,3.744e+05,-5363.4,0
1066,3.7442e+05,-5396,0
1067,3.7444e+05,-5428.4,0
1068,3.7445e+05,-5460.8,0
1069,3.7447e+05,-5493.2,0
1070,3.7449e+05,-5525.5,0
1071,3.7451e+05,-5557.7,0
1072,3.7452e+05,-5589.9,0
1073,3.7454e+05,-5622,0
1074,3.7456e+05,-5654.1,0
1075,3.7458e+05,-5686.1,0
1076,3.746e+05,-5718,0
1077,3.7462e+05,-5749.9,0
1078,3.7463e+05,-5781.7,0
1079,3.7465e+05,-5813.5,0
1080,3.7467e+05,-5845.2,0
1081,3.7469e+05,-5876.8,0
1082,3.7471e+05,-5908.4,0
1083,3.7473e+05,-5939.9,0
1084,3.7475e+05,-5971.3,0
1085,3.7477e+05,-6002.7,0
1086,3.7479e+05,-6034,0
1087,3.7481e+05,-6065.3,0
1088,3.7483e+05,-6096.5,0
1089,3.7485e+05,-6127.6,0
1090,3.7487e+05,-6158.6,0
1091,3.7489e+05,-6189.6,0
1092,3.7491e+05,-6220.6,0
1093,3.7493e+05,-6251.4,0
1094,3.7495e+05,-6282.2,0
1095,3.7497e+05,-6313,0
1096,3.7499e+05,-6343.6,0
1097,3.7501e+05,-6374.2,0
1098,3.7503e+05,-6404.8,0
1099,3.7505e+05,-6435.2,0
1100,3.7507e+05,-6465.6,0
1101,3.7509e+05,-6495.9,0
1102,3.7511e+05,-6526.2,0
1103,3.7513e+05,-6556.4,0
1104,3.7515e+05,-6586.5,0
1105,3.7518e+05,-6616.6,0
1106,3.752e+05,-6646.5,0
1107,3.7522e+05,-6676.5,0
1108,3.7524e+05,-6706.3,0
1109,3.7526e+05,-6736.1,0
1110,3.7528e+05,-6765.8,0
1111,3.753e+05,-6795.4,0
1112,3.7533e+05,-6824.9,0
1113,3.7535e+05,-6854.4,0
1114,3.7537e+05,-6883.8,0
1115,3.7539e+05,-6913.2,0
1116,3.7542e+05,-6942.4,0
1117,3.7544e+05,-6971.6,0
1118,3.7546e+05,-7000.7,0
1119,3.7548e+05,-7029.8,0
1120,3.7551e+05,-7058.8,0
1121,3.7553e+05,-7087.6,0
1122,3.7555e+05,-7116.5,0
1123,3.7557e+05,-7145.2,0
1124,3.756e+05,-7173.9,0
1125,3.7562e+05,-7202.5,0
1126,3.7564e+05,-7231,0
1127,3.7567e+05,-7259.4,0
1128,3.7569e+05,-7287.8,0
1129,3.7571e+05,-7316.1,0
1130,3.7574e+05,-7344.3,0
1131,3.7576e+05,-7372.4,0
1132,3.7579e+05,-7400.5,0
1133,3.7581e+05,-7428.5,0
1134,3.7583e+05,-7456.4,0
1135,3.7586e+05,-7484.2,0
1136,3.7588e+05,-7511.9,0
1137,3.7591e+05,-7539.6,0
1138,3.7593e+05,-7567.2,0
1139,3.7596e+05,-7594.7,0
1140,3.7598e+05,-7622.1,0
1141,3.76e+05,-7649.4,0
1142,3.7603e+05,-7676.7,0
1143,3.7605e+05,-7703.9,0
1144,3.7608e+05,-7731,0
1145,3.761e+05,-7758,0
1146,3.7613e+05,-7784.9,0
1147,3.7615e+05,-7811.8,0
1148,3.7618e+05,-7838.5,0
1149,3.7621e+05,-7865.2,0
1150,3.7623e+05,-7891.8,0
1151,3.7626e+05,-7918.3,0
1152,3.7628e+05,-7944.8,0
1153,3.7631e+05,-7971.1,0
1154,3.7633e+05,-7997.4,0
1155,3.7636e+05,-8023.6,0
1156,3.7638e+05,-8049.7,0
1157,3.7641e+05,-8075.7,0
1158,3.7644e+05,-8101.6,0
1159,3.7646e+05,-8127.5,0
1160,3.7649e+05,-8153.2,0
1161,3.7652e+05,-8178.9,0
1162,3.7654e+05,-8204.5,0
1163,3.7657e+05,-8230,0
1164,3.766e+05,-8255.4,0
1165,3.7662e+05,-8280.7,0
1166,3.7665e+05,-8306,0
1167,3.7668e+05,-8331.1,0
1168,3.767e+05,-8356.2,0
1169,3.7673e+05,-8381.2,0
1170,3.7676e+05,-8406.1,0
1171,3.7678e+05,-8430.9,0
1172,3.7681e+05,-8455.6,0
1173,3.7684e+05,-8480.2,0
1174,3.7687e+05,-8504.7,0
1175,3.7689e+05,-8529.2,0
1176,3.7692e+05,-8553.5,0
1177,3.7695e+05,-8577.8,0
1178,3.7698e+05,-8602,0
1179,3.77e+05,-8626,0
1180,3.7703e+05,-8650,0
1181,3.7706e+05,-8673.9,0
1182,3.7709e+05,-8697.7,0
1183,3.7712e+05,-8721.5,0
1184,3.7714e+05,-8745.1,0
1185,3.7717e+05,-8768.6,0
1186,3.772e+05,-8792.1,0
1187,3.7723e+05,-8815.4,0
1188,3.7726e+05,-8838.7,0
1189,3.7729e+05,-8861.8,0
1190,3.7731e+05,-8884.9,0
1191,3.7734e+05,-8907.9,0
1192,3.7737e+05,-8930.7,0
1193,3.774e+05,-8953.5,0
1194,3.7743e+05,-8976.2,0
1195,3.7746e+05,-8998.8,0
1196,3.7749e+05,-9021.3,0
1197,3.7752e+05,-9043.7,0
1198,3.7755e+05,-9066,0
1199,3.7758e+05,-9088.3,0
1200,3.776e+05,-9110.4,0
1201,3.7763e+05,-9132.4,0
1202,3.7766e+05,-9154.3,0
1203,3.7769e+05,-9176.2,0
1204,3.7772e+05,-9197.9,0
1205,3.7775e+05,-9219.5,0
1206,3.7778e+05,-9241.1,0
1207,3.7781e+05,-9262.5,0
1208,3.7784e+05,-9283.9,0
1209,3.7787e+05,-9305.1,0
1210,3.779e+05,-9326.3,0
1211,3.7793e+05,-9347.3,0
1212,3.7796e+05,-9368.3,0
1213,3.7799e+05,-9389.1,0
1214,3.7802e+05,-9409.9,0
1215,3.7805e+05,-9430.6,0
1216,3.7808e+05,-9451.1,0
1217,3.7811e+05,-9471.6,0
1218,3.7815e+05,-9491.9,0
1219,3.7818e+05,-9512.2,0
1220,3.7821e+05,-9532.4,0
1221,3.7824e+05,-9552.4,0
1222,3.7827e+05,-9572.4,0
1223,3.783e+05,-9592.2,0
1224,3.7833e+05,-9612,0
1225,3.7836e+05,-9631.7,0
1226,3.7839e+05,-9651.2,0
1227,3.7842e+05,-9670.7,0
1228,3.7845e+05,-9690,0
1229,3.7849e+05,-9709.3,0
1230,3.7852e+05,-9728.4,0
1231,3.7855e+05,-9747.5,0
1232,3.7858e+05,-9766.4,0
1233,3.7861e+05,-9785.3,0
1234,3.7864e+05,-9804,0
1235,3.7867e+05,-9822.6,0
1236,3.7871e+05,-9841.2,0
1237,3.7874e+05,-9859.6,0
1238,3.7877e+05,-9877.9,0
1239,3.788e+05,-9896.1,0
1240,3.7883e+05,-9914.3,0
1241,3.7887e+05,-9932.3,0
1242,3.789e+05,-9950.2,0
1243,3.7893e+05,-9968,0
1244,3.7896e+05,-9985.7,0
1245,3.7899e+05,-10003,0
1246,3.7903e+05,-10021,0
1247,3.7906e+05,-10038,0
1248,3.7909e+05,-10055,0
1249,3.7912e+05,-10073,0
1250,3.7916e+05,-10090,0
1251,3.7919e+05,-10107,0
1252,3.7922e+05,-10123,0
1253,3.7925e+05,-10140,0
1254,3.7929e+05,-10157,0
1255,3.7932e+05,-10173,0
1256,3.7935e+05,-10190,0
1257,3.7939e+05,-10206,0
1258,3.7942e+05,-10222,0
1259,3.7945e+05,-10238,0
1260,3.7948e+05,-10254,0
1261,3.7952e+05,-10270,0
1262,3.7955e+05,-10286,0
1263,3.7958e+05,-10302,0
1264,3.7962e+05,-10317,0
1265,3.7965e+05,-10333,0
1266,3.7968e+05,-10348,0
1267,3.7972e+05,-10363,0
1268,3.7975e+05,-10379,0
1269,3.7978e+05,-10394,0
1270,3.7982e+05,-10408,0
1271,3.7985e+05,-10423,0
1272,3.7988e+05,-10438,0
1273,3.7992e+05,-10453,0
1274,3.7995e+05,-10467,0
1275,3.7999e+05,-10481,0
1276,3.8002e+05,-10496,0
1277,3.8005e+05,-10510,0
1278,3.8009e+05,-10524,0
1279,3.8012e+05,-10538,0
1280,3.8016e+05,-10552,0
1281,3.8019e+05,-10565,0
1282,3.8022e+05,-10579,0
1283,3.8026e+05,-10592,0
1284,3.8029e+05,-10606,0
1285,3.8033e+05,-10619,0
1286,3.8036e+05,-10632,0
1287,3.8039e+05,-10645,0
1288,3.8043e+05,-10658,0
1289,3.8046e+05,-10671,0
1290,3.805e+05,-10684,0
1291,3.8053e+05,-10696,0
1292,3.8057e+05,-10709,0
1293,3.806e+05,-10721,0
1294,3.8064e+05,-10733,0
1295,3.8067e+05,-10745,0
1296,3.8071e+05,-10757,0
1297,3.8074e+05,-10769,0
1298,3.8077e+05,-10781,0
1299,3.8081e+05,-10793,0
1300,3.8084e+05,-10804,0
1301,3.8088e+05,-10816,0
1302,3.8091e+05,-10827,0
1303,3.8095e+05,-10838,0
1304,3.8098e+05,-10850,0
1305,3.8102e+05,-10861,0
1306,3.8105e+05,-10871,0
1307,3.8109e+05,-10882,0
1308,3.8112e+05,-10893,0
1309,3.8116e+05,-10903,0
1310,3.8119e+05,-10914,0
1311,3.8123e+05,-10924,0
1312,3.8126e+05,-10934,0
1313,3.813e+05,-10944,0
1314,3.8134e+05,-10954,0
1315,3.8137e+05,-10964,0
1316,3.8141e+05,-10974,0
1317,3.8144e+05,-10984,0
1318,3.8148e+05,-10993,0
1319,3.8151e+05,-11003,0
1320,3.8155e+05,-11012,0
1321,3.8158e+05,-11021,0
1322,3.8162e+05,-11030,0
1323,3.8165e+05,-11039,0
1324,3.8169e+05,-11048,0
1325,3.8173e+05,-11056,0
1326,3.8176e+05,-11065,0
1327,3.818e+05,-11074,0
1328,3.8183e+05,-11082,0
1329,3.8187e+05,-11090,0
1330,3.819e+05,-11098,0
1331,3.8194e+05,-11106,0
1332,3.8198e+05,-11114,0
1333,3.8201e+05,-11122,0
1334,3.8205e+05,-11130,0
1335,3.8208e+05,-11137,0
1336,3.8212e+05,-11144,0
1337,3.8216e+05,-11152,0
1338,3.8219e+05,-11159,0
1339,3.8223e+05,-11166,0
1340,3.8226e+05,-11173,0
1341,3.823e+05,-11180,0
1342,3.8234e+05,-11187,0
1343,3.8237e+05,-11193,0
1344,3.8241e+05,-11200,0
1345,3.8244e+05,-11206,0
1346,3.8248e+05,-11212,0
1347,3.8252e+05,-11218,0
1348,3.8255e+05,-11224,0
1349,3.8259e+05,-11230,0
1350,3.8262e+05,-11236,0
1351,3.8266e+05,-11242,0
1352,3.827e+05,-11247,0
1353,3.8273e+05,-11253,0
1354,3.8277e+05,-11258,0
1355,3.8281e+05,-11263,0
1356,3.8284e+05,-11268,0
1357,3.8288e+05,-11273,0
1358,3.8292e+05,-11278,0
1359,3.8295e+05,-11283,0
1360,3.8299e+05,-11287,0
1361,3.8302e+05,-11292,0
1362,3.8306e+05,-11296,0
1363,3.831e+05,-11300,0
1364,3.8313e+05,-11304,0
1365,3.8317e+05,-11308,0
1366,3.8321e+05,-11312,0
1367,3.8324e+05,-11316,0
1368,3.8328e+05,-11320,0
1369,3.8332e+05,-11323,0
1370,3.8335e+05,-11327,0
1371,3.8339e+05,-11330,0
1372,3.8343e+05,-11333,0
1373,3.8346e+05,-11336,0
1374,3.835e+05,-11339,0
1375,3.8354e+05,-11342,0
1376,3.8357e+05,-11345,0
1377,3.8361e+05,-11347,0
1378,3.8364e+05,-11350,0
1379,3.8368e+05,-11352,0
1380,3.8372e+05,-11354,0
1381,3.8375e+05,-11356,0
1382,3.8379e+05,-11358,0
1383,3.8383e+05,-11360,0
1384,3.8386e+05,-11362,0
1385,3.839e+05,-11363,0
1386,3.8394e+05,-11365,0
1387,3.8397e+05,-11366,0
1388,3.8401e+05,-11368,0
1389,3.8405e+05,-11369,0
1390,3.8408e+05,-11370,0
1391,3.8412e+05,-11371,0
1392,3.8416e+05,-11371,0
1393,3.8419e+05,-11372,0
1394,3.8423e+05,-11373,0
1395,3.8427e+05,-11373,0
1396,3.843e+05,-11373,0
1397,3.8434e+05,-11374,0
1398,3.8438e+05,-11374,0
1399,3.8441e+05,-11374,0
1400,3.8445e+05,-11373,0
1401,3.8449e+05,-11373,0
1402,3.8452e+05,-11373,0
1403,3.8456e+05,-11372,0
1404,3.846e+05,-11372,0
1405,3.8463e+05,-11371,0
1406,3.8467e+05,-11370,0
1407,3.8471e+05,-11369,0
1408,3.8474e+05,-11368,0
1409,3.8478e+05,-11367,0
1410,3.8482e+05,-11365,0
1411,3.8485e+05,-11364,0
1412,3.8489e+05,-11362,0
1413,3.8493e+05,-11360,0
1414,3.8496e+05,-11358,0
1415,3.85e+05,-11357,0
1416,3.8504e+05,-11354,0
1417,3.8507e+05,-11352,0
1418,3.8511e+05,-11350,0
1419,3.8515e+05,-11347,0
1420,3.8518e+05,-11345,0
1421,3.8522e+05,-11342,0
1422,3.8526e+05,-11339,0
1423,3.8529e+05,-11337,0
1424,3.8533e+05,-11334,0
1425,3.8537e+05,-11330,0
1426,3.854e+05,-11327,0
1427,3.8544e+05,-11324,0
1428,3.8548e+05,-11320,0
1429,3.8551e+05,-11317,0
1430,3.8555e+05,-11313,0
1431,3.8559e+05,-11309,0
1432,3.8562e+05,-11305,0
1433,3.8566e+05,-11301,0
1434,3.857e+05,-11297,0
1435,3.8573e+05,-11292,0
1436,3.8577e+05,-11288,0
1437,3.858e+05,-11283,0
1438,3.8584e+05,-11279,0
1439,3.8588e+05,-11274,0
1440,3.8591e+05,-11269,0
1441,3.8595e+05,-11264,0
1442,3.8599e+05,-11259,0
1443,3.8602e+05,-11253,0
1444,3.8606e+05,-11248,0
1445,3.861e+05,-11242,0
1446,3.8613e+05,-11237,0
1447,3.8617e+05,-11231,0
1448,3.862e+05,-11225,0
1449,3.8624e+05,-11219,0
1450,3.8628e+05,-11213,0
1451,3.8631e+05,-11207,0
1452,3.8635e+05,-11200,0
1453,3.8639e+05,-11194,0
1454,3.8642e+05,-11187,0
1455,3.8646e+05,-11181,0
1456,3.8649e+05,-11174,0
1457,3.8653e+05,-11167,0
1458,3.8657e+05,-11160,0
1459,3.866e+05,-11152,0
1460,3.8664e+05,-11145,0
1461,3.8667e+05,-11138,0
1462,3.8671e+05,-11130,0
1463,3.8675e+05,-11123,0
1464,3.8678e+05,-11115,0
1465,3.8682e+05,-11107,0
1466,3.8685e+05,-11099,0
1467,3.8689e+05,-11091,0
1468,3.8692e+05,-11083,0
1469,3.8696e+05,-11074,0
1470,3.87e+05,-11066,0
1471,3.8703e+05,-11057,0
1472,3.8707e+05,-11049,0
1473,3.871e+05,-11040,0
1474,3.8714e+05,-11031,0
1475,3.8717e+05,-11022,0
1476,3.8721e+05,-11013,0
1477,3.8725e+05,-11003,0
1478,3.8728e+05,-10994,0
1479,3.8732e+05,-10984,0
1480,3.8735e+05,-10975,0
1481,3.8739e+05,-10965,0
1482,3.8742e+05,-10955,0
1483,3.8746e+05,-10945,0
1484,3.8749e+05,-10935,0
1485,3.8753e+05,-10925,0
1486,3.8756e+05,-10915,0
1487,3.876e+05,-10904,0
1488,3.8763e+05,-10894,0
1489,3.8767e+05,-10883,0
1490,3.877e+05,-10872,0
1491,3.8774e+05,-10861,0
1492,3.8777e+05,-10850,0
1493,3.8781e+05,-10839,0
1494,3.8784e+05,-10828,0
1495,3.8788e+05,-10817,0
1496,3.8791e+05,-10805,0
1497,3.8795e+05,-10794,0
1498,3.8798e+05,-10782,0
1499,3.8802e+05,-10770,0
1500,3.8805e+05,-10758,0
1501,3.8809e+05,-10746,0
1502,3.8812e+05,-10734,0
1503,3.8816e+05,-10722,0
1504,3.8819e+05,-10709,0
1505,3.8823e+05,-10697,0
1506,3.8826e+05,-10684,0
1507,3.883e+05,-10672,0
1508,3.8833e+05,-10659,0
1509,3.8836e+05,-10646,0
1510,3.884e+05,-10633,0
1511,3.8843e+05,-10620,0
1512,3.8847e+05,-10606,0
1513,3.885e+05,-10593,0
1514,3.8854e+05,-10579,0
1515,3.8857e+05,-10566,0
1516,3.886e+05,-10552,0
1517,3.8864e+05,-10538,0
1518,3.8867e+05,-10524,0
1519,3.8871e+05,-10510,0
1520,3.8874e+05,-10496,0
1521,3.8877e+05,-10482,0
1522,3.8881e+05,-10468,0
1523,3.8884e+05,-10453,0
1524,3.8888e+05,-10438,0
1525,3.8891e+05,-10424,0
1526,3.8894e+05,-10409,0
1527,3.8898e+05,-10394,0
1528,3.8901e+05,-10379,0
1529,3.8904e+05,-10364,0
1530,3.8908e+05,-10349,0
1531,3.8911e+05,-10333,0
1532,3.8914e+05,-10318,0
1533,3.8918e+05,-10302,0
1534,3.8921e+05,-10286,0
1535,3.8924e+05,-10271,0
1536,3.8928e+05,-10255,0
1537,3.8931e+05,-10239,0
1538,3.8934e+05,-10223,0
1539,3.8938e+05,-10206,0
1540,3.8941e+05,-10190,0
1541,3.8944e+05,-10173,0
1542,3.8947e+05,-10157,0
1543,3.8951e+05,-10140,0
1544,3.8954e+05,-10123,0
1545,3.8957e+05,-10107,0
1546,3.896e+05,-10090,0
1547,3.8964e+05,-10073,0
1548,3.8967e+05,-10055,0
1549,3.897e+05,-10038,0
1550,3.8973e+05,-10021,0
1551,3.8977e+05,-10003,0
1552,3.898e+05,-9985.4,0
1553,3.8983e+05,-9967.7,0
1554,3.8986e+05,-9949.9,0
1555,3.899e+05,-9931.9,0
1556,3.8993e+05,-9913.9,0
1557,3.8996e+05,-9895.7,0
1558,3.8999e+05,-9877.5,0
1559,3.9002e+05,-9859.1,0
1560,3.9006e+05,-9840.7,0
1561,3.9009e+05,-9822.1,0
1562,3.9012e+05,-9803.4,0
1563,3.9015e+05,-9784.7,0
1564,3.9018e+05,-9765.8,0
1565,3.9021e+05,-9746.8,0
1566,3.9025e+05,-9727.7,0
1567,3.9028e+05,-9708.5,0
1568,3.9031e+05,-9689.2,0
1569,3.9034e+05,-9669.8,0
1570,3.9037e+05,-9650.3,0
1571,3.904e+05,-9630.7,0
1572,3.9043e+05,-9611,0
1573,3.9046e+05,-9591.2,0
1574,3.9049e+05,-9571.3,0
1575,3.9053e+05,-9551.3,0
1576,3.9056e+05,-9531.2,0
1577,3.9059e+05,-9511,0
1578,3.9062e+05,-9490.7,0
1579,3.9065e+05,-9470.3,0
1580,3.9068e+05,-9449.8,0
1581,3.9071e+05,-9429.2,0
1582,3.9074e+05,-9408.5,0
1583,3.9077e+05,-9387.7,0
1584,3.908e+05,-9366.8,0
1585,3.9083e+05,-9345.8,0
1586,3.9086e+05,-9324.7,0
1587,3.9089e+05,-9303.5,0
1588,3.9092e+05,-9282.2,0
1589,3.9095e+05,-9260.8,0
1590,3.9098e+05,-9239.3,0
1591,3.9101e+05,-9217.7,0
1592,3.9104e+05,-9196,0
1593,3.9107e+05,-9174.2,0
1594,3.911e+05,-9152.3,0
1595,3.9113e+05,-9130.3,0
1596,3.9116e+05,-9108.2,0
1597,3.9119e+05,-9086.1,0
1598,3.9122e+05,-9063.8,0
1599,3.9125e+05,-9041.4,0
1600,3.9128e+05,-9019,0
1601,3.9131e+05,-8996.4,0
1602,3.9133e+05,-8973.7,0
1603,3.9136e+05,-8951,0
1604,3.9139e+05,-8928.1,0
1605,3.9142e+05,-8905.2,0
1606,3.9145e+05,-8882.2,0
1607,3.9148e+05,-8859,0
1608,3.9151e+05,-8835.8,0
1609,3.9154e+05,-8812.5,0
1610,3.9156e+05,-8789.1,0
1611,3.9159e+05,-8765.6,0
1612,3.9162e+05,-8742,0
1613,3.9165e+05,-8718.3,0
1614,3.9168e+05,-8694.5,0
1615,3.9171e+05,-8670.6,0
1616,3.9173e+05,-8646.7,0
1617,3.9176e+05,-8622.6,0
1618,3.9179e+05,-8598.5,0
1619,3.9182e+05,-8574.2,0
1620,3.9184e+05,-8549.9,0
1621,3.9187e+05,-8525.5,0
1622,3.919e+05,-8501,0
1623,3.9193e+05,-8476.4,0
1624,3.9195e+05,-8451.7,0
1625,3.9198e+05,-8426.9,0
1626,3.9201e+05,-8402,0
1627,3.9204e+05,-8377.1,0
1628,3.9206e+05,-8352,0
1629,3.9209e+05,-8326.9,0
1630,3.9212e+05,-8301.6,0
1631,3.9214e+05,-8276.3,0
1632,3.9217e+05,-8250.9,0
1633,3.922e+05,-8225.4,0
1634,3.9222e+05,-8199.9,0
1635,3.9225e+05,-8174.2,0
1636,3.9228e+05,-8148.4,0
1637,3.923e+05,-8122.6,0
1638,3.9233e+05,-8096.7,0
1639,3.9236e+05,-8070.7,0
1640,3.9238e+05,-8044.6,0
1641,3.9241e+05,-8018.4,0
1642,3.9243e+05,-7992.1,0
1643,3.9246e+05,-7965.8,0
1644,3.9249e+05,-7939.3,0
1645,3.9251e+05,-7912.8,0
1646,3.9254e+05,-7886.2,0
1647,3.9256e+05,-7859.5,0
1648,3.9259e+05,-7832.7,0
1649,3.9261e+05,-7805.9,0
1650,3.9264e+05,-7778.9,0
1651,3.9266e+05,-7751.9,0
1652,3.9269e+05,-7724.8,0
1653,3.9271e+05,-7697.6,0
1654,3.9274e+05,-7670.4,0
1655,3.9276e+05,-7643,0
1656,3.9279e+05,-7615.6,0
1657,3.9281e+05,-7588.1,0
1658,3.9284e+05,-7560.5,0
1659,3.9286e+05,-7532.8,0
1660,3.9289e+05,-7505.1,0
1661,3.9291e+05,-7477.2,0
1662,3.9293e+05,-7449.3,0
1663,3.9296e+05,-7421.3,0
1664,3.9298e+05,-7393.3,0
1665,3.9301e+05,-7365.1,0
1666,3.9303e+05,-7336.9,0
1667,3.9305e+05,-7308.6,0
1668,3.9308e+05,-7280.2,0
1669,3.931e+05,-7251.7,0
1670,3.9312e+05,-7223.2,0
1671,3.9315e+05,-7194.6,0
1672,3.9317e+05,-7165.9,0
1673,3.9319e+05,-7137.1,0
1674,3.9322e+05,-7108.3,0
1675,3.9324e+05,-7079.4,0
1676,3.9326e+05,-7050.4,0
1677,3.9329e+05,-7021.3,0
1678,3.9331e+05,-6992.1,0
1679,3.9333e+05,-6962.9,0
1680,3.9335e+05,-6933.6,0
1681,3.9338e+05,-6904.3,0
1682,3.934e+05,-6874.8,0
1683,3.9342e+05,-6845.3,0
1684,3.9344e+05,-6815.7,0
1685,3.9346e+05,-6786.1,0
1686,3.9349e+05,-6756.3,0
1687,3.9351e+05,-6726.5,0
1688,3.9353e+05,-6696.7,0
1689,3.9355e+05,-6666.7,0
1690,3.9357e+05,-6636.7,0
1691,3.9359e+05,-6606.6,0
1692,3.9362e+05,-6576.5,0
1693,3.9364e+05,-6546.2,0
1694,3.9366e+05,-6515.9,0
1695,3.9368e+05,-6485.6,0
1696,3.937e+05,-6455.1,0
1697,3.9372e+05,-6424.6,0
1698,3.9374e+05,-6394,0
1699,3.9376e+05,-6363.4,0
1700,3.9378e+05,-6332.7,0
1701,3.938e+05,-6301.9,0
1702,3.9382e+05,-6271.1,0
1703,3.9384e+05,-6240.2,0
1704,3.9386e+05,-6209.2,0
1705,3.9388e+05,-6178.1,0
1706,3.939e+05,-6147,0
1707,3.9392e+05,-6115.8,0
1708,3.9394e+05,-6084.6,0
1709,3.9396e+05,-6053.3,0
1710,3.9398e+05,-6021.9,0
1711,3.94e+05,-5990.5,0
1712,3.9402e+05,-5959,0
1713,3.9404e+05,-5927.4,0
1714,3.9406e+05,-5895.8,0
1715,3.9408e+05,-5864.1,0
1716,3.941e+05,-5832.4,0
1717,3.9412e+05,-5800.6,0
1718,3.9414e+05,-5768.7,0
1719,3.9415e+05,-5736.7,0
1720,3.9417e+05,-5704.8,0
1721,3.9419e+05,-5672.7,0
1722,3.9421e+05,-5640.6,0
1723,3.9423e+05,-5608.4,0
1724,3.9425e+05,-5576.2,0
1725,3.9426e+05,-5543.9,0
1726,3.9428e+05,-5511.5,0
1727,3.943e+05,-5479.1,0
1728,3.9432e+05,-5446.6,0
1729,3.9434e+05,-5414.1,0
1730,3.9435e+05,-5381.5,0
1731,3.9437e+05,-5348.8,0
1732,3.9439e+05,-5316.1,0
1733,3.944e+05,-5283.4,0
1734,3.9442e+05,-5250.5,0
1735,3.9444e+05,-5217.7,0
1736,3.9446e+05,-5184.7,0
1737,3.9447e+05,-5151.8,0
1738,3.9449e+05,-5118.7,0
1739,3.9451e+05,-5085.6,0
1740,3.9452e+05,-5052.5,0
1741,3.9454e+05,-5019.3,0
1742,3.9455e+05,-4986,0
1743,3.9457e+05,-4952.7,0
1744,3.9459e+05,-4919.3,0
1745,3.946e+05,-4885.9,0
1746,3.9462e+05,-4852.4,0
1747,3.9463e+05,-4818.9,0
1748,3.9465e+05,-4785.4,0
1749,3.9466e+05,-4751.7,0
1750,3.9468e+05,-4718.1,0
1751,3.947e+05,-4684.3,0
1752,3.9471e+05,-4650.6,0
1753,3.9473e+05,-4616.7,0
1754,3.9474e+05,-4582.9,0
1755,3.9476e+05,-4548.9,0
1756,3.9477e+05,-4515,0
1757,3.9478e+05,-4480.9,0
1758,3.948e+05,-4446.9,0
1759,3.9481e+05,-4412.8,0
1760,3.9483e+05,-4378.6,0
1761,3.9484e+05,-4344.4,0
1762,3.9486e+05,-4310.1,0
1763,3.9487e+05,-4275.8,0
1764,3.9488e+05,-4241.5,0
1765,3.949e+05,-4207.1,0
1766,3.9491e+05,-4172.7,0
1767,3.9492e+05,-4138.2,0
1768,3.9494e+05,-4103.6,0
1769,3.9495e+05,-4069.1,0
1770,3.9496e+05,-4034.5,0
1771,3.9498e+05,-3999.8,0
1772,3.9499e+05,-3965.1,0
1773,3.95e+05,-3930.4,0
1774,3.9502e+05,-3895.6,0
1775,3.9503e+05,-3860.8,0
1776,3.9504e+05,-3825.9,0
1777,3.9505e+05,-3791,0
1778,3.9506e+05,-3756,0
1779,3.9508e+05,-3721,0
1780,3.9509e+05,-3686,0
1781,3.951e+05,-3650.9,0
1782,3.9511e+05,-3615.8,0
1783,3.9512e+05,-3580.7,0
1784,3.9514e+05,-3545.5,0
1785,3.9515e+05,-3510.3,0
1786,3.9516e+05,-3475,0
1787,3.9517e+05,-3439.7,0
1788,3.9518e+05,-3404.4,0
1789,3.9519e+05,-3369,0
1790,3.952e+05,-3333.6,0
1791,3.9521e+05,-3298.2,0
1792,3.9522e+05,-3262.7,0
1793,3.9523e+05,-3227.2,0
1794,3.9525e+05,-3191.6,0
1795,3.9526e+05,-3156.1,0
1796,3.9527e+05,-3120.4,0
1797,3.9528e+05,-3084.8,0
1798,3.9529e+05,-3049.1,0
1799,3.953e+05,-3013.4,0
1800,3.9531e+05,-2977.7,0
1801,3.9531e+05,-2941.9,0
1802,3.9532e+05,-2906.1,0
1803,3.9533e+05,-2870.2,0
1804,3.9534e+05,-2834.4,0
1805,3.9535e+05,-2798.5,0
1806,3.9536e+05,-2762.5,0
1807,3.9537e+05,-2726.6,0
1808,3.9538e+05,-2690.6,0
1809,3.9539e+05,-2654.6,0
1810,3.954e+05,-2618.5,0
1811,3.954e+05,-2582.4,0
1812,3.9541e+05,-2546.3,0
1813,3.9542e+05,-2510.2,0
1814,3.9543e+05,-2474,0
1815,3.9544e+05,-2437.9,0
1816,3.9544e+05,-2401.6,0
1817,3.9545e+05,-2365.4,0
1818,3.9546e+05,-2329.1,0
1819,3.9547e+05,-2292.9,0
1820,3.9547e+05,-2256.5,0
1821,3.9548e+05,-2220.2,0
1822,3.9549e+05,-2183.9,0
1823,3.955e+05,-2147.5,0
1824,3.955e+05,-2111.1,0
1825,3.9551e+05,-2074.6,0
1826,3.9552e+05,-2038.2,0
1827,3.9552e+05,-2001.7,0
1828,3.9553e+05,-1965.2,0
1829,3.9554e+05,-1928.7,0
1830,3.9554e+05,-1892.2,0
1831,3.9555e+05,-1855.6,0
1832,3.9555e+05,-1819,0
1833,3.9556e+05,-1782.5,0
1834,3.9557e+05,-1745.8,0
1835,3.9557e+05,-1709.2,0
1836,3.9558e+05,-1672.6,0
1837,3.9558e+05,-1635.9,0
1838,3.9559e+05,-1599.2,0
1839,3.9559e+05,-1562.5,0
1840,3.956e+05,-1525.8,0
1841,3.956e+05,-1489,0
1842,3.9561e+05,-1452.3,0
1843,3.9561e+05,-1415.5,0
1844,3.9562e+05,-1378.7,0
1845,3.9562e+05,-1341.9,0
1846,3.9563e+05,-1305.1,0
1847,3.9563e+05,-1268.3,0
1848,3.9563e+05,-1231.5,0
1849,3.9564e+05,-1194.6,0
1850,3.9564e+05,-1157.7,0
1851,3.9564e+05,-1120.9,0
1852,3.9565e+05,-1084,0
1853,3.9565e+05,-1047.1,0
1854,3.9566e+05,-1010.2,0
1855,3.9566e+05,-973.23,0
1856,3.9566e+05,-936.3,0
1857,3.9566e+05,-899.35,0
1858,3.9567e+05,-862.4,0
1859,3.9567e+05,-825.44,0
1860,3.9567e+05,-788.46,0
1861,3.9568e+05,-751.48,0
1862,3.9568e+05,-714.49,0
1863,3.9568e+05,-677.5,0
1864,3.9568e+05,-640.49,0
1865,3.9568e+05,-603.48,0
1866,3.9569e+05,-566.47,0
1867,3.9569e+05,-529.44,0
1868,3.9569e+05,-492.42,0
1869,3.9569e+05,-455.38,0
1870,3.9569e+05,-418.34,0
1871,3.9569e+05,-381.3,0
1872,3.9569e+05,-344.25,0
1873,3.957e+05,-307.2,0
1874,3.957e+05,-270.15,0
1875,3.957e+05,-233.09,0
1876,3.957e+05,-196.03,0
1877,3.957e+05,-158.97,0
1878,3.957e+05,-121.9,0
1879,3.957e+05,-84.839,0
1880,3.957e+05,-47.773,0
1881,3.957e+05,-10.707,0
1882,3.957e+05,26.36,0
1883,3.957e+05,63.426,0
1884,3.957e+05,100.49,0
1885,3.957e+05,137.56,0
1886,3.957e+05,174.62,0
1887,3.957e+05,211.68,0
1888,3.957e+05,248.74,0
1889,3.957e+05,285.79,0
1890,3.957e+05,322.85,0
1891,3.9569e+05,359.9,0
1892,3.9569e+05,396.94,0
1893,3.9569e+05,433.98,0
1894,3.9569e+05,471.02,0
1895,3.9569e+05,508.05,0
1896,3.9569e+05,545.08,0
1897,3.9569e+05,582.1,0
1898,3.9568e+05,619.11,0
1899,3.9568e+05,656.12,0
1900,3.9568e+05,693.12,0
1901,3.9568e+05,730.12,0
1902,3.9567e+05,767.1,0
1903,3.9567e+05,804.08,0
1904,3.9567e+05,841.05,0
1905,3.9567e+05,878.01,0
1906,3.9566e+05,914.96,0
1907,3.9566e+05,951.9,0
1908,3.9566e+05,988.83,0
1909,3.9565e+05,1025.7,0
1910,3.9565e+05,1062.7,0
1911,3.9565e+05,1099.6,0
1912,3.9564e+05,1136.4,0
1913,3.9564e+05,1173.3,0
1914,3.9564e+05,1210.2,0
1915,3.9563e+05,1247,0
1916,3.9563e+05,1283.9,0
1917,3.9562e+05,1320.7,0
1918,3.9562e+05,1357.5,0
1919,3.9561e+05,1394.3,0
1920,3.9561e+05,1431,0
1921,3.9561e+05,1467.8,0
1922,3.956e+05,1504.6,0
1923,3.956e+05,1541.3,0
1924,3.9559e+05,1578,0
1925,3.9559e+05,1614.7,0
1926,3.9558e+05,1651.4,0
1927,3.9557e+05,1688,0
1928,3.9557e+05,1724.7,0
1929,3.9556e+05,1761.3,0
1930,3.9556e+05,1797.9,0
1931,3.9555e+05,1834.5,0
1932,3.9555e+05,1871.1,0
1933,3.9554e+05,1907.6,0
1934,3.9553e+05,1944.1,0
1935,3.9553e+05,1980.6,0
